col,row,px_left,px_top,px_right,px_bottom,world_x_min,world_x_max,world_y_min,world_y_max,walkable,connectivity,isovist_area_px,isovist_perimeter,integration_hh_t,integration_hh_m,choice_t,occ_all,occ_ct,occ_t,occ_early,kills,kills_ct,kills_t,flow,visits_rounds
5,1,80,16,96,32,-2124.0,-2053.6,3098.2,3168.6,1,225,57600.0,131.0,5.5779,0.0117,52.2697,6.0,1.0,5.0,0.0,0.0,0.0,0.0,4,2
6,1,96,16,112,32,-2053.6,-1983.2,3098.2,3168.6,1,208,53248.0,119.0,5.5135,0.0118,31.8091,16.0,0.0,16.0,0.0,0.0,0.0,0.0,2,1
5,2,80,32,96,48,-2124.0,-2053.6,3027.8,3098.2,1,270,69120.0,163.0,6.3098,0.0119,109.7533,165.0,74.0,91.0,0.0,1.0,1.0,0.0,23,4
6,2,96,32,112,48,-2053.6,-1983.2,3027.8,3098.2,1,234,59904.0,129.0,5.587,0.012,44.4885,2.0,0.0,2.0,0.0,0.0,0.0,0.0,2,1
7,2,112,32,128,48,-1983.2,-1912.8,3027.8,3098.2,1,204,52224.0,117.0,5.5064,0.0121,29.7483,0.0,0.0,0.0,0.0,0.0,0.0,0.0,0,0
8,2,128,32,144,48,-1912.8,-1842.4,3027.8,3098.2,1,154,39424.0,110.0,5.4195,0.0122,15.08,0.0,0.0,0.0,0.0,0.0,0.0,0.0,0,0
50,2,800,32,816,48,1044.0,1114.4,3027.8,3098.2,1,294,75264.0,157.0,6.2729,0.0127,28.4904,694.0,589.0,105.0,0.0,0.0,0.0,0.0,59,9
51,2,816,32,832,48,1114.4,1184.8,3027.8,3098.2,1,324,82944.0,165.0,6.3659,0.0127,51.3127,342.0,305.0,37.0,0.0,3.0,2.0,1.0,52,11
52,2,832,32,848,48,1184.8,1255.2,3027.8,3098.2,1,368,94208.0,196.0,7.3028,0.0126,410.8119,169.0,158.0,11.0,0.0,0.0,0.0,0.0,36,8
53,2,848,32,864,48,1255.2,1325.6,3027.8,3098.2,1,380,97280.0,193.0,6.7355,0.0124,143.776,10.0,6.0,4.0,0.0,0.0,0.0,0.0,18,3
54,2,864,32,880,48,1325.6,1396.0,3027.8,3098.2,1,401,102656.0,206.0,7.375,0.0123,212.3039,3.0,0.0,3.0,0.0,0.0,0.0,0.0,4,1
55,2,880,32,896,48,1396.0,1466.4,3027.8,3098.2,1,429,109824.0,225.0,7.4941,0.0121,294.7095,4.0,0.0,4.0,0.0,0.0,0.0,0.0,4,1
56,2,896,32,912,48,1466.4,1536.8,3027.8,3098.2,1,450,115200.0,224.0,7.5634,0.012,350.5393,1.0,0.0,1.0,0.0,0.0,0.0,0.0,2,1
57,2,912,32,928,48,1536.8,1607.2,3027.8,3098.2,1,454,116224.0,225.0,7.5767,0.0118,374.4257,0.0,0.0,0.0,0.0,0.0,0.0,0.0,0,0
5,3,80,48,96,64,-2124.0,-2053.6,2957.4,3027.8,1,358,91648.0,199.0,6.8566,0.0121,231.2826,69.0,67.0,2.0,0.0,0.0,0.0,0.0,32,6
6,3,96,48,112,64,-2053.6,-1983.2,2957.4,3027.8,1,304,77824.0,168.0,6.3944,0.0122,126.2856,13.0,7.0,6.0,0.0,0.0,0.0,0.0,18,4
7,3,112,48,128,64,-1983.2,-1912.8,2957.4,3027.8,1,244,62464.0,135.0,5.6291,0.0124,50.1494,2.0,2.0,0.0,0.0,0.0,0.0,0.0,2,1
8,3,128,48,144,64,-1912.8,-1842.4,2957.4,3027.8,1,186,47616.0,114.0,5.4748,0.0125,24.554,0.0,0.0,0.0,0.0,0.0,0.0,0.0,0,0
50,3,800,48,816,64,1044.0,1114.4,2957.4,3027.8,1,300,76800.0,158.0,6.2867,0.013,33.338,95.0,42.0,53.0,0.0,0.0,0.0,0.0,58,12
51,3,816,48,832,64,1114.4,1184.8,2957.4,3027.8,1,352,90112.0,197.0,7.2382,0.0129,374.7322,24.0,19.0,5.0,0.0,0.0,0.0,0.0,30,9
52,3,832,48,848,64,1184.8,1255.2,2957.4,3027.8,1,390,99840.0,193.0,6.7621,0.0128,154.7113,26.0,12.0,14.0,0.0,0.0,0.0,0.0,32,11
53,3,848,48,864,64,1255.2,1325.6,2957.4,3027.8,1,420,107520.0,227.0,7.4647,0.0127,255.5925,94.0,74.0,20.0,0.0,1.0,0.0,1.0,19,6
54,3,864,48,880,64,1325.6,1396.0,2957.4,3027.8,1,457,116992.0,228.0,7.5868,0.0125,346.4677,4.0,0.0,4.0,0.0,1.0,0.0,1.0,6,1
55,3,880,48,896,64,1396.0,1466.4,2957.4,3027.8,1,464,118784.0,227.0,7.6103,0.0123,366.7999,2.0,0.0,2.0,0.0,0.0,0.0,0.0,2,1
56,3,896,48,912,64,1466.4,1536.8,2957.4,3027.8,1,464,118784.0,226.0,7.6103,0.0122,367.6006,2.0,0.0,2.0,0.0,0.0,0.0,0.0,2,1
57,3,912,48,928,64,1536.8,1607.2,2957.4,3027.8,1,466,119296.0,227.0,7.6171,0.012,394.74,0.0,0.0,0.0,0.0,0.0,0.0,0.0,0,0
5,4,80,64,96,80,-2124.0,-2053.6,2887.0,2957.4,1,380,97280.0,200.0,6.9313,0.0122,258.6845,472.0,472.0,0.0,1.0,1.0,1.0,0.0,38,9
6,4,96,64,112,80,-2053.6,-1983.2,2887.0,2957.4,1,379,97024.0,198.0,6.9257,0.0124,228.2657,354.0,351.0,3.0,32.0,4.0,4.0,0.0,78,16
7,4,112,64,128,80,-1983.2,-1912.8,2887.0,2957.4,1,377,96512.0,198.0,6.9229,0.0126,223.2645,43.0,38.0,5.0,4.0,0.0,0.0,0.0,58,15
8,4,128,64,144,80,-1912.8,-1842.4,2887.0,2957.4,1,306,78336.0,168.0,6.4015,0.0127,126.6775,0.0,0.0,0.0,0.0,0.0,0.0,0.0,0,0
50,4,800,64,816,80,1044.0,1114.4,2887.0,2957.4,1,317,81152.0,164.0,6.3494,0.0133,50.4379,55.0,38.0,17.0,0.0,0.0,0.0,0.0,40,12
51,4,816,64,832,80,1114.4,1184.8,2887.0,2957.4,1,392,100352.0,204.0,6.7834,0.0132,164.9253,50.0,30.0,20.0,7.0,0.0,0.0,0.0,48,17
52,4,832,64,848,80,1184.8,1255.2,2887.0,2957.4,1,461,118016.0,229.0,7.6002,0.0131,349.8622,29.0,17.0,12.0,3.0,0.0,0.0,0.0,38,11
53,4,848,64,864,80,1255.2,1325.6,2887.0,2957.4,1,472,120832.0,231.0,7.6374,0.0129,367.188,131.0,126.0,5.0,3.0,1.0,1.0,0.0,25,9
54,4,864,64,880,80,1325.6,1396.0,2887.0,2957.4,1,476,121856.0,228.0,7.651,0.0127,363.0483,13.0,1.0,12.0,0.0,0.0,0.0,0.0,18,5
55,4,880,64,896,80,1396.0,1466.4,2887.0,2957.4,1,480,122880.0,228.0,7.6647,0.0125,380.559,13.0,0.0,13.0,0.0,0.0,0.0,0.0,14,4
56,4,896,64,912,80,1466.4,1536.8,2887.0,2957.4,1,479,122624.0,227.0,7.6613,0.0124,396.0998,5.0,0.0,5.0,0.0,1.0,0.0,1.0,3,2
57,4,912,64,928,80,1536.8,1607.2,2887.0,2957.4,1,478,122368.0,229.0,7.6578,0.0122,425.8713,0.0,0.0,0.0,0.0,0.0,0.0,0.0,0,0
5,5,80,80,96,96,-2124.0,-2053.6,2816.6,2887.0,1,387,99072.0,200.0,6.951,0.0124,256.1061,0.0,0.0,0.0,0.0,0.0,0.0,0.0,0,0
6,5,96,80,112,96,-2053.6,-1983.2,2816.6,2887.0,1,386,98816.0,198.0,6.9482,0.0126,225.5535,12.0,12.0,0.0,0.0,0.0,0.0,0.0,10,4
7,5,112,80,128,96,-1983.2,-1912.8,2816.6,2887.0,1,385,98560.0,197.0,6.9453,0.0128,223.6688,113.0,107.0,6.0,6.0,0.0,0.0,0.0,112,24
8,5,128,80,144,96,-1912.8,-1842.4,2816.6,2887.0,1,386,98816.0,198.0,6.9482,0.013,232.2096,185.0,182.0,3.0,8.0,0.0,0.0,0.0,136,23
9,5,144,80,160,96,-1842.4,-1772.0,2816.6,2887.0,1,382,97792.0,198.0,6.9369,0.0131,211.4573,177.0,172.0,5.0,8.0,0.0,0.0,0.0,163,25
10,5,160,80,176,96,-1772.0,-1701.6,2816.6,2887.0,1,370,94720.0,195.0,6.8979,0.0133,178.3528,220.0,216.0,4.0,8.0,0.0,0.0,0.0,134,27
11,5,176,80,192,96,-1701.6,-1631.2,2816.6,2887.0,1,359,91904.0,189.0,6.8703,0.0135,159.1705,915.0,900.0,15.0,100.0,3.0,3.0,0.0,568,49
12,5,192,80,208,96,-1631.2,-1560.8,2816.6,2887.0,1,346,88576.0,177.0,6.611,0.0136,151.6575,1088.0,1070.0,18.0,86.0,2.0,2.0,0.0,970,50
13,5,208,80,224,96,-1560.8,-1490.4,2816.6,2887.0,1,335,85760.0,180.0,6.5806,0.0138,180.3205,649.0,626.0,23.0,58.0,2.0,1.0,1.0,622,53
50,5,800,80,816,96,1044.0,1114.4,2816.6,2887.0,1,447,114432.0,239.0,7.8793,0.0136,553.4173,70.0,47.0,23.0,0.0,0.0,0.0,0.0,44,15
51,5,816,80,832,96,1114.4,1184.8,2816.6,2887.0,1,478,122368.0,232.0,7.6578,0.0135,372.6245,49.0,16.0,33.0,1.0,0.0,0.0,0.0,60,18
52,5,832,80,848,96,1184.8,1255.2,2816.6,2887.0,1,488,124928.0,231.0,7.6922,0.0133,377.8446,39.0,24.0,15.0,2.0,0.0,0.0,0.0,54,18
53,5,848,80,864,96,1255.2,1325.6,2816.6,2887.0,1,488,124928.0,233.0,7.6922,0.0131,373.5567,10.0,7.0,3.0,0.0,0.0,0.0,0.0,14,6
54,5,864,80,880,96,1325.6,1396.0,2816.6,2887.0,1,490,125440.0,231.0,7.6991,0.0129,387.4369,5.0,1.0,4.0,0.0,0.0,0.0,0.0,8,3
55,5,880,80,896,96,1396.0,1466.4,2816.6,2887.0,1,491,125696.0,232.0,7.7025,0.0127,401.7464,10.0,0.0,10.0,0.0,1.0,0.0,1.0,10,3
56,5,896,80,912,96,1466.4,1536.8,2816.6,2887.0,1,490,125440.0,230.0,7.6991,0.0126,416.6295,4.0,0.0,4.0,0.0,0.0,0.0,0.0,6,3
57,5,912,80,928,96,1536.8,1607.2,2816.6,2887.0,1,485,124160.0,230.0,7.6818,0.0124,418.0259,0.0,0.0,0.0,0.0,0.0,0.0,0.0,0,0
5,6,80,96,96,112,-2124.0,-2053.6,2746.2,2816.6,1,392,100352.0,203.0,6.9707,0.0126,281.6727,0.0,0.0,0.0,0.0,0.0,0.0,0.0,0,0
6,6,96,96,112,112,-2053.6,-1983.2,2746.2,2816.6,1,392,100352.0,201.0,6.9679,0.0128,235.5154,11.0,11.0,0.0,0.0,0.0,0.0,0.0,2,1
7,6,112,96,128,112,-1983.2,-1912.8,2746.2,2816.6,1,393,100608.0,200.0,6.9679,0.013,237.3486,284.0,279.0,5.0,17.0,0.0,0.0,0.0,42,13
8,6,128,96,144,112,-1912.8,-1842.4,2746.2,2816.6,1,392,100352.0,200.0,6.9651,0.0132,233.1135,89.0,86.0,3.0,2.0,0.0,0.0,0.0,90,19
9,6,144,96,160,112,-1842.4,-1772.0,2746.2,2816.6,1,390,99840.0,199.0,6.9594,0.0133,223.8021,109.0,108.0,1.0,7.0,0.0,0.0,0.0,94,20
10,6,160,96,176,112,-1772.0,-1701.6,2746.2,2816.6,1,385,98560.0,200.0,6.9453,0.0135,205.8437,79.0,79.0,0.0,9.0,0.0,0.0,0.0,72,23
11,6,176,96,192,112,-1701.6,-1631.2,2746.2,2816.6,1,379,97024.0,197.0,6.9397,0.0137,185.0649,131.0,120.0,11.0,19.0,0.0,0.0,0.0,182,45
12,6,192,96,208,112,-1631.2,-1560.8,2746.2,2816.6,1,371,94976.0,194.0,6.9174,0.0139,158.1586,975.0,965.0,10.0,27.0,1.0,1.0,0.0,365,48
13,6,208,96,224,112,-1560.8,-1490.4,2746.2,2816.6,1,367,93952.0,193.0,6.9313,0.014,260.9339,421.0,391.0,30.0,21.0,0.0,0.0,0.0,480,51
14,6,224,96,240,112,-1490.4,-1420.0,2746.2,2816.6,1,356,91136.0,191.0,6.8648,0.0142,200.0861,310.0,283.0,27.0,46.0,2.0,1.0,1.0,334,51
15,6,240,96,256,112,-1420.0,-1349.6,2746.2,2816.6,1,333,85248.0,169.0,6.5655,0.0143,148.0013,265.0,250.0,15.0,0.0,0.0,0.0,0.0,52,15
39,6,624,96,640,112,269.6,340.0,2746.2,2816.6,1,343,87808.0,215.0,7.7652,0.0151,397.9291,0.0,0.0,0.0,0.0,0.0,0.0,0.0,0,0
40,6,640,96,656,112,340.0,410.4,2746.2,2816.6,1,374,95744.0,247.0,8.2187,0.0151,623.5846,0.0,0.0,0.0,0.0,0.0,0.0,0.0,0,0
41,6,656,96,672,112,410.4,480.8,2746.2,2816.6,1,397,101632.0,268.0,8.3792,0.0151,863.0822,26.0,2.0,24.0,0.0,0.0,0.0,0.0,6,3
42,6,672,96,688,112,480.8,551.2,2746.2,2816.6,1,388,99328.0,270.0,8.3385,0.015,757.5131,29.0,9.0,20.0,0.0,0.0,0.0,0.0,34,12
43,6,688,96,704,112,551.2,621.6,2746.2,2816.6,1,371,94976.0,196.0,7.9522,0.0149,343.3698,198.0,113.0,85.0,0.0,0.0,0.0,0.0,23,8
44,6,704,96,720,112,621.6,692.0,2746.2,2816.6,1,371,94976.0,187.0,7.455,0.0148,265.4136,0.0,0.0,0.0,0.0,0.0,0.0,0.0,0,0
45,6,720,96,736,112,692.0,762.4,2746.2,2816.6,1,374,95744.0,194.0,7.4908,0.0147,265.0308,6.0,5.0,1.0,0.0,0.0,0.0,0.0,4,2
46,6,736,96,752,112,762.4,832.8,2746.2,2816.6,1,381,97536.0,212.0,7.634,0.0146,293.8735,74.0,54.0,20.0,0.0,0.0,0.0,0.0,14,6
47,6,752,96,768,112,832.8,903.2,2746.2,2816.6,1,404,103424.0,234.0,7.7407,0.0144,404.5355,39.0,34.0,5.0,0.0,0.0,0.0,0.0,12,5
48,6,768,96,784,112,903.2,973.6,2746.2,2816.6,1,434,111104.0,243.0,7.8468,0.0142,556.548,11.0,6.0,5.0,0.0,0.0,0.0,0.0,10,3
49,6,784,96,800,112,973.6,1044.0,2746.2,2816.6,1,463,118528.0,243.0,7.9412,0.0141,461.0658,9.0,6.0,3.0,0.0,1.0,0.0,1.0,12,5
50,6,800,96,816,112,1044.0,1114.4,2746.2,2816.6,1,480,122880.0,236.0,7.6647,0.0139,370.2125,134.0,90.0,44.0,1.0,2.0,1.0,1.0,67,20
51,6,816,96,832,112,1114.4,1184.8,2746.2,2816.6,1,488,124928.0,234.0,7.6922,0.0137,372.012,49.0,15.0,34.0,0.0,0.0,0.0,0.0,63,22
52,6,832,96,848,112,1184.8,1255.2,2746.2,2816.6,1,499,127744.0,236.0,7.7303,0.0135,397.3075,94.0,65.0,29.0,1.0,1.0,0.0,1.0,130,30
53,6,848,96,864,112,1255.2,1325.6,2746.2,2816.6,1,496,126976.0,232.0,7.7198,0.0133,387.5506,257.0,228.0,29.0,0.0,2.0,1.0,1.0,141,37
54,6,864,96,880,112,1325.6,1396.0,2746.2,2816.6,1,502,128512.0,235.0,7.7407,0.0131,412.7821,77.0,66.0,11.0,0.0,1.0,1.0,0.0,52,9
55,6,880,96,896,112,1396.0,1466.4,2746.2,2816.6,1,499,127744.0,235.0,7.7303,0.0129,405.8023,18.0,12.0,6.0,0.0,2.0,2.0,0.0,14,5
56,6,896,96,912,112,1466.4,1536.8,2746.2,2816.6,1,493,126208.0,234.0,7.7129,0.0127,408.2258,22.0,4.0,18.0,0.0,0.0,0.0,0.0,17,3
57,6,912,96,928,112,1536.8,1607.2,2746.2,2816.6,1,492,125952.0,234.0,7.7094,0.0126,442.4172,2.0,0.0,2.0,0.0,0.0,0.0,0.0,2,1
5,7,80,112,96,128,-2124.0,-2053.6,2675.8,2746.2,1,409,104704.0,240.0,8.2187,0.0128,501.1681,0.0,0.0,0.0,0.0,0.0,0.0,0.0,0,0
6,7,96,112,112,128,-2053.6,-1983.2,2675.8,2746.2,1,407,104192.0,231.0,8.1991,0.013,442.9405,0.0,0.0,0.0,0.0,0.0,0.0,0.0,0,0
7,7,112,112,128,128,-1983.2,-1912.8,2675.8,2746.2,1,404,103424.0,222.0,8.1215,0.0132,362.6117,71.0,68.0,3.0,6.0,0.0,0.0,0.0,26,11
8,7,128,112,144,128,-1912.8,-1842.4,2675.8,2746.2,1,400,102400.0,210.0,7.7828,0.0134,294.7353,46.0,45.0,1.0,4.0,0.0,0.0,0.0,58,18
9,7,144,112,160,128,-1842.4,-1772.0,2675.8,2746.2,1,394,100864.0,204.0,6.9764,0.0136,230.5443,277.0,277.0,0.0,24.0,2.0,2.0,0.0,156,23
10,7,160,112,176,128,-1772.0,-1701.6,2675.8,2746.2,1,392,100352.0,203.0,6.9707,0.0137,207.1738,111.0,108.0,3.0,2.0,0.0,0.0,0.0,118,26
11,7,176,112,192,128,-1701.6,-1631.2,2675.8,2746.2,1,386,98816.0,199.0,6.9482,0.0139,182.9403,88.0,78.0,10.0,12.0,0.0,0.0,0.0,109,33
12,7,192,112,208,128,-1631.2,-1560.8,2675.8,2746.2,1,381,97536.0,195.0,6.9341,0.0141,157.5592,275.0,240.0,35.0,19.0,0.0,0.0,0.0,210,43
13,7,208,112,224,128,-1560.8,-1490.4,2675.8,2746.2,1,378,96768.0,193.0,6.9285,0.0143,169.863,182.0,161.0,21.0,29.0,0.0,0.0,0.0,232,60
14,7,224,112,240,128,-1490.4,-1420.0,2675.8,2746.2,1,372,95232.0,191.0,6.9566,0.0144,237.242,190.0,156.0,34.0,42.0,0.0,0.0,0.0,183,56
15,7,240,112,256,128,-1420.0,-1349.6,2675.8,2746.2,1,375,96000.0,193.0,6.9679,0.0146,183.7789,660.0,606.0,54.0,52.0,2.0,1.0,1.0,284,62
16,7,256,112,272,128,-1349.6,-1279.2,2675.8,2746.2,1,365,93440.0,192.0,6.9202,0.0147,188.4063,332.0,299.0,33.0,73.0,4.0,4.0,0.0,374,76
17,7,272,112,288,128,-1279.2,-1208.8,2675.8,2746.2,1,342,87552.0,174.0,6.5806,0.0148,225.7441,117.0,105.0,12.0,29.0,1.0,0.0,1.0,154,51
18,7,288,112,304,128,-1208.8,-1138.4,2675.8,2746.2,1,318,81408.0,161.0,6.4984,0.0149,243.2669,103.0,100.0,3.0,0.0,0.0,0.0,0.0,78,16
19,7,304,112,320,128,-1138.4,-1068.0,2675.8,2746.2,1,244,62464.0,107.0,5.4765,0.015,5.2797,524.0,524.0,0.0,0.0,0.0,0.0,0.0,59,11
39,7,624,112,640,128,269.6,340.0,2675.8,2746.2,1,356,91136.0,222.0,7.8325,0.0155,409.3471,0.0,0.0,0.0,0.0,0.0,0.0,0.0,0,0
40,7,640,112,656,128,340.0,410.4,2675.8,2746.2,1,395,101120.0,266.0,8.3223,0.0155,842.0872,12.0,0.0,12.0,0.0,1.0,0.0,1.0,8,4
41,7,656,112,672,128,410.4,480.8,2675.8,2746.2,1,404,103424.0,268.0,8.4079,0.0154,815.3267,58.0,6.0,52.0,0.0,0.0,0.0,0.0,52,17
42,7,672,112,688,128,480.8,551.2,2675.8,2746.2,1,397,101632.0,260.0,8.2424,0.0153,529.9618,92.0,26.0,66.0,0.0,0.0,0.0,0.0,72,17
43,7,688,112,704,128,551.2,621.6,2675.8,2746.2,1,380,97280.0,190.0,7.4647,0.0152,279.8266,78.0,7.0,71.0,0.0,1.0,1.0,0.0,52,18
44,7,704,112,720,128,621.6,692.0,2675.8,2746.2,1,379,97024.0,188.0,7.4777,0.0151,241.6918,32.0,3.0,29.0,0.0,0.0,0.0,0.0,26,11
45,7,720,112,736,128,692.0,762.4,2675.8,2746.2,1,384,98304.0,196.0,7.5105,0.015,242.9952,49.0,10.0,39.0,0.0,1.0,1.0,0.0,44,16
46,7,736,112,752,128,762.4,832.8,2675.8,2746.2,1,393,100608.0,203.0,7.5667,0.0148,254.9457,73.0,19.0,54.0,0.0,1.0,0.0,1.0,52,17
47,7,752,112,768,128,832.8,903.2,2675.8,2746.2,1,411,105216.0,231.0,7.7652,0.0147,351.3667,4.0,2.0,2.0,0.0,0.0,0.0,0.0,6,3
48,7,768,112,784,128,903.2,973.6,2675.8,2746.2,1,435,111360.0,242.0,7.8468,0.0145,422.3736,83.0,16.0,67.0,1.0,0.0,0.0,0.0,55,17
49,7,784,112,800,128,973.6,1044.0,2675.8,2746.2,1,458,117248.0,236.0,7.7863,0.0143,403.4736,57.0,20.0,37.0,1.0,1.0,1.0,0.0,71,24
50,7,800,112,816,128,1044.0,1114.4,2675.8,2746.2,1,481,123136.0,235.0,7.6681,0.0141,363.5737,58.0,20.0,38.0,1.0,0.0,0.0,0.0,70,26
51,7,816,112,832,128,1114.4,1184.8,2675.8,2746.2,1,491,125696.0,237.0,7.7025,0.0139,385.0229,105.0,81.0,24.0,0.0,0.0,0.0,0.0,58,20
52,7,832,112,848,128,1184.8,1255.2,2675.8,2746.2,1,500,128000.0,235.0,7.7337,0.0137,400.6615,83.0,41.0,42.0,0.0,2.0,1.0,1.0,73,22
53,7,848,112,864,128,1255.2,1325.6,2675.8,2746.2,1,500,128000.0,237.0,7.7372,0.0135,387.6193,91.0,57.0,34.0,2.0,1.0,1.0,0.0,97,32
54,7,864,112,880,128,1325.6,1396.0,2675.8,2746.2,1,505,129280.0,239.0,7.7582,0.0133,411.7714,173.0,152.0,21.0,0.0,1.0,1.0,0.0,100,22
55,7,880,112,896,128,1396.0,1466.4,2675.8,2746.2,1,503,128768.0,239.0,7.7512,0.0131,420.5959,16.0,7.0,9.0,0.0,0.0,0.0,0.0,19,8
56,7,896,112,912,128,1466.4,1536.8,2675.8,2746.2,1,501,128256.0,242.0,7.7512,0.0129,435.0014,32.0,8.0,24.0,0.0,0.0,0.0,0.0,18,5
57,7,912,112,928,128,1536.8,1607.2,2675.8,2746.2,1,495,126720.0,240.0,7.7303,0.0127,451.8938,11.0,7.0,4.0,0.0,0.0,0.0,0.0,8,2
5,8,80,128,96,144,-2124.0,-2053.6,2605.4,2675.8,1,426,109056.0,257.0,8.3183,0.0129,599.812,1.0,1.0,0.0,0.0,0.0,0.0,0.0,2,1
6,8,96,128,112,144,-2053.6,-1983.2,2605.4,2675.8,1,423,108288.0,257.0,8.3102,0.0131,529.2396,7.0,7.0,0.0,2.0,0.0,0.0,0.0,4,2
7,8,112,128,128,144,-1983.2,-1912.8,2605.4,2675.8,1,420,107520.0,253.0,8.2901,0.0133,530.0455,14.0,12.0,2.0,2.0,0.0,0.0,0.0,20,9
8,8,128,128,144,144,-1912.8,-1842.4,2605.4,2675.8,1,421,107776.0,252.0,8.2942,0.0136,527.8044,16.0,13.0,3.0,2.0,0.0,0.0,0.0,22,11
9,8,144,128,160,144,-1842.4,-1772.0,2605.4,2675.8,1,415,106240.0,246.0,8.2622,0.0137,427.032,57.0,57.0,0.0,5.0,0.0,0.0,0.0,72,16
10,8,160,128,176,144,-1772.0,-1701.6,2605.4,2675.8,1,408,104448.0,239.0,8.203,0.0139,388.3727,86.0,82.0,4.0,5.0,0.0,0.0,0.0,108,37
11,8,176,128,192,144,-1701.6,-1631.2,2605.4,2675.8,1,403,103168.0,228.0,8.1215,0.0141,314.6078,94.0,83.0,11.0,5.0,0.0,0.0,0.0,98,39
12,8,192,128,208,144,-1631.2,-1560.8,2605.4,2675.8,1,393,100608.0,210.0,7.967,0.0143,212.9242,146.0,124.0,22.0,16.0,0.0,0.0,0.0,160,43
13,8,208,128,224,144,-1560.8,-1490.4,2605.4,2675.8,1,386,98816.0,195.0,6.9397,0.0145,161.7052,200.0,170.0,30.0,31.0,0.0,0.0,0.0,220,57
14,8,224,128,240,144,-1490.4,-1420.0,2605.4,2675.8,1,383,98048.0,189.0,6.9341,0.0147,141.3168,303.0,265.0,38.0,29.0,0.0,0.0,0.0,228,62
15,8,240,128,256,144,-1420.0,-1349.6,2605.4,2675.8,1,377,96512.0,177.0,6.8621,0.0148,105.0136,517.0,434.0,83.0,47.0,0.0,0.0,0.0,353,67
16,8,256,128,272,144,-1349.6,-1279.2,2605.4,2675.8,1,379,97024.0,188.0,6.9651,0.015,160.2549,265.0,244.0,21.0,92.0,1.0,1.0,0.0,203,48
17,8,272,128,288,144,-1279.2,-1208.8,2605.4,2675.8,1,379,97024.0,196.0,6.9736,0.0151,213.5999,362.0,287.0,75.0,51.0,1.0,0.0,1.0,290,71
18,8,288,128,304,144,-1208.8,-1138.4,2605.4,2675.8,1,384,98304.0,199.0,6.9877,0.0152,278.5837,194.0,177.0,17.0,58.0,2.0,2.0,0.0,248,71
19,8,304,128,320,144,-1138.4,-1068.0,2605.4,2675.8,1,347,88832.0,169.0,6.5655,0.0153,267.6322,59.0,59.0,0.0,0.0,1.0,1.0,0.0,26,8
39,8,624,128,640,144,269.6,340.0,2605.4,2675.8,1,389,99584.0,263.0,8.2861,0.0159,712.7756,21.0,2.0,19.0,0.0,0.0,0.0,0.0,5,3
40,8,640,128,656,144,340.0,410.4,2605.4,2675.8,1,403,103168.0,268.0,8.3547,0.0158,791.544,63.0,3.0,60.0,0.0,0.0,0.0,0.0,45,14
41,8,656,128,672,144,410.4,480.8,2605.4,2675.8,1,411,105216.0,258.0,8.2982,0.0158,607.1309,93.0,19.0,74.0,0.0,0.0,0.0,0.0,91,22
42,8,672,128,688,144,480.8,551.2,2605.4,2675.8,1,406,103936.0,260.0,8.2782,0.0157,555.7814,55.0,16.0,39.0,0.0,0.0,0.0,0.0,52,20
43,8,688,128,704,144,551.2,621.6,2605.4,2675.8,1,385,98560.0,186.0,7.4583,0.0156,258.7979,70.0,25.0,45.0,0.0,0.0,0.0,0.0,74,24
44,8,704,128,720,144,621.6,692.0,2605.4,2675.8,1,388,99328.0,190.0,7.4875,0.0154,237.1158,66.0,17.0,49.0,0.0,0.0,0.0,0.0,86,28
45,8,720,128,736,144,692.0,762.4,2605.4,2675.8,1,391,100096.0,196.0,7.5039,0.0153,218.803,92.0,28.0,64.0,0.0,0.0,0.0,0.0,92,27
46,8,736,128,752,144,762.4,832.8,2605.4,2675.8,1,396,101376.0,200.0,7.5501,0.0151,206.1268,107.0,25.0,82.0,0.0,0.0,0.0,0.0,124,33
47,8,752,128,768,144,832.8,903.2,2605.4,2675.8,1,409,104704.0,220.0,7.7303,0.015,303.9856,117.0,29.0,88.0,1.0,0.0,0.0,0.0,125,36
48,8,768,128,784,144,903.2,973.6,2605.4,2675.8,1,432,110592.0,241.0,7.829,0.0148,407.1258,97.0,45.0,52.0,1.0,0.0,0.0,0.0,122,33
49,8,784,128,800,144,973.6,1044.0,2605.4,2675.8,1,457,116992.0,230.0,7.5834,0.0146,314.5132,131.0,70.0,61.0,1.0,0.0,0.0,0.0,156,45
50,8,800,128,816,144,1044.0,1114.4,2605.4,2675.8,1,482,123392.0,240.0,7.675,0.0144,368.2113,111.0,68.0,43.0,1.0,0.0,0.0,0.0,154,41
51,8,816,128,832,144,1114.4,1184.8,2605.4,2675.8,1,491,125696.0,241.0,7.7094,0.0141,372.9831,142.0,80.0,62.0,2.0,1.0,0.0,1.0,162,39
52,8,832,128,848,144,1184.8,1255.2,2605.4,2675.8,1,502,128512.0,244.0,7.7547,0.0139,401.6118,190.0,123.0,67.0,2.0,2.0,0.0,2.0,164,45
53,8,848,128,864,144,1255.2,1325.6,2605.4,2675.8,1,503,128768.0,241.0,7.7582,0.0137,400.9847,188.0,145.0,43.0,6.0,2.0,2.0,0.0,175,46
54,8,864,128,880,144,1325.6,1396.0,2605.4,2675.8,1,511,130816.0,245.0,7.7863,0.0135,428.7061,200.0,154.0,46.0,4.0,2.0,2.0,0.0,170,41
55,8,880,128,896,144,1396.0,1466.4,2605.4,2675.8,1,512,131072.0,246.0,7.7793,0.0133,444.7279,57.0,35.0,22.0,4.0,0.0,0.0,0.0,50,15
56,8,896,128,912,144,1466.4,1536.8,2605.4,2675.8,1,511,130816.0,251.0,7.7758,0.0131,469.9731,10.0,7.0,3.0,0.0,0.0,0.0,0.0,12,4
57,8,912,128,928,144,1536.8,1607.2,2605.4,2675.8,1,506,129536.0,250.0,7.7793,0.0129,501.945,11.0,3.0,8.0,0.0,0.0,0.0,0.0,10,4
5,9,80,144,96,160,-2124.0,-2053.6,2535.0,2605.4,1,440,112640.0,254.0,8.3223,0.0131,657.8254,2.0,2.0,0.0,0.0,0.0,0.0,0.0,2,1
6,9,96,144,112,160,-2053.6,-1983.2,2535.0,2605.4,1,436,111616.0,254.0,8.3062,0.0133,585.2976,3.0,3.0,0.0,3.0,0.0,0.0,0.0,4,2
7,9,112,144,128,160,-1983.2,-1912.8,2535.0,2605.4,1,436,111616.0,254.0,8.2982,0.0135,570.0067,135.0,132.0,3.0,21.0,0.0,0.0,0.0,56,14
8,9,128,144,144,160,-1912.8,-1842.4,2535.0,2605.4,1,436,111616.0,258.0,8.3547,0.0137,631.7599,171.0,167.0,4.0,17.0,0.0,0.0,0.0,215,26
9,9,144,144,160,160,-1842.4,-1772.0,2535.0,2605.4,1,430,110080.0,256.0,8.3304,0.0139,539.49,444.0,432.0,12.0,23.0,0.0,0.0,0.0,338,41
10,9,160,144,176,160,-1772.0,-1701.6,2535.0,2605.4,1,425,108800.0,255.0,8.3142,0.0141,475.2519,143.0,113.0,30.0,19.0,0.0,0.0,0.0,119,36
11,9,176,144,192,160,-1701.6,-1631.2,2535.0,2605.4,1,420,107520.0,253.0,8.2901,0.0143,445.3384,273.0,144.0,129.0,32.0,0.0,0.0,0.0,199,40
12,9,192,144,208,160,-1631.2,-1560.8,2535.0,2605.4,1,415,106240.0,247.0,8.2424,0.0145,406.7686,320.0,306.0,14.0,50.0,2.0,2.0,0.0,228,43
13,9,208,144,224,160,-1560.8,-1490.4,2535.0,2605.4,1,409,104704.0,243.0,8.2266,0.0147,359.1255,412.0,362.0,50.0,37.0,1.0,1.0,0.0,265,64
14,9,224,144,240,160,-1490.4,-1420.0,2535.0,2605.4,1,403,103168.0,228.0,8.1292,0.0149,286.4893,130.0,50.0,80.0,12.0,1.0,0.0,1.0,127,35
15,9,240,144,256,160,-1420.0,-1349.6,2535.0,2605.4,1,396,101376.0,217.0,8.0757,0.0151,241.4366,1049.0,153.0,896.0,0.0,2.0,0.0,2.0,131,25
16,9,256,144,272,160,-1349.6,-1279.2,2535.0,2605.4,1,390,99840.0,199.0,7.8865,0.0152,159.813,0.0,0.0,0.0,0.0,0.0,0.0,0.0,0,0
17,9,272,144,288,160,-1279.2,-1208.8,2535.0,2605.4,1,387,99072.0,190.0,6.9877,0.0154,149.0395,86.0,63.0,23.0,4.0,0.0,0.0,0.0,77,26
18,9,288,144,304,160,-1208.8,-1138.4,2535.0,2605.4,1,388,99328.0,197.0,6.9792,0.0155,221.708,172.0,145.0,27.0,45.0,0.0,0.0,0.0,255,69
19,9,304,144,320,160,-1138.4,-1068.0,2535.0,2605.4,1,393,100608.0,197.0,6.9934,0.0156,279.7061,142.0,131.0,11.0,45.0,2.0,2.0,0.0,210,63
20,9,320,144,336,160,-1068.0,-997.6,2535.0,2605.4,1,394,100864.0,194.0,6.9963,0.0158,301.7815,40.0,26.0,14.0,0.0,1.0,0.0,1.0,52,20
21,9,336,144,352,160,-997.6,-927.2,2535.0,2605.4,1,394,100864.0,200.0,6.9963,0.0158,385.7442,23.0,17.0,6.0,0.0,0.0,0.0,0.0,30,14
22,9,352,144,368,160,-927.2,-856.8,2535.0,2605.4,1,387,99072.0,209.0,6.9651,0.0159,540.4163,31.0,25.0,6.0,0.0,0.0,0.0,0.0,20,8
23,9,368,144,384,160,-856.8,-786.4,2535.0,2605.4,1,403,103168.0,224.0,7.5072,0.016,877.0498,19.0,15.0,4.0,0.0,0.0,0.0,0.0,20,6
24,9,384,144,400,160,-786.4,-716.0,2535.0,2605.4,1,416,106496.0,218.0,7.5401,0.0161,1293.0123,30.0,19.0,11.0,0.0,0.0,0.0,0.0,23,9
25,9,400,144,416,160,-716.0,-645.6,2535.0,2605.4,1,412,105472.0,202.0,7.3908,0.0161,1273.5874,165.0,160.0,5.0,34.0,0.0,0.0,0.0,42,11
26,9,416,144,432,160,-645.6,-575.2,2535.0,2605.4,1,444,113664.0,257.0,9.6238,0.0162,3309.4678,116.0,62.0,54.0,8.0,0.0,0.0,0.0,29,10
38,9,608,144,624,160,199.2,269.6,2535.0,2605.4,1,373,95488.0,243.0,7.9156,0.0164,558.5974,22.0,22.0,0.0,0.0,0.0,0.0,0.0,6,3
39,9,624,144,640,160,269.6,340.0,2535.0,2605.4,1,396,101376.0,268.0,8.3142,0.0163,689.4377,88.0,52.0,36.0,0.0,0.0,0.0,0.0,45,14
40,9,640,144,656,160,340.0,410.4,2535.0,2605.4,1,410,104960.0,259.0,8.2463,0.0162,605.4284,214.0,67.0,147.0,0.0,3.0,1.0,2.0,133,29
41,9,656,144,672,160,410.4,480.8,2535.0,2605.4,1,422,108032.0,263.0,8.3425,0.0161,654.9289,79.0,23.0,56.0,0.0,0.0,0.0,0.0,85,24
42,9,672,144,688,160,480.8,551.2,2535.0,2605.4,1,418,107008.0,262.0,8.3263,0.016,576.5056,41.0,7.0,34.0,0.0,0.0,0.0,0.0,12,5
43,9,688,144,704,160,551.2,621.6,2535.0,2605.4,1,393,100608.0,186.0,7.4712,0.0159,246.4165,21.0,4.0,17.0,0.0,0.0,0.0,0.0,24,9
44,9,704,144,720,160,621.6,692.0,2535.0,2605.4,1,393,100608.0,190.0,7.4843,0.0158,231.4801,63.0,35.0,28.0,0.0,0.0,0.0,0.0,67,22
45,9,720,144,736,160,692.0,762.4,2535.0,2605.4,1,395,101120.0,192.0,7.4973,0.0156,204.8027,75.0,57.0,18.0,0.0,1.0,1.0,0.0,80,26
46,9,736,144,752,160,762.4,832.8,2535.0,2605.4,1,397,101632.0,200.0,7.5401,0.0154,227.6017,49.0,31.0,18.0,1.0,0.0,0.0,0.0,77,29
47,9,752,144,768,160,832.8,903.2,2535.0,2605.4,1,404,103424.0,205.0,7.6002,0.0152,201.3391,64.0,44.0,20.0,1.0,1.0,1.0,0.0,80,36
48,9,768,144,784,160,903.2,973.6,2535.0,2605.4,1,422,108032.0,230.0,7.468,0.015,221.8126,186.0,125.0,61.0,2.0,0.0,0.0,0.0,125,41
49,9,784,144,800,160,973.6,1044.0,2535.0,2605.4,1,450,115200.0,239.0,7.5734,0.0148,287.8997,352.0,166.0,186.0,0.0,0.0,0.0,0.0,124,40
50,9,800,144,816,160,1044.0,1114.4,2535.0,2605.4,1,483,123648.0,246.0,7.6887,0.0146,362.4806,206.0,143.0,63.0,0.0,2.0,2.0,0.0,139,35
51,9,816,144,832,160,1114.4,1184.8,2535.0,2605.4,1,498,127488.0,250.0,7.7407,0.0144,408.2079,381.0,248.0,133.0,1.0,2.0,1.0,1.0,238,46
52,9,832,144,848,160,1184.8,1255.2,2535.0,2605.4,1,513,131328.0,256.0,7.967,0.0141,707.7532,416.0,284.0,132.0,0.0,0.0,0.0,0.0,158,47
53,9,848,144,864,160,1255.2,1325.6,2535.0,2605.4,1,515,131840.0,266.0,8.1757,0.0139,571.8234,473.0,325.0,148.0,2.0,4.0,3.0,1.0,324,62
54,9,864,144,880,160,1325.6,1396.0,2535.0,2605.4,1,524,134144.0,275.0,8.2266,0.0137,658.2636,371.0,251.0,120.0,7.0,2.0,1.0,1.0,344,59
55,9,880,144,896,160,1396.0,1466.4,2535.0,2605.4,1,532,136192.0,287.0,8.5545,0.0135,783.0301,128.0,93.0,35.0,1.0,2.0,1.0,1.0,112,32
56,9,896,144,912,160,1466.4,1536.8,2535.0,2605.4,1,532,136192.0,292.0,8.5545,0.0133,851.8951,63.0,44.0,19.0,0.0,1.0,1.0,0.0,49,17
57,9,912,144,928,160,1536.8,1607.2,2535.0,2605.4,1,527,134912.0,293.0,8.5332,0.0131,847.6343,92.0,11.0,81.0,0.0,1.0,0.0,1.0,38,10
5,10,80,160,96,176,-2124.0,-2053.6,2464.6,2535.0,1,455,116480.0,255.0,8.3832,0.0133,758.7135,5.0,5.0,0.0,0.0,0.0,0.0,0.0,2,1
6,10,96,160,112,176,-2053.6,-1983.2,2464.6,2535.0,1,450,115200.0,255.0,8.3628,0.0135,683.0795,20.0,20.0,0.0,7.0,0.0,0.0,0.0,8,4
7,10,112,160,128,176,-1983.2,-1912.8,2464.6,2535.0,1,448,114688.0,253.0,8.3466,0.0137,644.522,160.0,150.0,10.0,7.0,1.0,0.0,1.0,66,25
8,10,128,160,144,176,-1912.8,-1842.4,2464.6,2535.0,1,450,115200.0,255.0,8.3547,0.0139,679.5847,473.0,350.0,123.0,22.0,3.0,2.0,1.0,503,43
9,10,144,160,160,176,-1842.4,-1772.0,2464.6,2535.0,1,446,114176.0,254.0,8.3385,0.0141,609.6791,1154.0,953.0,201.0,58.0,0.0,0.0,0.0,577,43
10,10,160,160,176,176,-1772.0,-1701.6,2464.6,2535.0,1,443,113408.0,255.0,8.3263,0.0143,567.5591,174.0,135.0,39.0,20.0,0.0,0.0,0.0,128,37
11,10,176,160,192,176,-1701.6,-1631.2,2464.6,2535.0,1,434,111104.0,252.0,8.2901,0.0145,470.9373,171.0,81.0,90.0,10.0,1.0,1.0,0.0,135,31
12,10,192,160,208,176,-1631.2,-1560.8,2464.6,2535.0,1,434,111104.0,250.0,8.2782,0.0147,466.7415,111.0,58.0,53.0,26.0,0.0,0.0,0.0,79,21
13,10,208,160,224,176,-1560.8,-1490.4,2464.6,2535.0,1,429,109824.0,241.0,8.2384,0.0149,406.5207,126.0,72.0,54.0,11.0,0.0,0.0,0.0,115,39
14,10,224,160,240,176,-1490.4,-1420.0,2464.6,2535.0,1,423,108288.0,237.0,8.1718,0.0151,352.7785,102.0,48.0,54.0,3.0,0.0,0.0,0.0,84,21
15,10,240,160,256,176,-1420.0,-1349.6,2464.6,2535.0,1,420,107520.0,236.0,8.1601,0.0153,327.9601,133.0,40.0,93.0,0.0,0.0,0.0,0.0,72,19
16,10,256,160,272,176,-1349.6,-1279.2,2464.6,2535.0,1,413,105728.0,234.0,8.1331,0.0155,313.4656,0.0,0.0,0.0,0.0,0.0,0.0,0.0,0,0
17,10,272,160,288,176,-1279.2,-1208.8,2464.6,2535.0,1,412,105472.0,236.0,8.1757,0.0156,318.0096,97.0,79.0,18.0,0.0,3.0,3.0,0.0,68,21
18,10,288,160,304,176,-1208.8,-1138.4,2464.6,2535.0,1,409,104704.0,237.0,8.2503,0.0158,321.2528,60.0,47.0,13.0,5.0,0.0,0.0,0.0,67,25
19,10,304,160,320,176,-1138.4,-1068.0,2464.6,2535.0,1,408,104448.0,240.0,8.2821,0.0159,374.5862,83.0,72.0,11.0,28.0,0.0,0.0,0.0,130,51
20,10,320,160,336,176,-1068.0,-997.6,2464.6,2535.0,1,406,103936.0,225.0,8.1679,0.016,379.2938,109.0,95.0,14.0,51.0,0.0,0.0,0.0,173,54
21,10,336,160,352,176,-997.6,-927.2,2464.6,2535.0,1,402,102912.0,203.0,7.0249,0.0161,323.287,132.0,117.0,15.0,52.0,0.0,0.0,0.0,162,50
22,10,352,160,368,176,-927.2,-856.8,2464.6,2535.0,1,413,105728.0,211.0,7.0538,0.0162,437.6704,95.0,81.0,14.0,20.0,0.0,0.0,0.0,139,49
23,10,368,160,384,176,-856.8,-786.4,2464.6,2535.0,1,429,109824.0,231.0,7.5039,0.0163,691.2034,116.0,104.0,12.0,12.0,0.0,0.0,0.0,132,47
24,10,384,160,400,176,-786.4,-716.0,2464.6,2535.0,1,450,115200.0,233.0,7.6647,0.0164,1037.6774,121.0,101.0,20.0,7.0,0.0,0.0,0.0,115,41
25,10,400,160,416,176,-716.0,-645.6,2464.6,2535.0,1,455,116480.0,230.0,7.6715,0.0165,1195.9127,318.0,288.0,30.0,50.0,1.0,1.0,0.0,124,31
26,10,416,160,432,176,-645.6,-575.2,2464.6,2535.0,1,488,124928.0,284.0,10.0638,0.0166,2952.9404,250.0,245.0,5.0,160.0,1.0,1.0,0.0,62,16
36,10,576,160,592,176,58.4,128.8,2464.6,2535.0,1,305,78080.0,148.0,6.9118,0.0168,109.1467,9.0,9.0,0.0,0.0,0.0,0.0,0.0,1,1
37,10,592,160,608,176,128.8,199.2,2464.6,2535.0,1,355,90880.0,226.0,7.7512,0.0168,424.4681,24.0,21.0,3.0,0.0,0.0,0.0,0.0,19,7
38,10,608,160,624,176,199.2,269.6,2464.6,2535.0,1,386,98816.0,248.0,7.9192,0.0167,569.5918,13689.0,13683.0,6.0,100.0,0.0,0.0,0.0,134,94
39,10,624,160,640,176,269.6,340.0,2464.6,2535.0,1,404,103424.0,259.0,8.2109,0.0166,547.1324,243.0,138.0,105.0,23.0,3.0,2.0,1.0,188,42
40,10,640,160,656,176,340.0,410.4,2464.6,2535.0,1,420,107520.0,261.0,8.2861,0.0166,640.1598,188.0,84.0,104.0,3.0,1.0,0.0,1.0,155,32
41,10,656,160,672,176,410.4,480.8,2464.6,2535.0,1,429,109824.0,261.0,8.371,0.0165,659.8951,140.0,30.0,110.0,1.0,2.0,1.0,1.0,102,29
42,10,672,160,688,176,480.8,551.2,2464.6,2535.0,1,425,108800.0,262.0,8.3547,0.0163,598.0395,77.0,38.0,39.0,0.0,0.0,0.0,0.0,88,30
43,10,688,160,704,176,551.2,621.6,2464.6,2535.0,1,400,102400.0,191.0,7.4973,0.0162,245.0788,76.0,47.0,29.0,0.0,0.0,0.0,0.0,94,32
44,10,704,160,720,176,621.6,692.0,2464.6,2535.0,1,398,101888.0,196.0,7.4941,0.016,220.0079,93.0,80.0,13.0,0.0,1.0,1.0,0.0,104,34
45,10,720,160,736,176,692.0,762.4,2464.6,2535.0,1,398,101888.0,201.0,7.5039,0.0159,192.447,85.0,69.0,16.0,1.0,0.0,0.0,0.0,81,29
46,10,736,160,752,176,762.4,832.8,2464.6,2535.0,1,407,104192.0,214.0,7.5734,0.0157,226.5666,46.0,28.0,18.0,1.0,0.0,0.0,0.0,58,24
47,10,752,160,768,176,832.8,903.2,2464.6,2535.0,1,406,103936.0,216.0,7.7268,0.0155,289.0447,60.0,42.0,18.0,3.0,0.0,0.0,0.0,62,27
48,10,768,160,784,176,903.2,973.6,2464.6,2535.0,1,422,108032.0,246.0,7.8147,0.0152,250.6078,89.0,64.0,25.0,0.0,0.0,0.0,0.0,68,19
49,10,784,160,800,176,973.6,1044.0,2464.6,2535.0,1,461,118016.0,279.0,8.2622,0.015,479.3581,171.0,34.0,137.0,0.0,0.0,0.0,0.0,69,21
50,10,800,160,816,176,1044.0,1114.4,2464.6,2535.0,1,499,127744.0,292.0,8.4161,0.0148,633.2058,792.0,244.0,548.0,0.0,2.0,0.0,2.0,118,31
51,10,816,160,832,176,1114.4,1184.8,2464.6,2535.0,1,521,133376.0,296.0,8.5079,0.0145,696.496,150.0,36.0,114.0,0.0,0.0,0.0,0.0,86,29
52,10,832,160,848,176,1184.8,1255.2,2464.6,2535.0,1,536,137216.0,297.0,8.5973,0.0143,787.8136,19.0,5.0,14.0,0.0,0.0,0.0,0.0,15,5
53,10,848,160,864,176,1255.2,1325.6,2464.6,2535.0,1,541,138496.0,297.0,8.6975,0.0141,864.8893,1513.0,1329.0,184.0,1.0,1.0,1.0,0.0,440,56
54,10,864,160,880,176,1325.6,1396.0,2464.6,2535.0,1,551,141056.0,296.0,8.7418,0.0139,937.019,1209.0,1101.0,108.0,8.0,1.0,1.0,0.0,685,68
55,10,880,160,896,176,1396.0,1466.4,2464.6,2535.0,1,554,141824.0,295.0,8.7552,0.0137,975.7089,239.0,138.0,101.0,4.0,0.0,0.0,0.0,206,51
56,10,896,160,912,176,1466.4,1536.8,2464.6,2535.0,1,560,143360.0,297.0,8.782,0.0135,1000.1715,120.0,41.0,79.0,0.0,1.0,1.0,0.0,73,24
57,10,912,160,928,176,1536.8,1607.2,2464.6,2535.0,1,552,141312.0,296.0,8.7776,0.0133,1090.8711,117.0,57.0,60.0,0.0,0.0,0.0,0.0,50,10
4,11,64,176,80,192,-2194.4,-2124.0,2394.2,2464.6,1,442,113152.0,247.0,8.3547,0.0132,743.0576,0.0,0.0,0.0,0.0,0.0,0.0,0.0,0,0
5,11,80,176,96,192,-2124.0,-2053.6,2394.2,2464.6,1,470,120320.0,256.0,8.4451,0.0134,900.9525,22.0,22.0,0.0,0.0,1.0,1.0,0.0,6,1
6,11,96,176,112,192,-2053.6,-1983.2,2394.2,2464.6,1,467,119552.0,256.0,8.4327,0.0136,811.231,8.0,4.0,4.0,0.0,0.0,0.0,0.0,6,2
7,11,112,176,128,192,-1983.2,-1912.8,2394.2,2464.6,1,465,119040.0,254.0,8.4161,0.0139,751.0987,283.0,60.0,223.0,0.0,1.0,0.0,1.0,93,24
8,11,128,176,144,192,-1912.8,-1842.4,2394.2,2464.6,1,465,119040.0,256.0,8.4161,0.0141,766.7133,323.0,138.0,185.0,2.0,1.0,1.0,0.0,110,25
9,11,144,176,160,192,-1842.4,-1772.0,2394.2,2464.6,1,460,117760.0,255.0,8.3955,0.0143,663.3749,225.0,216.0,9.0,2.0,0.0,0.0,0.0,57,13
10,11,160,176,176,192,-1772.0,-1701.6,2394.2,2464.6,1,457,116992.0,254.0,8.3832,0.0145,638.4583,71.0,48.0,23.0,8.0,1.0,1.0,0.0,61,20
11,11,176,176,192,192,-1701.6,-1631.2,2394.2,2464.6,1,454,116224.0,252.0,8.371,0.0147,579.9508,86.0,68.0,18.0,21.0,1.0,0.0,1.0,94,35
12,11,192,176,208,192,-1631.2,-1560.8,2394.2,2464.6,1,451,115456.0,247.0,8.3344,0.0149,540.5941,58.0,44.0,14.0,6.0,0.0,0.0,0.0,76,27
13,11,208,176,224,192,-1560.8,-1490.4,2394.2,2464.6,1,446,114176.0,239.0,8.2227,0.0151,449.3923,99.0,68.0,31.0,8.0,1.0,1.0,0.0,116,33
14,11,224,176,240,192,-1490.4,-1420.0,2394.2,2464.6,1,446,114176.0,235.0,8.1874,0.0153,418.7623,88.0,66.0,22.0,4.0,0.0,0.0,0.0,93,27
15,11,240,176,256,192,-1420.0,-1349.6,2394.2,2464.6,1,442,113152.0,234.0,8.1718,0.0155,395.0258,67.0,25.0,42.0,0.0,1.0,1.0,0.0,53,11
16,11,256,176,272,192,-1349.6,-1279.2,2394.2,2464.6,1,440,112640.0,236.0,8.1835,0.0157,390.1134,0.0,0.0,0.0,0.0,0.0,0.0,0.0,0,0
17,11,272,176,288,192,-1279.2,-1208.8,2394.2,2464.6,1,435,111360.0,230.0,8.11,0.0158,349.7208,61.0,50.0,11.0,0.0,0.0,0.0,0.0,56,19
18,11,288,176,304,192,-1208.8,-1138.4,2394.2,2464.6,1,434,111104.0,231.0,8.164,0.016,347.4717,63.0,55.0,8.0,4.0,0.0,0.0,0.0,68,22
19,11,304,176,320,192,-1138.4,-1068.0,2394.2,2464.6,1,433,110848.0,238.0,8.3344,0.0162,391.6155,69.0,61.0,8.0,9.0,1.0,1.0,0.0,74,26
20,11,320,176,336,192,-1068.0,-997.6,2394.2,2464.6,1,436,111616.0,253.0,8.3955,0.0163,483.7521,70.0,60.0,10.0,25.0,0.0,0.0,0.0,98,40
21,11,336,176,352,192,-997.6,-927.2,2394.2,2464.6,1,438,112128.0,253.0,8.4038,0.0164,547.5695,93.0,88.0,5.0,47.0,0.0,0.0,0.0,142,49
22,11,352,176,368,192,-927.2,-856.8,2394.2,2464.6,1,436,111616.0,255.0,8.3955,0.0165,576.8745,105.0,97.0,8.0,35.0,0.0,0.0,0.0,159,53
23,11,368,176,384,192,-856.8,-786.4,2394.2,2464.6,1,448,114688.0,272.0,8.4534,0.0166,758.0783,105.0,98.0,7.0,38.0,0.0,0.0,0.0,149,51
24,11,384,176,400,192,-786.4,-716.0,2394.2,2464.6,1,471,120576.0,276.0,8.6189,0.0168,1073.7154,105.0,90.0,15.0,26.0,0.0,0.0,0.0,130,44
25,11,400,176,416,192,-716.0,-645.6,2394.2,2464.6,1,471,120576.0,240.0,7.6991,0.0169,1032.4464,157.0,135.0,22.0,31.0,0.0,0.0,0.0,184,55
26,11,416,176,432,192,-645.6,-575.2,2394.2,2464.6,1,514,131584.0,298.0,10.1772,0.017,2637.9221,390.0,364.0,26.0,129.0,1.0,1.0,0.0,288,59
27,11,432,176,448,192,-575.2,-504.8,2394.2,2464.6,1,524,134144.0,294.0,10.2746,0.0171,3095.2648,248.0,232.0,16.0,62.0,1.0,1.0,0.0,243,50
28,11,448,176,464,192,-504.8,-434.4,2394.2,2464.6,1,495,126720.0,276.0,9.8445,0.0172,2330.2145,183.0,177.0,6.0,60.0,1.0,1.0,0.0,178,42
29,11,464,176,480,192,-434.4,-364.0,2394.2,2464.6,1,469,120064.0,259.0,9.4647,0.0172,2058.9514,143.0,141.0,2.0,68.0,0.0,0.0,0.0,106,31
30,11,480,176,496,192,-364.0,-293.6,2394.2,2464.6,1,437,111872.0,252.0,9.2855,0.0172,1819.0001,173.0,172.0,1.0,55.0,0.0,0.0,0.0,62,23
36,11,576,176,592,192,58.4,128.8,2394.2,2464.6,1,315,80640.0,145.0,6.7888,0.0172,53.0692,80.0,75.0,5.0,1.0,0.0,0.0,0.0,28,10
37,11,592,176,608,192,128.8,199.2,2394.2,2464.6,1,373,95488.0,241.0,7.829,0.0172,511.4192,13755.0,13749.0,6.0,150.0,0.0,0.0,0.0,182,94
38,11,608,176,624,192,199.2,269.6,2394.2,2464.6,1,393,100608.0,240.0,7.8468,0.0171,409.7526,182.0,177.0,5.0,136.0,0.0,0.0,0.0,221,64
39,11,624,176,640,192,269.6,340.0,2394.2,2464.6,1,415,106240.0,255.0,8.1991,0.017,499.213,13988.0,13872.0,116.0,210.0,4.0,0.0,4.0,396,95
40,11,640,176,656,192,340.0,410.4,2394.2,2464.6,1,430,110080.0,266.0,8.3304,0.0169,671.7271,196.0,133.0,63.0,76.0,0.0,0.0,0.0,274,73
41,11,656,176,672,192,410.4,480.8,2394.2,2464.6,1,440,112640.0,273.0,8.4327,0.0168,704.8237,275.0,156.0,119.0,2.0,2.0,1.0,1.0,152,36
42,11,672,176,688,192,480.8,551.2,2394.2,2464.6,1,440,112640.0,280.0,8.4327,0.0166,668.3317,138.0,96.0,42.0,0.0,0.0,0.0,0.0,117,33
43,11,688,176,704,192,551.2,621.6,2394.2,2464.6,1,418,107008.0,227.0,7.7687,0.0165,319.7551,164.0,134.0,30.0,5.0,1.0,1.0,0.0,149,40
44,11,704,176,720,192,621.6,692.0,2394.2,2464.6,1,425,108800.0,251.0,8.0795,0.0163,348.0409,443.0,408.0,35.0,2.0,0.0,0.0,0.0,164,37
45,11,720,176,736,192,692.0,762.4,2394.2,2464.6,1,428,109568.0,255.0,8.0909,0.0161,357.8434,320.0,284.0,36.0,2.0,2.0,1.0,1.0,160,33
46,11,736,176,752,192,762.4,832.8,2394.2,2464.6,1,430,110080.0,255.0,8.2148,0.0159,311.0527,218.0,191.0,27.0,4.0,0.0,0.0,0.0,100,26
47,11,752,176,768,192,832.8,903.2,2394.2,2464.6,1,436,111616.0,246.0,8.0947,0.0157,271.6869,73.0,46.0,27.0,3.0,0.0,0.0,0.0,64,20
48,11,768,176,784,192,903.2,973.6,2394.2,2464.6,1,450,115200.0,250.0,8.203,0.0155,326.5112,46.0,27.0,19.0,0.0,0.0,0.0,0.0,50,19
49,11,784,176,800,192,973.6,1044.0,2394.2,2464.6,1,484,123904.0,291.0,8.4785,0.0152,649.7047,80.0,24.0,56.0,0.0,1.0,0.0,1.0,46,19
50,11,800,176,816,192,1044.0,1114.4,2394.2,2464.6,1,521,133376.0,297.0,8.6493,0.015,815.6229,66.0,30.0,36.0,0.0,1.0,1.0,0.0,54,21
51,11,816,176,832,192,1114.4,1184.8,2394.2,2464.6,1,548,140288.0,299.0,8.7686,0.0147,952.643,29.0,15.0,14.0,0.0,0.0,0.0,0.0,32,11
52,11,832,176,848,192,1184.8,1255.2,2394.2,2464.6,1,562,143872.0,297.0,8.8317,0.0145,1041.0098,43.0,9.0,34.0,0.0,0.0,0.0,0.0,28,10
53,11,848,176,864,192,1255.2,1325.6,2394.2,2464.6,1,566,144896.0,298.0,8.8499,0.0143,1034.9583,249.0,113.0,136.0,0.0,1.0,1.0,0.0,143,36
54,11,864,176,880,192,1325.6,1396.0,2394.2,2464.6,1,576,147456.0,298.0,8.8958,0.0141,1132.8173,967.0,825.0,142.0,17.0,0.0,0.0,0.0,634,72
55,11,880,176,896,192,1396.0,1466.4,2394.2,2464.6,1,578,147968.0,298.0,8.905,0.0139,1170.7666,353.0,252.0,101.0,6.0,1.0,1.0,0.0,259,54
56,11,896,176,912,192,1466.4,1536.8,2394.2,2464.6,1,583,149248.0,299.0,8.9282,0.0137,1247.7606,169.0,121.0,48.0,0.0,0.0,0.0,0.0,156,30
57,11,912,176,928,192,1536.8,1607.2,2394.2,2464.6,1,581,148736.0,300.0,8.9189,0.0134,1303.9993,46.0,7.0,39.0,0.0,0.0,0.0,0.0,39,12
4,12,64,192,80,208,-2194.4,-2124.0,2323.8,2394.2,1,476,121856.0,279.0,10.2746,0.0133,4091.2535,0.0,0.0,0.0,0.0,0.0,0.0,0.0,0,0
5,12,80,192,96,208,-2124.0,-2053.6,2323.8,2394.2,1,484,123904.0,253.0,8.4451,0.0136,951.2213,8.0,7.0,1.0,0.0,0.0,0.0,0.0,12,5
6,12,96,192,112,208,-2053.6,-1983.2,2323.8,2394.2,1,482,123392.0,254.0,8.4368,0.0138,879.0051,50.0,43.0,7.0,0.0,0.0,0.0,0.0,42,12
7,12,112,192,128,208,-1983.2,-1912.8,2323.8,2394.2,1,481,123136.0,253.0,8.4244,0.014,801.7149,80.0,40.0,40.0,0.0,0.0,0.0,0.0,84,25
8,12,128,192,144,208,-1912.8,-1842.4,2323.8,2394.2,1,483,123648.0,257.0,8.491,0.0142,880.0858,119.0,31.0,88.0,0.0,0.0,0.0,0.0,50,13
9,12,144,192,160,208,-1842.4,-1772.0,2323.8,2394.2,1,477,122112.0,256.0,8.4659,0.0145,739.2937,10.0,5.0,5.0,0.0,0.0,0.0,0.0,14,6
10,12,160,192,176,208,-1772.0,-1701.6,2323.8,2394.2,1,475,121600.0,255.0,8.4576,0.0147,698.8078,73.0,66.0,7.0,12.0,0.0,0.0,0.0,62,11
11,12,176,192,192,208,-1701.6,-1631.2,2323.8,2394.2,1,472,120832.0,248.0,8.4161,0.0149,617.6876,153.0,136.0,17.0,27.0,0.0,0.0,0.0,122,34
12,12,192,192,208,208,-1631.2,-1560.8,2323.8,2394.2,1,470,120320.0,246.0,8.412,0.0151,620.0098,61.0,42.0,19.0,8.0,0.0,0.0,0.0,76,28
13,12,208,192,224,208,-1560.8,-1490.4,2323.8,2394.2,1,465,119040.0,235.0,8.2622,0.0153,486.3366,75.0,64.0,11.0,10.0,0.0,0.0,0.0,90,33
14,12,224,192,240,208,-1490.4,-1420.0,2323.8,2394.2,1,465,119040.0,235.0,8.2622,0.0155,496.2592,109.0,84.0,25.0,6.0,1.0,1.0,0.0,113,34
15,12,240,192,256,208,-1420.0,-1349.6,2323.8,2394.2,1,464,118784.0,237.0,8.2582,0.0157,486.9525,35.0,25.0,10.0,0.0,0.0,0.0,0.0,34,12
16,12,256,192,272,208,-1349.6,-1279.2,2323.8,2394.2,1,464,118784.0,233.0,8.1952,0.0159,463.4737,0.0,0.0,0.0,0.0,0.0,0.0,0.0,0,0
17,12,272,192,288,208,-1279.2,-1208.8,2323.8,2394.2,1,463,118528.0,232.0,8.1913,0.0161,459.7927,42.0,38.0,4.0,4.0,0.0,0.0,0.0,45,21
18,12,288,192,304,208,-1208.8,-1138.4,2323.8,2394.2,1,460,117760.0,231.0,8.2069,0.0162,429.472,53.0,41.0,12.0,10.0,0.0,0.0,0.0,68,28
19,12,304,192,320,208,-1138.4,-1068.0,2323.8,2394.2,1,461,118016.0,233.0,8.2702,0.0164,434.2342,157.0,137.0,20.0,55.0,0.0,0.0,0.0,188,57
20,12,320,192,336,208,-1068.0,-997.6,2323.8,2394.2,1,463,118528.0,236.0,8.3873,0.0166,459.146,146.0,138.0,8.0,56.0,0.0,0.0,0.0,176,54
21,12,336,192,352,208,-997.6,-927.2,2323.8,2394.2,1,471,120576.0,253.0,8.4827,0.0167,598.9539,162.0,154.0,8.0,77.0,0.0,0.0,0.0,166,50
22,12,352,192,368,208,-927.2,-856.8,2323.8,2394.2,1,473,121088.0,253.0,8.491,0.0168,640.0248,103.0,96.0,7.0,46.0,0.0,0.0,0.0,148,51
23,12,368,192,384,208,-856.8,-786.4,2323.8,2394.2,1,483,123648.0,261.0,8.4701,0.0169,753.561,105.0,94.0,11.0,37.0,2.0,1.0,1.0,148,56
24,12,384,192,400,208,-786.4,-716.0,2323.8,2394.2,1,513,131328.0,292.0,8.782,0.0171,1148.8889,108.0,94.0,14.0,37.0,0.0,0.0,0.0,147,52
25,12,400,192,416,208,-716.0,-645.6,2323.8,2394.2,1,537,137472.0,291.0,8.8545,0.0173,1449.7612,109.0,95.0,14.0,29.0,0.0,0.0,0.0,148,48
26,12,416,192,432,208,-645.6,-575.2,2323.8,2394.2,1,580,148480.0,356.0,10.8595,0.0174,3177.6595,158.0,136.0,22.0,48.0,0.0,0.0,0.0,159,51
27,12,432,192,448,208,-575.2,-504.8,2323.8,2394.2,1,582,148992.0,354.0,10.9705,0.0175,3487.5824,109.0,102.0,7.0,19.0,0.0,0.0,0.0,132,47
28,12,448,192,464,208,-504.8,-434.4,2323.8,2394.2,1,557,142592.0,346.0,10.6573,0.0176,2924.6503,112.0,100.0,12.0,16.0,0.0,0.0,0.0,133,45
29,12,464,192,480,208,-434.4,-364.0,2323.8,2394.2,1,518,132608.0,294.0,9.9994,0.0176,2362.3879,117.0,116.0,1.0,40.0,1.0,1.0,0.0,111,35
30,12,480,192,496,208,-364.0,-293.6,2323.8,2394.2,1,489,125184.0,276.0,9.7996,0.0177,2173.2613,98.0,97.0,1.0,45.0,0.0,0.0,0.0,90,33
36,12,576,192,592,208,58.4,128.8,2323.8,2394.2,1,356,91136.0,186.0,7.426,0.0176,277.4562,199.0,198.0,1.0,0.0,3.0,3.0,0.0,78,16
37,12,592,192,608,208,128.8,199.2,2323.8,2394.2,1,393,100608.0,245.0,7.8433,0.0175,440.0461,14030.0,13988.0,42.0,255.0,1.0,0.0,1.0,361,95
38,12,608,192,624,208,199.2,269.6,2323.8,2394.2,1,434,111104.0,296.0,8.4079,0.0174,623.9897,192.0,187.0,5.0,116.0,0.0,0.0,0.0,258,73
39,12,624,192,640,208,269.6,340.0,2323.8,2394.2,1,466,119296.0,317.0,8.9235,0.0173,936.7073,469.0,335.0,134.0,133.0,3.0,1.0,2.0,501,81
40,12,640,192,656,208,340.0,410.4,2323.8,2394.2,1,490,125440.0,328.0,9.1911,0.0172,1411.6938,14022.0,13971.0,51.0,279.0,0.0,0.0,0.0,540,94
41,12,656,192,672,208,410.4,480.8,2323.8,2394.2,1,506,129536.0,330.0,9.3208,0.0171,1480.0824,356.0,252.0,104.0,33.0,1.0,0.0,1.0,305,59
42,12,672,192,688,208,480.8,551.2,2323.8,2394.2,1,507,129792.0,330.0,9.3259,0.0169,1421.0448,313.0,250.0,63.0,28.0,0.0,0.0,0.0,205,53
43,12,688,192,704,208,551.2,621.6,2323.8,2394.2,1,473,121088.0,256.0,8.3792,0.0168,562.9032,578.0,561.0,17.0,136.0,1.0,1.0,0.0,253,59
44,12,704,192,720,208,621.6,692.0,2323.8,2394.2,1,470,120320.0,256.0,8.3588,0.0166,478.9236,486.0,479.0,7.0,119.0,0.0,0.0,0.0,296,62
45,12,720,192,736,208,692.0,762.4,2323.8,2394.2,1,473,121088.0,256.0,8.371,0.0164,501.828,249.0,238.0,11.0,90.0,0.0,0.0,0.0,261,60
46,12,736,192,752,208,762.4,832.8,2323.8,2394.2,1,467,119552.0,244.0,8.1796,0.0162,360.2296,429.0,417.0,12.0,219.0,1.0,1.0,0.0,283,63
47,12,752,192,768,208,832.8,903.2,2323.8,2394.2,1,468,119808.0,241.0,8.2069,0.0159,351.0295,153.0,138.0,15.0,29.0,0.0,0.0,0.0,174,46
48,12,768,192,784,208,903.2,973.6,2323.8,2394.2,1,476,121856.0,247.0,8.2901,0.0157,389.863,141.0,136.0,5.0,27.0,0.0,0.0,0.0,149,37
49,12,784,192,800,208,973.6,1044.0,2323.8,2394.2,1,497,127232.0,280.0,8.5332,0.0154,638.0842,299.0,290.0,9.0,108.0,0.0,0.0,0.0,112,32
50,12,800,192,816,208,1044.0,1114.4,2323.8,2394.2,1,542,138752.0,293.0,8.7374,0.0151,950.6605,32.0,18.0,14.0,0.0,0.0,0.0,0.0,40,17
51,12,816,192,832,208,1114.4,1184.8,2323.8,2394.2,1,574,146944.0,299.0,8.8866,0.0149,1164.5659,22.0,13.0,9.0,0.0,0.0,0.0,0.0,22,8
52,12,832,192,848,208,1184.8,1255.2,2323.8,2394.2,1,589,150784.0,300.0,8.9561,0.0147,1252.4085,74.0,20.0,54.0,0.0,1.0,1.0,0.0,54,9
53,12,848,192,864,208,1255.2,1325.6,2323.8,2394.2,1,589,150784.0,299.0,8.9561,0.0145,1208.0884,432.0,294.0,138.0,42.0,2.0,1.0,1.0,162,30
54,12,864,192,880,208,1325.6,1396.0,2323.8,2394.2,1,596,152576.0,296.0,8.9795,0.0143,1269.4317,779.0,670.0,109.0,13.0,1.0,1.0,0.0,538,74
55,12,880,192,896,208,1396.0,1466.4,2323.8,2394.2,1,600,153600.0,298.0,8.9984,0.014,1310.7196,237.0,210.0,27.0,6.0,0.0,0.0,0.0,202,52
56,12,896,192,912,208,1466.4,1536.8,2323.8,2394.2,1,604,154624.0,295.0,9.0173,0.0138,1387.2363,300.0,281.0,19.0,1.0,1.0,1.0,0.0,174,33
57,12,912,192,928,208,1536.8,1607.2,2323.8,2394.2,1,607,155392.0,296.0,9.0315,0.0136,1483.3794,102.0,32.0,70.0,0.0,0.0,0.0,0.0,40,14
4,13,64,208,80,224,-2194.4,-2124.0,2253.4,2323.8,1,487,124672.0,309.0,10.374,0.0134,6139.9132,27.0,27.0,0.0,0.0,0.0,0.0,0.0,10,3
5,13,80,208,96,224,-2124.0,-2053.6,2253.4,2323.8,1,485,124160.0,253.0,8.4493,0.0137,955.7068,43.0,42.0,1.0,7.0,1.0,1.0,0.0,31,9
6,13,96,208,112,224,-2053.6,-1983.2,2253.4,2323.8,1,485,124160.0,254.0,8.4493,0.0139,913.2626,41.0,27.0,14.0,6.0,0.0,0.0,0.0,44,18
7,13,112,208,128,224,-1983.2,-1912.8,2253.4,2323.8,1,483,123648.0,252.0,8.4327,0.0142,837.0879,308.0,279.0,29.0,27.0,0.0,0.0,0.0,98,21
8,13,128,208,144,224,-1912.8,-1842.4,2253.4,2323.8,1,485,124160.0,254.0,8.441,0.0144,890.7815,102.0,62.0,40.0,12.0,3.0,2.0,1.0,81,21
9,13,144,208,160,224,-1842.4,-1772.0,2253.4,2323.8,1,481,123136.0,253.0,8.4285,0.0146,786.4876,95.0,66.0,29.0,25.0,1.0,1.0,0.0,77,25
10,13,160,208,176,224,-1772.0,-1701.6,2253.4,2323.8,1,477,122112.0,252.0,8.4079,0.0148,678.0795,108.0,86.0,22.0,33.0,0.0,0.0,0.0,112,33
11,13,176,208,192,224,-1701.6,-1631.2,2253.4,2323.8,1,477,122112.0,250.0,8.3955,0.0151,674.2762,69.0,51.0,18.0,22.0,0.0,0.0,0.0,95,34
12,13,192,208,208,224,-1631.2,-1560.8,2253.4,2323.8,1,474,121344.0,237.0,8.2782,0.0153,534.1065,61.0,42.0,19.0,13.0,0.0,0.0,0.0,70,27
13,13,208,208,224,224,-1560.8,-1490.4,2253.4,2323.8,1,472,120832.0,234.0,8.2345,0.0155,499.8449,88.0,78.0,10.0,21.0,0.0,0.0,0.0,83,33
14,13,224,208,240,224,-1490.4,-1420.0,2253.4,2323.8,1,473,121088.0,235.0,8.2384,0.0157,495.232,164.0,126.0,38.0,9.0,0.0,0.0,0.0,158,40
15,13,240,208,256,224,-1420.0,-1349.6,2253.4,2323.8,1,473,121088.0,232.0,8.1757,0.0158,482.1204,111.0,102.0,9.0,2.0,1.0,1.0,0.0,73,22
16,13,256,208,272,224,-1349.6,-1279.2,2253.4,2323.8,1,474,121344.0,232.0,8.1796,0.016,478.6175,23.0,17.0,6.0,1.0,0.0,0.0,0.0,27,12
17,13,272,208,288,224,-1279.2,-1208.8,2253.4,2323.8,1,475,121600.0,233.0,8.2384,0.0162,485.1951,197.0,168.0,29.0,61.0,2.0,1.0,1.0,243,67
18,13,288,208,304,224,-1208.8,-1138.4,2253.4,2323.8,1,478,122368.0,233.0,8.2503,0.0164,486.0416,190.0,176.0,14.0,89.0,0.0,0.0,0.0,244,74
19,13,304,208,320,224,-1138.4,-1068.0,2253.4,2323.8,1,478,122368.0,233.0,8.2782,0.0166,478.8203,156.0,131.0,25.0,49.0,0.0,0.0,0.0,193,59
20,13,320,208,336,224,-1068.0,-997.6,2253.4,2323.8,1,477,122112.0,232.0,8.2742,0.0168,454.8015,150.0,137.0,13.0,48.0,0.0,0.0,0.0,202,61
21,13,336,208,352,224,-997.6,-927.2,2253.4,2323.8,1,476,121856.0,239.0,8.4244,0.0169,599.2885,147.0,137.0,10.0,56.0,0.0,0.0,0.0,190,65
22,13,352,208,368,224,-927.2,-856.8,2253.4,2323.8,1,483,123648.0,252.0,8.4618,0.0171,566.4048,176.0,116.0,60.0,57.0,0.0,0.0,0.0,176,57
23,13,368,208,384,224,-856.8,-786.4,2253.4,2323.8,1,496,126976.0,255.0,8.4868,0.0172,707.3818,179.0,136.0,43.0,67.0,0.0,0.0,0.0,194,59
24,13,384,208,400,224,-786.4,-716.0,2253.4,2323.8,1,525,134400.0,276.0,8.6233,0.0175,978.6129,152.0,135.0,17.0,57.0,0.0,0.0,0.0,178,57
25,13,400,208,416,224,-716.0,-645.6,2253.4,2323.8,1,573,146688.0,292.0,8.9842,0.0176,1523.091,145.0,122.0,23.0,41.0,0.0,0.0,0.0,154,52
26,13,416,208,432,224,-645.6,-575.2,2253.4,2323.8,1,623,159488.0,355.0,11.1414,0.0178,3291.1864,118.0,108.0,10.0,45.0,0.0,0.0,0.0,156,54
27,13,432,208,448,224,-575.2,-504.8,2253.4,2323.8,1,648,165888.0,355.0,11.4307,0.0179,3964.7499,117.0,109.0,8.0,37.0,2.0,2.0,0.0,138,51
28,13,448,208,464,224,-504.8,-434.4,2253.4,2323.8,1,643,164608.0,351.0,11.1995,0.0179,3486.4021,110.0,96.0,14.0,25.0,1.0,0.0,1.0,146,53
29,13,464,208,480,224,-434.4,-364.0,2253.4,2323.8,1,644,164864.0,354.0,11.2657,0.018,3524.1564,189.0,174.0,15.0,43.0,0.0,0.0,0.0,212,63
30,13,480,208,496,224,-364.0,-293.6,2253.4,2323.8,1,643,164608.0,352.0,11.2509,0.0181,3510.0574,258.0,256.0,2.0,109.0,0.0,0.0,0.0,229,61
31,13,496,208,512,224,-293.6,-223.2,2253.4,2323.8,1,625,160000.0,355.0,11.1631,0.0181,2997.9188,55.0,55.0,0.0,19.0,0.0,0.0,0.0,26,10
32,13,512,208,528,224,-223.2,-152.8,2253.4,2323.8,1,574,146944.0,332.0,10.8048,0.0181,2237.0726,0.0,0.0,0.0,0.0,0.0,0.0,0.0,0,0
33,13,528,208,544,224,-152.8,-82.4,2253.4,2323.8,1,480,122880.0,261.0,8.4868,0.0181,743.7814,75.0,31.0,44.0,0.0,0.0,0.0,0.0,18,5
34,13,544,208,560,224,-82.4,-12.0,2253.4,2323.8,1,500,128000.0,256.0,8.5545,0.0181,735.6551,229.0,194.0,35.0,1.0,0.0,0.0,0.0,126,19
35,13,560,208,576,224,-12.0,58.4,2253.4,2323.8,1,520,133120.0,257.0,8.6406,0.018,744.6649,99.0,99.0,0.0,0.0,0.0,0.0,0.0,41,7
36,13,576,208,592,224,58.4,128.8,2253.4,2323.8,1,508,130048.0,258.0,8.5759,0.0179,616.3829,146.0,145.0,1.0,24.0,0.0,0.0,0.0,133,34
37,13,592,208,608,224,128.8,199.2,2253.4,2323.8,1,512,131072.0,254.0,8.4952,0.0179,541.6805,353.0,342.0,11.0,185.0,0.0,0.0,0.0,477,88
38,13,608,208,624,224,199.2,269.6,2253.4,2323.8,1,535,136960.0,307.0,8.9984,0.0177,1301.2519,189.0,188.0,1.0,79.0,0.0,0.0,0.0,240,69
39,13,624,208,640,224,269.6,340.0,2253.4,2323.8,1,542,138752.0,316.0,9.1567,0.0176,1342.3323,468.0,296.0,172.0,93.0,2.0,0.0,2.0,477,79
40,13,640,208,656,224,340.0,410.4,2253.4,2323.8,1,555,142080.0,332.0,9.5171,0.0175,1937.7624,352.0,291.0,61.0,109.0,0.0,0.0,0.0,435,79
41,13,656,208,672,224,410.4,480.8,2253.4,2323.8,1,558,142848.0,334.0,9.5969,0.0174,1983.1765,655.0,599.0,56.0,289.0,0.0,0.0,0.0,756,90
42,13,672,208,688,224,480.8,551.2,2253.4,2323.8,1,548,140288.0,333.0,9.5436,0.0172,1736.2581,369.0,345.0,24.0,160.0,0.0,0.0,0.0,502,87
43,13,688,208,704,224,551.2,621.6,2253.4,2323.8,1,513,131328.0,259.0,8.5502,0.017,679.4978,166.0,161.0,5.0,66.0,1.0,0.0,1.0,211,56
44,13,704,208,720,224,621.6,692.0,2253.4,2323.8,1,504,129024.0,258.0,8.5037,0.0168,629.3335,221.0,220.0,1.0,53.0,0.0,0.0,0.0,211,56
45,13,720,208,736,224,692.0,762.4,2253.4,2323.8,1,490,125440.0,246.0,8.4079,0.0166,453.6306,245.0,223.0,22.0,74.0,1.0,1.0,0.0,275,69
46,13,736,208,752,224,762.4,832.8,2253.4,2323.8,1,489,125184.0,237.0,8.2227,0.0163,381.1436,207.0,203.0,4.0,80.0,0.0,0.0,0.0,271,67
47,13,752,208,768,224,832.8,903.2,2253.4,2323.8,1,490,125440.0,239.0,8.2662,0.0161,386.8322,142.0,127.0,15.0,39.0,0.0,0.0,0.0,196,52
48,13,768,208,784,224,903.2,973.6,2253.4,2323.8,1,493,126208.0,240.0,8.3102,0.0158,407.1233,159.0,156.0,3.0,31.0,1.0,1.0,0.0,187,47
49,13,784,208,800,224,973.6,1044.0,2253.4,2323.8,1,505,129280.0,251.0,8.4368,0.0155,489.416,213.0,206.0,7.0,41.0,1.0,0.0,1.0,189,50
50,13,800,208,816,224,1044.0,1114.4,2253.4,2323.8,1,546,139776.0,289.0,8.7418,0.0153,1029.726,126.0,114.0,12.0,10.0,1.0,1.0,0.0,122,36
51,13,816,208,832,224,1114.4,1184.8,2253.4,2323.8,1,589,150784.0,297.0,8.9515,0.0151,1362.4903,144.0,124.0,20.0,19.0,1.0,1.0,0.0,118,36
52,13,832,208,848,224,1184.8,1255.2,2253.4,2323.8,1,602,154112.0,299.0,9.0125,0.0148,1422.1432,155.0,108.0,47.0,8.0,1.0,1.0,0.0,123,38
53,13,848,208,864,224,1255.2,1325.6,2253.4,2323.8,1,606,155136.0,299.0,9.0315,0.0146,1436.4047,531.0,356.0,175.0,7.0,1.0,1.0,0.0,257,53
54,13,864,208,880,224,1325.6,1396.0,2253.4,2323.8,1,611,156416.0,299.0,9.0553,0.0144,1458.0053,610.0,554.0,56.0,39.0,3.0,2.0,1.0,419,74
55,13,880,208,896,224,1396.0,1466.4,2253.4,2323.8,1,614,157184.0,301.0,9.0697,0.0142,1496.4382,156.0,144.0,12.0,5.0,0.0,0.0,0.0,168,48
56,13,896,208,912,224,1466.4,1536.8,2253.4,2323.8,1,617,157952.0,301.0,9.0841,0.014,1548.2916,98.0,90.0,8.0,2.0,0.0,0.0,0.0,98,34
57,13,912,208,928,224,1536.8,1607.2,2253.4,2323.8,1,621,158976.0,302.0,9.1033,0.0137,1677.8627,52.0,19.0,33.0,0.0,0.0,0.0,0.0,52,19
58,13,928,208,944,224,1607.2,1677.6,2253.4,2323.8,1,582,148992.0,296.0,8.9143,0.0135,1659.7157,7.0,2.0,5.0,0.0,0.0,0.0,0.0,6,2
59,13,944,208,960,224,1677.6,1748.0,2253.4,2323.8,1,515,131840.0,299.0,8.9189,0.0133,1607.4267,0.0,0.0,0.0,0.0,0.0,0.0,0.0,0,0
60,13,960,208,976,224,1748.0,1818.4,2253.4,2323.8,1,494,126464.0,346.0,9.7717,0.013,3378.4775,0.0,0.0,0.0,0.0,0.0,0.0,0.0,0,0
4,14,64,224,80,240,-2194.4,-2124.0,2183.0,2253.4,1,508,130048.0,336.0,10.5137,0.0136,9411.7781,212.0,212.0,0.0,1.0,0.0,0.0,0.0,24,9
5,14,80,224,96,240,-2124.0,-2053.6,2183.0,2253.4,1,493,126208.0,257.0,8.5079,0.0138,1075.7447,35.0,34.0,1.0,3.0,0.0,0.0,0.0,32,10
6,14,96,224,112,240,-2053.6,-1983.2,2183.0,2253.4,1,495,126720.0,255.0,8.491,0.0141,1030.1115,42.0,25.0,17.0,7.0,0.0,0.0,0.0,56,20
7,14,112,224,128,240,-1983.2,-1912.8,2183.0,2253.4,1,493,126208.0,253.0,8.4743,0.0143,917.0453,109.0,78.0,31.0,20.0,0.0,0.0,0.0,96,24
8,14,128,224,144,240,-1912.8,-1842.4,2183.0,2253.4,1,495,126720.0,255.0,8.4827,0.0145,976.4431,65.0,49.0,16.0,19.0,0.0,0.0,0.0,61,23
9,14,144,224,160,240,-1842.4,-1772.0,2183.0,2253.4,1,491,125696.0,254.0,8.4701,0.0148,839.8572,64.0,51.0,13.0,25.0,0.0,0.0,0.0,64,24
10,14,160,224,176,240,-1772.0,-1701.6,2183.0,2253.4,1,488,124928.0,252.0,8.4534,0.015,742.859,122.0,90.0,32.0,24.0,0.0,0.0,0.0,92,30
11,14,176,224,192,240,-1701.6,-1631.2,2183.0,2253.4,1,485,124160.0,245.0,8.4161,0.0152,693.0028,193.0,172.0,21.0,35.0,0.0,0.0,0.0,92,33
12,14,192,224,208,240,-1631.2,-1560.8,2183.0,2253.4,1,482,123392.0,233.0,8.2742,0.0154,545.1796,120.0,96.0,24.0,30.0,1.0,1.0,0.0,87,37
13,14,208,224,224,240,-1560.8,-1490.4,2183.0,2253.4,1,482,123392.0,233.0,8.2742,0.0156,545.1796,210.0,191.0,19.0,34.0,0.0,0.0,0.0,132,43
14,14,224,224,240,240,-1490.4,-1420.0,2183.0,2253.4,1,482,123392.0,235.0,8.2742,0.0158,538.6824,356.0,318.0,38.0,20.0,0.0,0.0,0.0,253,52
15,14,240,224,256,240,-1420.0,-1349.6,2183.0,2253.4,1,485,124160.0,233.0,8.2227,0.016,531.9189,980.0,957.0,23.0,10.0,1.0,1.0,0.0,249,50
16,14,256,224,272,240,-1349.6,-1279.2,2183.0,2253.4,1,486,124416.0,233.0,8.2266,0.0162,537.4751,547.0,500.0,47.0,136.0,1.0,1.0,0.0,511,87
17,14,272,224,288,240,-1279.2,-1208.8,2183.0,2253.4,1,484,123904.0,230.0,8.2187,0.0164,497.5595,427.0,402.0,25.0,64.0,0.0,0.0,0.0,399,80
18,14,288,224,304,240,-1208.8,-1138.4,2183.0,2253.4,1,485,124160.0,231.0,8.2227,0.0166,492.0423,274.0,256.0,18.0,39.0,0.0,0.0,0.0,277,67
19,14,304,224,320,240,-1138.4,-1068.0,2183.0,2253.4,1,483,123648.0,232.0,8.2148,0.0167,459.7864,247.0,227.0,20.0,33.0,1.0,0.0,1.0,258,63
20,14,320,224,336,240,-1068.0,-997.6,2183.0,2253.4,1,476,121856.0,226.0,8.0567,0.0169,376.2631,188.0,170.0,18.0,26.0,0.0,0.0,0.0,208,54
21,14,336,224,352,240,-997.6,-927.2,2183.0,2253.4,1,474,121344.0,226.0,8.0416,0.0171,345.4481,175.0,166.0,9.0,27.0,0.0,0.0,0.0,203,64
22,14,352,224,368,240,-927.2,-856.8,2183.0,2253.4,1,473,121088.0,229.0,8.1369,0.0173,318.4255,139.0,122.0,17.0,37.0,0.0,0.0,0.0,182,58
23,14,368,224,384,240,-856.8,-786.4,2183.0,2253.4,1,490,125440.0,252.0,8.3997,0.0175,538.8057,164.0,149.0,15.0,57.0,0.0,0.0,0.0,200,62
24,14,384,224,400,240,-786.4,-716.0,2183.0,2253.4,1,520,133120.0,267.0,8.5375,0.0178,835.6179,210.0,194.0,16.0,81.0,1.0,1.0,0.0,246,76
25,14,400,224,416,240,-716.0,-645.6,2183.0,2253.4,1,580,148480.0,292.0,8.9749,0.018,1463.8099,176.0,161.0,15.0,76.0,0.0,0.0,0.0,245,71
26,14,416,224,432,240,-645.6,-575.2,2183.0,2253.4,1,632,161792.0,356.0,11.1995,0.0181,2836.4047,190.0,171.0,19.0,74.0,1.0,1.0,0.0,259,70
27,14,432,224,448,240,-575.2,-504.8,2183.0,2253.4,1,674,172544.0,360.0,11.632,0.0182,4087.8509,177.0,162.0,15.0,72.0,1.0,0.0,1.0,230,71
28,14,448,224,464,240,-504.8,-434.4,2183.0,2253.4,1,669,171264.0,355.0,11.3928,0.0183,3630.2988,222.0,163.0,59.0,69.0,0.0,0.0,0.0,222,67
29,14,464,224,480,240,-434.4,-364.0,2183.0,2253.4,1,678,173568.0,354.0,11.4612,0.0184,3784.9126,247.0,233.0,14.0,67.0,0.0,0.0,0.0,262,67
30,14,480,224,496,240,-364.0,-293.6,2183.0,2253.4,1,688,176128.0,358.0,11.5305,0.0184,3942.476,492.0,484.0,8.0,133.0,0.0,0.0,0.0,442,84
31,14,496,224,512,240,-293.6,-223.2,2183.0,2253.4,1,679,173824.0,359.0,11.5073,0.0184,3478.4826,512.0,505.0,7.0,113.0,2.0,2.0,0.0,340,80
32,14,512,224,528,240,-223.2,-152.8,2183.0,2253.4,1,635,162560.0,316.0,9.2805,0.0185,1998.77,270.0,269.0,1.0,25.0,0.0,0.0,0.0,108,41
33,14,528,224,544,240,-152.8,-82.4,2183.0,2253.4,1,600,153600.0,268.0,8.9421,0.0184,1227.2441,196.0,189.0,7.0,39.0,0.0,0.0,0.0,198,55
34,14,544,224,560,240,-82.4,-12.0,2183.0,2253.4,1,599,153344.0,266.0,8.9984,0.0184,1111.0033,411.0,396.0,15.0,93.0,2.0,0.0,2.0,482,79
35,14,560,224,576,240,-12.0,58.4,2183.0,2253.4,1,589,150784.0,262.0,8.9421,0.0183,981.7056,501.0,495.0,6.0,175.0,1.0,1.0,0.0,550,91
36,14,576,224,592,240,58.4,128.8,2183.0,2253.4,1,565,144640.0,248.0,8.5205,0.0182,639.5512,485.0,477.0,8.0,268.0,1.0,1.0,0.0,636,91
37,14,592,224,608,240,128.8,199.2,2183.0,2253.4,1,547,140032.0,247.0,8.5332,0.0181,561.7329,238.0,235.0,3.0,90.0,0.0,0.0,0.0,336,76
38,14,608,224,624,240,199.2,269.6,2183.0,2253.4,1,575,147200.0,307.0,9.1911,0.018,1702.9096,159.0,158.0,1.0,35.0,0.0,0.0,0.0,189,61
39,14,624,224,640,240,269.6,340.0,2183.0,2253.4,1,578,147968.0,319.0,9.2905,0.0179,1678.2948,416.0,209.0,207.0,19.0,3.0,1.0,2.0,410,69
40,14,640,224,656,240,340.0,410.4,2183.0,2253.4,1,585,149760.0,335.0,9.6781,0.0178,2172.8302,281.0,224.0,57.0,35.0,2.0,1.0,1.0,338,76
41,14,656,224,672,240,410.4,480.8,2183.0,2253.4,1,588,150528.0,335.0,9.7606,0.0176,2329.6213,307.0,269.0,38.0,72.0,1.0,0.0,1.0,404,80
42,14,672,224,688,240,480.8,551.2,2183.0,2253.4,1,577,147712.0,338.0,9.7054,0.0174,2053.4468,528.0,510.0,18.0,238.0,0.0,0.0,0.0,721,89
43,14,688,224,704,240,551.2,621.6,2183.0,2253.4,1,533,136448.0,259.0,8.6363,0.0173,752.0684,455.0,449.0,6.0,246.0,0.0,0.0,0.0,692,90
44,14,704,224,720,240,621.6,692.0,2183.0,2253.4,1,518,132608.0,257.0,8.563,0.017,633.6127,414.0,409.0,5.0,243.0,1.0,1.0,0.0,605,90
45,14,720,224,736,240,692.0,762.4,2183.0,2253.4,1,508,130048.0,239.0,8.2982,0.0168,427.5326,312.0,294.0,18.0,191.0,1.0,0.0,1.0,483,87
46,14,736,224,752,240,762.4,832.8,2183.0,2253.4,1,501,128256.0,232.0,8.2463,0.0165,392.1213,231.0,222.0,9.0,131.0,0.0,0.0,0.0,360,81
47,14,752,224,768,240,832.8,903.2,2183.0,2253.4,1,499,127744.0,232.0,8.2384,0.0162,392.0453,157.0,148.0,9.0,82.0,2.0,2.0,0.0,227,70
48,14,768,224,784,240,903.2,973.6,2183.0,2253.4,1,504,129024.0,236.0,8.3102,0.0159,428.8098,129.0,125.0,4.0,59.0,0.0,0.0,0.0,190,63
49,14,784,224,800,240,973.6,1044.0,2183.0,2253.4,1,508,130048.0,242.0,8.3955,0.0157,469.4019,137.0,135.0,2.0,59.0,0.0,0.0,0.0,202,66
50,14,800,224,816,240,1044.0,1114.4,2183.0,2253.4,1,539,137984.0,285.0,8.7108,0.0155,941.4688,135.0,134.0,1.0,57.0,0.0,0.0,0.0,206,65
51,14,816,224,832,240,1114.4,1184.8,2183.0,2253.4,1,601,153856.0,297.0,9.0078,0.0152,1501.5482,123.0,119.0,4.0,42.0,1.0,1.0,0.0,176,53
52,14,832,224,848,240,1184.8,1255.2,2183.0,2253.4,1,614,157184.0,299.0,9.0697,0.015,1583.3515,172.0,167.0,5.0,54.0,0.0,0.0,0.0,165,45
53,14,848,224,864,240,1255.2,1325.6,2183.0,2253.4,1,622,159232.0,299.0,9.1033,0.0148,1645.9636,146.0,124.0,22.0,44.0,0.0,0.0,0.0,185,52
54,14,864,224,880,240,1325.6,1396.0,2183.0,2253.4,1,626,160256.0,299.0,9.1227,0.0146,1662.3754,154.0,105.0,49.0,15.0,1.0,1.0,0.0,180,56
55,14,880,224,896,240,1396.0,1466.4,2183.0,2253.4,1,630,161280.0,301.0,9.1421,0.0144,1711.5563,113.0,99.0,14.0,11.0,0.0,0.0,0.0,123,43
56,14,896,224,912,240,1466.4,1536.8,2183.0,2253.4,1,634,162304.0,301.0,9.1616,0.0141,1792.9116,60.0,51.0,9.0,3.0,0.0,0.0,0.0,80,32
57,14,912,224,928,240,1536.8,1607.2,2183.0,2253.4,1,633,162048.0,302.0,9.1567,0.0139,1845.8625,35.0,21.0,14.0,4.0,0.0,0.0,0.0,44,17
58,14,928,224,944,240,1607.2,1677.6,2183.0,2253.4,1,612,156672.0,298.0,9.0553,0.0137,1886.4397,33.0,20.0,13.0,3.0,0.0,0.0,0.0,38,14
59,14,944,224,960,240,1677.6,1748.0,2183.0,2253.4,1,573,146688.0,337.0,10.1172,0.0134,2455.5281,20.0,14.0,6.0,1.0,1.0,1.0,0.0,32,11
60,14,960,224,976,240,1748.0,1818.4,2183.0,2253.4,1,575,147200.0,354.0,10.2869,0.0132,4761.015,2.0,0.0,2.0,0.0,0.0,0.0,0.0,2,1
4,15,64,240,80,256,-2194.4,-2124.0,2112.6,2183.0,1,522,133632.0,350.0,10.5331,0.0137,13965.7762,46.0,46.0,0.0,3.0,0.0,0.0,0.0,32,9
5,15,80,240,96,256,-2124.0,-2053.6,2112.6,2183.0,1,492,125952.0,257.0,8.4244,0.014,1034.203,22.0,17.0,5.0,4.0,0.0,0.0,0.0,24,10
6,15,96,240,112,256,-2053.6,-1983.2,2112.6,2183.0,1,496,126976.0,255.0,8.4161,0.0142,1032.4752,38.0,28.0,10.0,5.0,0.0,0.0,0.0,41,18
7,15,112,240,128,256,-1983.2,-1912.8,2112.6,2183.0,1,496,126976.0,255.0,8.4079,0.0144,950.9136,58.0,33.0,25.0,5.0,0.0,0.0,0.0,62,21
8,15,128,240,144,256,-1912.8,-1842.4,2112.6,2183.0,1,497,127232.0,256.0,8.491,0.0147,975.8415,59.0,41.0,18.0,6.0,2.0,0.0,2.0,55,20
9,15,144,240,160,256,-1842.4,-1772.0,2112.6,2183.0,1,493,126208.0,255.0,8.4743,0.0149,839.0801,77.0,59.0,18.0,23.0,0.0,0.0,0.0,76,22
10,15,160,240,176,256,-1772.0,-1701.6,2112.6,2183.0,1,490,125440.0,252.0,8.4493,0.0151,774.0402,105.0,80.0,25.0,46.0,1.0,1.0,0.0,95,33
11,15,176,240,192,256,-1701.6,-1631.2,2112.6,2183.0,1,489,125184.0,239.0,8.3385,0.0153,630.5255,91.0,76.0,15.0,31.0,1.0,0.0,1.0,94,37
12,15,192,240,208,256,-1631.2,-1560.8,2112.6,2183.0,1,487,124672.0,235.0,8.2942,0.0155,579.1955,96.0,89.0,7.0,34.0,0.0,0.0,0.0,110,40
13,15,208,240,224,256,-1560.8,-1490.4,2112.6,2183.0,1,488,124928.0,235.0,8.2982,0.0157,580.4446,113.0,96.0,17.0,36.0,0.0,0.0,0.0,136,47
14,15,224,240,240,256,-1490.4,-1420.0,2112.6,2183.0,1,490,125440.0,234.0,8.2424,0.0159,578.7828,159.0,138.0,21.0,51.0,0.0,0.0,0.0,213,65
15,15,240,240,256,256,-1420.0,-1349.6,2112.6,2183.0,1,490,125440.0,234.0,8.2424,0.0161,572.072,391.0,343.0,48.0,118.0,1.0,0.0,1.0,470,87
16,15,256,240,272,256,-1349.6,-1279.2,2112.6,2183.0,1,492,125952.0,232.0,8.2503,0.0163,568.1069,117.0,107.0,10.0,15.0,0.0,0.0,0.0,151,50
17,15,272,240,288,256,-1279.2,-1208.8,2112.6,2183.0,1,492,125952.0,232.0,8.2503,0.0165,552.7593,73.0,70.0,3.0,0.0,0.0,0.0,0.0,59,16
18,15,288,240,304,256,-1208.8,-1138.4,2112.6,2183.0,1,484,123904.0,230.0,8.2187,0.0167,476.0652,295.0,252.0,43.0,0.0,0.0,0.0,0.0,134,30
19,15,304,240,320,256,-1138.4,-1068.0,2112.6,2183.0,1,475,121600.0,225.0,8.0191,0.0168,376.1834,69.0,67.0,2.0,1.0,0.0,0.0,0.0,68,26
20,15,320,240,336,256,-1068.0,-997.6,2112.6,2183.0,1,470,120320.0,226.0,8.0004,0.017,328.153,181.0,168.0,13.0,0.0,0.0,0.0,0.0,132,41
21,15,336,240,352,256,-997.6,-927.2,2112.6,2183.0,1,470,120320.0,224.0,8.0004,0.0172,304.9566,224.0,207.0,17.0,3.0,0.0,0.0,0.0,168,47
22,15,352,240,368,256,-927.2,-856.8,2112.6,2183.0,1,473,121088.0,224.0,8.0116,0.0174,293.7837,171.0,154.0,17.0,3.0,0.0,0.0,0.0,162,47
23,15,368,240,384,256,-856.8,-786.4,2112.6,2183.0,1,477,122112.0,229.0,8.1524,0.0177,290.3888,194.0,174.0,20.0,4.0,0.0,0.0,0.0,191,47
24,15,384,240,400,256,-786.4,-716.0,2112.6,2183.0,1,504,129024.0,252.0,8.4576,0.018,612.19,237.0,204.0,33.0,23.0,2.0,0.0,2.0,209,57
25,15,400,240,416,256,-716.0,-645.6,2112.6,2183.0,1,583,149248.0,296.0,8.9889,0.0183,1503.6205,199.0,170.0,29.0,42.0,0.0,0.0,0.0,221,61
26,15,416,240,432,256,-645.6,-575.2,2112.6,2183.0,1,642,164352.0,343.0,11.2435,0.0185,2760.6783,278.0,205.0,73.0,67.0,0.0,0.0,0.0,295,70
27,15,432,240,448,256,-575.2,-504.8,2112.6,2183.0,1,694,177664.0,362.0,11.7595,0.0186,4349.5959,185.0,153.0,32.0,47.0,0.0,0.0,0.0,218,66
28,15,448,240,464,256,-504.8,-434.4,2112.6,2183.0,1,696,178176.0,357.0,11.5305,0.0187,4036.3497,128.0,114.0,14.0,44.0,0.0,0.0,0.0,158,55
29,15,464,240,480,256,-434.4,-364.0,2112.6,2183.0,1,712,182272.0,359.0,11.6557,0.0187,4285.8903,161.0,152.0,9.0,54.0,0.0,0.0,0.0,195,65
30,15,480,240,496,256,-364.0,-293.6,2112.6,2183.0,1,723,185088.0,362.0,11.7354,0.0187,4470.9837,244.0,236.0,8.0,99.0,0.0,0.0,0.0,275,69
31,15,496,240,512,256,-293.6,-223.2,2112.6,2183.0,1,717,183552.0,361.0,11.7354,0.0188,4036.264,440.0,436.0,4.0,167.0,0.0,0.0,0.0,418,83
32,15,512,240,528,256,-223.2,-152.8,2112.6,2183.0,1,642,164352.0,306.0,9.2655,0.0188,2243.3919,618.0,604.0,14.0,245.0,0.0,0.0,0.0,642,90
33,15,528,240,544,256,-152.8,-82.4,2112.6,2183.0,1,593,151808.0,257.0,8.8408,0.0187,1121.3072,484.0,478.0,6.0,229.0,0.0,0.0,0.0,669,91
34,15,544,240,560,256,-82.4,-12.0,2112.6,2183.0,1,587,150272.0,257.0,8.8682,0.0186,968.7645,334.0,329.0,5.0,162.0,0.0,0.0,0.0,500,85
35,15,560,240,576,256,-12.0,58.4,2112.6,2183.0,1,580,148480.0,241.0,8.5248,0.0185,736.5034,269.0,267.0,2.0,107.0,0.0,0.0,0.0,382,78
36,15,576,240,592,256,58.4,128.8,2112.6,2183.0,1,577,147712.0,242.0,8.5079,0.0184,741.4676,199.0,194.0,5.0,42.0,0.0,0.0,0.0,226,59
37,15,592,240,608,256,128.8,199.2,2112.6,2183.0,1,577,147712.0,246.0,8.5079,0.0183,793.6515,130.0,128.0,2.0,25.0,0.0,0.0,0.0,165,47
38,15,608,240,624,256,199.2,269.6,2112.6,2183.0,1,606,155136.0,308.0,9.3462,0.0183,2543.8485,98.0,95.0,3.0,18.0,0.0,0.0,0.0,124,43
39,15,624,240,640,256,269.6,340.0,2112.6,2183.0,1,608,155648.0,313.0,9.3614,0.0182,2223.4948,572.0,393.0,179.0,9.0,2.0,1.0,1.0,363,68
40,15,640,240,656,256,340.0,410.4,2112.6,2183.0,1,614,157184.0,339.0,9.8389,0.018,2805.4439,234.0,179.0,55.0,13.0,0.0,0.0,0.0,270,64
41,15,656,240,672,256,410.4,480.8,2112.6,2183.0,1,610,156160.0,339.0,9.8842,0.0179,2857.9969,226.0,202.0,24.0,55.0,2.0,2.0,0.0,265,60
42,15,672,240,688,256,480.8,551.2,2112.6,2183.0,1,599,153344.0,338.0,9.8276,0.0177,2437.2186,455.0,426.0,29.0,50.0,0.0,0.0,0.0,354,69
43,15,688,240,704,256,551.2,621.6,2112.6,2183.0,1,549,140544.0,261.0,8.6931,0.0175,896.3388,232.0,222.0,10.0,21.0,0.0,0.0,0.0,236,58
44,15,704,240,720,256,621.6,692.0,2112.6,2183.0,1,522,133632.0,239.0,8.3466,0.0172,474.3032,181.0,178.0,3.0,32.0,1.0,1.0,0.0,212,58
45,15,720,240,736,256,692.0,762.4,2112.6,2183.0,1,515,131840.0,235.0,8.3022,0.0169,428.0497,149.0,149.0,0.0,42.0,0.0,0.0,0.0,187,61
46,15,736,240,752,256,762.4,832.8,2112.6,2183.0,1,506,129536.0,231.0,8.2622,0.0166,396.6107,173.0,156.0,17.0,80.0,0.0,0.0,0.0,258,68
47,15,752,240,768,256,832.8,903.2,2112.6,2183.0,1,506,129536.0,230.0,8.2582,0.0163,414.1057,218.0,206.0,12.0,135.0,1.0,1.0,0.0,337,79
48,15,768,240,784,256,903.2,973.6,2112.6,2183.0,1,507,129792.0,230.0,8.2622,0.016,429.3908,218.0,212.0,6.0,145.0,0.0,0.0,0.0,346,81
49,15,784,240,800,256,973.6,1044.0,2112.6,2183.0,1,511,130816.0,235.0,8.3344,0.0158,467.1173,217.0,213.0,4.0,142.0,1.0,0.0,1.0,363,83
50,15,800,240,816,256,1044.0,1114.4,2112.6,2183.0,1,523,133888.0,248.0,8.4995,0.0156,574.3073,193.0,191.0,2.0,122.0,0.0,0.0,0.0,310,77
51,15,816,240,832,256,1114.4,1184.8,2112.6,2183.0,1,603,154368.0,296.0,9.0125,0.0154,1624.8318,177.0,177.0,0.0,119.0,0.0,0.0,0.0,292,70
52,15,832,240,848,256,1184.8,1255.2,2112.6,2183.0,1,623,159488.0,298.0,9.1082,0.0152,1751.5939,173.0,165.0,8.0,90.0,0.0,0.0,0.0,232,67
53,15,848,240,864,256,1255.2,1325.6,2112.6,2183.0,1,630,161280.0,298.0,9.0937,0.0149,1735.5403,121.0,92.0,29.0,32.0,1.0,1.0,0.0,186,50
54,15,864,240,880,256,1325.6,1396.0,2112.6,2183.0,1,636,162816.0,300.0,9.1227,0.0147,1772.7291,129.0,83.0,46.0,19.0,0.0,0.0,0.0,176,55
55,15,880,240,896,256,1396.0,1466.4,2112.6,2183.0,1,638,163328.0,300.0,9.1324,0.0145,1798.3642,98.0,84.0,14.0,14.0,0.0,0.0,0.0,125,49
56,15,896,240,912,256,1466.4,1536.8,2112.6,2183.0,1,640,163840.0,299.0,9.1421,0.0143,1872.1874,61.0,51.0,10.0,10.0,0.0,0.0,0.0,90,36
57,15,912,240,928,256,1536.8,1607.2,2112.6,2183.0,1,643,164608.0,301.0,9.1567,0.014,1992.9139,37.0,34.0,3.0,9.0,0.0,0.0,0.0,56,24
58,15,928,240,944,256,1607.2,1677.6,2112.6,2183.0,1,629,161024.0,315.0,9.4283,0.0138,2166.01,17.0,13.0,4.0,2.0,0.0,0.0,0.0,21,9
59,15,944,240,960,256,1677.6,1748.0,2112.6,2183.0,1,622,159232.0,365.0,10.4752,0.0135,4446.7303,119.0,100.0,19.0,33.0,1.0,1.0,0.0,65,14
60,15,960,240,976,256,1748.0,1818.4,2112.6,2183.0,1,616,157696.0,360.0,10.585,0.0133,7067.7366,42.0,30.0,12.0,0.0,1.0,1.0,0.0,34,12
4,16,64,256,80,272,-2194.4,-2124.0,2042.2,2112.6,1,526,134656.0,352.0,10.559,0.0139,15953.5152,634.0,634.0,0.0,8.0,0.0,0.0,0.0,22,10
5,16,80,256,96,272,-2124.0,-2053.6,2042.2,2112.6,1,509,130304.0,299.0,10.4054,0.0141,5709.883,46.0,36.0,10.0,4.0,0.0,0.0,0.0,45,18
6,16,96,256,112,272,-2053.6,-1983.2,2042.2,2112.6,1,500,128000.0,256.0,8.4327,0.0143,1117.3509,43.0,28.0,15.0,3.0,0.0,0.0,0.0,43,18
7,16,112,256,128,272,-1983.2,-1912.8,2042.2,2112.6,1,498,127488.0,256.0,8.4161,0.0145,1015.7762,62.0,43.0,19.0,3.0,0.0,0.0,0.0,54,19
8,16,128,256,144,272,-1912.8,-1842.4,2042.2,2112.6,1,500,128000.0,255.0,8.4244,0.0148,1016.7525,44.0,35.0,9.0,5.0,0.0,0.0,0.0,54,20
9,16,144,256,160,272,-1842.4,-1772.0,2042.2,2112.6,1,496,126976.0,254.0,8.4079,0.015,874.4487,95.0,83.0,12.0,27.0,0.0,0.0,0.0,88,26
10,16,160,256,176,272,-1772.0,-1701.6,2042.2,2112.6,1,494,126464.0,249.0,8.3792,0.0152,811.6043,72.0,61.0,11.0,29.0,0.0,0.0,0.0,78,27
11,16,176,256,192,272,-1701.6,-1631.2,2042.2,2112.6,1,489,125184.0,235.0,8.2266,0.0154,612.9621,111.0,97.0,14.0,37.0,0.0,0.0,0.0,119,42
12,16,192,256,208,272,-1631.2,-1560.8,2042.2,2112.6,1,490,125440.0,234.0,8.2305,0.0156,610.6571,130.0,109.0,21.0,51.0,0.0,0.0,0.0,168,49
13,16,208,256,224,272,-1560.8,-1490.4,2042.2,2112.6,1,490,125440.0,231.0,8.1679,0.0158,595.5365,104.0,92.0,12.0,48.0,0.0,0.0,0.0,142,46
14,16,224,256,240,272,-1490.4,-1420.0,2042.2,2112.6,1,491,125696.0,233.0,8.1718,0.016,604.9108,147.0,136.0,11.0,70.0,1.0,1.0,0.0,182,57
15,16,240,256,256,272,-1420.0,-1349.6,2042.2,2112.6,1,495,126720.0,234.0,8.1874,0.0161,627.5093,132.0,123.0,9.0,30.0,1.0,1.0,0.0,146,43
16,16,256,256,272,272,-1349.6,-1279.2,2042.2,2112.6,1,495,126720.0,232.0,8.1874,0.0163,615.5361,0.0,0.0,0.0,0.0,0.0,0.0,0.0,0,0
17,16,272,256,288,272,-1279.2,-1208.8,2042.2,2112.6,1,477,122112.0,225.0,7.9559,0.0165,433.9055,37.0,37.0,0.0,0.0,0.0,0.0,0.0,8,4
18,16,288,256,304,272,-1208.8,-1138.4,2042.2,2112.6,1,462,118272.0,224.0,7.901,0.0167,314.2769,212.0,202.0,10.0,0.0,0.0,0.0,0.0,57,13
19,16,304,256,320,272,-1138.4,-1068.0,2042.2,2112.6,1,459,117504.0,221.0,7.8901,0.0169,278.107,24.0,12.0,12.0,0.0,0.0,0.0,0.0,13,4
20,16,320,256,336,272,-1068.0,-997.6,2042.2,2112.6,1,459,117504.0,221.0,7.8901,0.017,289.7323,27.0,15.0,12.0,0.0,0.0,0.0,0.0,8,4
21,16,336,256,352,272,-997.6,-927.2,2042.2,2112.6,1,460,117760.0,219.0,7.8937,0.0172,300.7355,37.0,33.0,4.0,0.0,0.0,0.0,0.0,27,11
22,16,352,256,368,272,-927.2,-856.8,2042.2,2112.6,1,468,119808.0,221.0,7.9229,0.0174,358.8578,89.0,82.0,7.0,0.0,1.0,1.0,0.0,75,22
23,16,368,256,384,272,-856.8,-786.4,2042.2,2112.6,1,472,120832.0,220.0,7.9375,0.0178,345.7131,204.0,199.0,5.0,1.0,2.0,2.0,0.0,121,25
24,16,384,256,400,272,-786.4,-716.0,2042.2,2112.6,1,483,123648.0,223.0,7.9781,0.0182,372.5051,318.0,310.0,8.0,3.0,2.0,2.0,0.0,84,29
25,16,400,256,416,272,-716.0,-645.6,2042.2,2112.6,1,542,138752.0,268.0,8.5502,0.0186,1039.9395,65.0,57.0,8.0,5.0,0.0,0.0,0.0,62,25
26,16,416,256,432,272,-645.6,-575.2,2042.2,2112.6,1,642,164352.0,314.0,9.2009,0.0188,2258.5184,112.0,92.0,20.0,1.0,2.0,1.0,1.0,68,27
27,16,432,256,448,272,-575.2,-504.8,2042.2,2112.6,1,710,181760.0,367.0,11.8898,0.0189,4720.94,321.0,211.0,110.0,58.0,3.0,0.0,3.0,292,68
28,16,448,256,464,272,-504.8,-434.4,2042.2,2112.6,1,714,182784.0,359.0,11.6163,0.0191,4401.9366,96.0,62.0,34.0,19.0,1.0,0.0,1.0,90,38
29,16,464,256,480,272,-434.4,-364.0,2042.2,2112.6,1,727,186112.0,358.0,11.6478,0.0191,4606.9751,91.0,70.0,21.0,25.0,1.0,0.0,1.0,108,46
30,16,480,256,496,272,-364.0,-293.6,2042.2,2112.6,1,730,186880.0,357.0,11.6637,0.0191,4688.6512,275.0,254.0,21.0,94.0,1.0,0.0,1.0,221,64
31,16,496,256,512,272,-293.6,-223.2,2042.2,2112.6,1,716,183296.0,360.0,11.6084,0.0191,4139.9701,277.0,266.0,11.0,150.0,0.0,0.0,0.0,316,76
32,16,512,256,528,272,-223.2,-152.8,2042.2,2112.6,1,607,155392.0,288.0,8.9655,0.019,1809.6198,238.0,220.0,18.0,96.0,0.0,0.0,0.0,258,65
33,16,528,256,544,272,-152.8,-82.4,2042.2,2112.6,1,574,146944.0,252.0,8.6276,0.0189,1031.4291,146.0,128.0,18.0,31.0,0.0,0.0,0.0,148,47
34,16,544,256,560,272,-82.4,-12.0,2042.2,2112.6,1,564,144384.0,234.0,8.3547,0.0188,718.7699,215.0,200.0,15.0,17.0,0.0,0.0,0.0,164,46
35,16,560,256,576,272,-12.0,58.4,2042.2,2112.6,1,559,143104.0,234.0,8.3344,0.0186,688.1744,234.0,222.0,12.0,5.0,1.0,1.0,0.0,205,45
36,16,576,256,592,272,58.4,128.8,2042.2,2112.6,1,558,142848.0,232.0,8.3183,0.0185,678.2045,159.0,152.0,7.0,7.0,1.0,0.0,1.0,172,41
37,16,592,256,608,272,128.8,199.2,2042.2,2112.6,1,564,144384.0,235.0,8.3425,0.0184,737.3387,126.0,124.0,2.0,6.0,0.0,0.0,0.0,130,39
38,16,608,256,624,272,199.2,269.6,2042.2,2112.6,1,566,144896.0,246.0,8.4493,0.0184,850.5411,120.0,115.0,5.0,4.0,2.0,1.0,1.0,112,36
39,16,624,256,640,272,269.6,340.0,2042.2,2112.6,1,608,155648.0,308.0,9.3056,0.0184,2719.5429,347.0,195.0,152.0,4.0,1.0,0.0,1.0,340,65
40,16,640,256,656,272,340.0,410.4,2042.2,2112.6,1,615,157440.0,332.0,9.7828,0.0182,3370.1339,284.0,219.0,65.0,32.0,1.0,0.0,1.0,333,69
41,16,656,256,672,272,410.4,480.8,2042.2,2112.6,1,625,160000.0,336.0,9.9128,0.0181,4163.8174,298.0,253.0,45.0,42.0,4.0,2.0,2.0,292,66
42,16,672,256,688,272,480.8,551.2,2042.2,2112.6,1,605,154880.0,334.0,9.8052,0.0179,3216.4352,1842.0,1772.0,70.0,22.0,3.0,3.0,0.0,281,63
43,16,688,256,704,272,551.2,621.6,2042.2,2112.6,1,544,139264.0,259.0,8.5716,0.0177,910.6515,212.0,199.0,13.0,8.0,0.0,0.0,0.0,181,50
44,16,704,256,720,272,621.6,692.0,2042.2,2112.6,1,521,133376.0,229.0,8.2148,0.0173,497.3511,130.0,128.0,2.0,7.0,0.0,0.0,0.0,143,47
45,16,720,256,736,272,692.0,762.4,2042.2,2112.6,1,513,131328.0,227.0,8.2384,0.0169,411.8064,138.0,138.0,0.0,8.0,1.0,1.0,0.0,116,39
46,16,736,256,752,272,762.4,832.8,2042.2,2112.6,1,512,131072.0,229.0,8.2345,0.0166,422.6242,134.0,113.0,21.0,8.0,2.0,2.0,0.0,123,40
47,16,752,256,768,272,832.8,903.2,2042.2,2112.6,1,509,130304.0,228.0,8.2305,0.0163,423.3188,178.0,163.0,15.0,9.0,1.0,1.0,0.0,122,41
48,16,768,256,784,272,903.2,973.6,2042.2,2112.6,1,506,129536.0,226.0,8.2187,0.016,418.5888,107.0,104.0,3.0,16.0,1.0,1.0,0.0,127,46
49,16,784,256,800,272,973.6,1044.0,2042.2,2112.6,1,510,130560.0,227.0,8.2345,0.0158,448.9522,119.0,116.0,3.0,31.0,2.0,2.0,0.0,153,50
50,16,800,256,816,272,1044.0,1114.4,2042.2,2112.6,1,519,132864.0,236.0,8.3628,0.0156,525.64,155.0,153.0,2.0,77.0,0.0,0.0,0.0,226,68
51,16,816,256,832,272,1114.4,1184.8,2042.2,2112.6,1,590,151040.0,289.0,8.9004,0.0155,1595.9857,213.0,212.0,1.0,130.0,0.0,0.0,0.0,332,80
52,16,832,256,848,272,1184.8,1255.2,2042.2,2112.6,1,630,161280.0,296.0,9.0937,0.0153,1965.6887,394.0,390.0,4.0,269.0,2.0,2.0,0.0,522,86
53,16,848,256,864,272,1255.2,1325.6,2042.2,2112.6,1,643,164608.0,298.0,9.1567,0.0151,2063.4224,333.0,291.0,42.0,151.0,2.0,2.0,0.0,469,83
54,16,864,256,880,272,1325.6,1396.0,2042.2,2112.6,1,647,165632.0,300.0,9.1763,0.0149,2040.3221,184.0,127.0,57.0,30.0,2.0,2.0,0.0,197,61
55,16,880,256,896,272,1396.0,1466.4,2042.2,2112.6,1,651,166656.0,300.0,9.196,0.0146,2086.8806,138.0,111.0,27.0,19.0,0.0,0.0,0.0,130,43
56,16,896,256,912,272,1466.4,1536.8,2042.2,2112.6,1,657,168192.0,302.0,9.2256,0.0144,2226.7022,62.0,55.0,7.0,4.0,0.0,0.0,0.0,82,28
57,16,912,256,928,272,1536.8,1607.2,2042.2,2112.6,1,657,168192.0,301.0,9.2256,0.0142,2309.5005,101.0,94.0,7.0,4.0,1.0,0.0,1.0,60,20
58,16,928,256,944,272,1607.2,1677.6,2042.2,2112.6,1,651,166656.0,347.0,10.5395,0.0139,3155.9845,138.0,136.0,2.0,41.0,0.0,0.0,0.0,26,12
59,16,944,256,960,272,1677.6,1748.0,2042.2,2112.6,1,651,166656.0,369.0,10.7575,0.0137,6125.2446,467.0,420.0,47.0,69.0,0.0,0.0,0.0,76,20
60,16,960,256,976,272,1748.0,1818.4,2042.2,2112.6,1,659,168704.0,368.0,10.8733,0.0134,11129.3979,76.0,28.0,48.0,0.0,1.0,0.0,1.0,56,16
4,17,64,272,80,288,-2194.4,-2124.0,1971.8,2042.2,1,469,120064.0,295.0,9.1616,0.014,9579.4008,32.0,16.0,16.0,2.0,2.0,0.0,2.0,25,8
5,17,80,272,96,288,-2124.0,-2053.6,1971.8,2042.2,1,488,124928.0,335.0,10.2074,0.0143,8785.7073,37.0,28.0,9.0,1.0,0.0,0.0,0.0,40,17
6,17,96,272,112,288,-2053.6,-1983.2,1971.8,2042.2,1,461,118016.0,254.0,8.0719,0.0145,994.9948,52.0,34.0,18.0,3.0,0.0,0.0,0.0,56,20
7,17,112,272,128,288,-1983.2,-1912.8,1971.8,2042.2,1,456,116736.0,256.0,8.0454,0.0147,881.2288,122.0,109.0,13.0,9.0,0.0,0.0,0.0,131,24
8,17,128,272,144,288,-1912.8,-1842.4,1971.8,2042.2,1,447,114432.0,254.0,7.9412,0.0149,808.4461,174.0,148.0,26.0,13.0,1.0,0.0,1.0,180,28
9,17,144,272,160,288,-1842.4,-1772.0,1971.8,2042.2,1,435,111360.0,252.0,7.8937,0.0151,639.1043,289.0,259.0,30.0,27.0,1.0,1.0,0.0,242,39
10,17,160,272,176,288,-1772.0,-1701.6,1971.8,2042.2,1,422,108032.0,235.0,7.6887,0.0153,545.5413,317.0,286.0,31.0,43.0,0.0,0.0,0.0,168,42
11,17,176,272,192,288,-1701.6,-1631.2,1971.8,2042.2,1,404,103424.0,225.0,7.4843,0.0155,410.1284,152.0,134.0,18.0,65.0,0.0,0.0,0.0,154,50
12,17,192,272,208,288,-1631.2,-1560.8,1971.8,2042.2,1,384,98304.0,220.0,7.356,0.0156,371.6516,118.0,105.0,13.0,61.0,0.0,0.0,0.0,122,42
13,17,208,272,224,288,-1560.8,-1490.4,1971.8,2042.2,1,349,89344.0,217.0,7.2229,0.0158,253.1221,105.0,94.0,11.0,40.0,0.0,0.0,0.0,118,44
14,17,224,272,240,288,-1490.4,-1420.0,1971.8,2042.2,1,307,78592.0,134.0,5.9759,0.016,22.1876,172.0,154.0,18.0,50.0,1.0,0.0,1.0,158,49
15,17,240,272,256,288,-1420.0,-1349.6,1971.8,2042.2,1,282,72192.0,122.0,5.9101,0.0161,10.2245,180.0,133.0,47.0,3.0,1.0,1.0,0.0,92,25
26,17,416,272,432,288,-645.6,-575.2,1971.8,2042.2,1,533,136448.0,291.0,8.1874,0.0191,1810.982,0.0,0.0,0.0,0.0,0.0,0.0,0.0,0,0
27,17,432,272,448,288,-575.2,-504.8,1971.8,2042.2,1,666,170496.0,361.0,11.2583,0.0193,4572.7824,359.0,143.0,216.0,47.0,3.0,0.0,3.0,287,61
28,17,448,272,464,288,-504.8,-434.4,1971.8,2042.2,1,682,174592.0,355.0,11.1486,0.0194,4234.7496,140.0,109.0,31.0,13.0,2.0,1.0,1.0,102,36
29,17,464,272,480,288,-434.4,-364.0,1971.8,2042.2,1,691,176896.0,355.0,11.2142,0.0195,4320.2337,132.0,90.0,42.0,29.0,0.0,0.0,0.0,142,45
30,17,480,272,496,288,-364.0,-293.6,1971.8,2042.2,1,699,178944.0,354.0,11.3028,0.0195,4488.1693,828.0,764.0,64.0,141.0,6.0,3.0,3.0,309,66
31,17,496,272,512,288,-293.6,-223.2,1971.8,2042.2,1,682,174592.0,357.0,11.2068,0.0194,3919.1817,134.0,126.0,8.0,44.0,1.0,1.0,0.0,122,36
32,17,512,272,528,288,-223.2,-152.8,1971.8,2042.2,1,537,137472.0,252.0,8.1485,0.0192,1118.7825,40.0,40.0,0.0,2.0,1.0,1.0,0.0,25,10
33,17,528,272,544,288,-152.8,-82.4,1971.8,2042.2,1,499,127744.0,219.0,7.5834,0.019,644.3925,0.0,0.0,0.0,0.0,0.0,0.0,0.0,0,0
34,17,544,272,560,288,-82.4,-12.0,1971.8,2042.2,1,474,121344.0,212.0,7.468,0.0188,590.8521,828.0,828.0,0.0,0.0,0.0,0.0,0.0,83,18
35,17,560,272,576,288,-12.0,58.4,1971.8,2042.2,1,421,107776.0,208.0,7.275,0.0186,521.8611,396.0,392.0,4.0,0.0,1.0,1.0,0.0,111,22
39,17,624,272,640,288,269.6,340.0,1971.8,2042.2,1,328,83968.0,222.0,7.6544,0.0185,400.5294,380.0,154.0,226.0,0.0,3.0,1.0,2.0,254,47
40,17,640,272,656,288,340.0,410.4,1971.8,2042.2,1,441,112896.0,316.0,8.6319,0.0184,2326.8284,304.0,167.0,137.0,31.0,0.0,0.0,0.0,309,59
41,17,656,272,672,288,410.4,480.8,1971.8,2042.2,1,494,126464.0,320.0,8.9561,0.0182,3644.3287,235.0,178.0,57.0,24.0,1.0,0.0,1.0,146,39
42,17,672,272,688,288,480.8,551.2,1971.8,2042.2,1,481,123136.0,317.0,8.9328,0.018,3255.235,63.0,19.0,44.0,1.0,0.0,0.0,0.0,47,12
48,17,768,272,784,288,903.2,973.6,1971.8,2042.2,1,263,67328.0,113.0,5.9801,0.0159,7.3403,1.0,1.0,0.0,0.0,0.0,0.0,0.0,2,1
49,17,784,272,800,288,973.6,1044.0,1971.8,2042.2,1,285,72960.0,125.0,6.1121,0.0158,9.2076,6.0,6.0,0.0,2.0,0.0,0.0,0.0,6,3
50,17,800,272,816,288,1044.0,1114.4,1971.8,2042.2,1,364,93184.0,219.0,7.275,0.0156,220.8453,4.0,4.0,0.0,0.0,0.0,0.0,0.0,6,3
51,17,816,272,832,288,1114.4,1184.8,1971.8,2042.2,1,432,110592.0,245.0,7.6956,0.0156,481.5022,10.0,9.0,1.0,3.0,0.0,0.0,0.0,14,7
52,17,832,272,848,288,1184.8,1255.2,1971.8,2042.2,1,556,142336.0,296.0,8.4785,0.0154,1814.0431,437.0,437.0,0.0,416.0,0.0,0.0,0.0,110,39
53,17,848,272,864,288,1255.2,1325.6,1971.8,2042.2,1,583,149248.0,296.0,8.593,0.0152,1833.2438,1214.0,1107.0,107.0,433.0,5.0,5.0,0.0,616,86
54,17,864,272,880,288,1325.6,1396.0,1971.8,2042.2,1,601,153856.0,299.0,8.7329,0.015,1954.128,231.0,190.0,41.0,66.0,0.0,0.0,0.0,308,71
55,17,880,272,896,288,1396.0,1466.4,1971.8,2042.2,1,612,156672.0,301.0,8.782,0.0148,1970.6941,162.0,124.0,38.0,26.0,2.0,0.0,2.0,146,47
56,17,896,272,912,288,1466.4,1536.8,1971.8,2042.2,1,624,159744.0,302.0,8.9189,0.0145,2134.942,136.0,100.0,36.0,5.0,0.0,0.0,0.0,113,40
57,17,912,272,928,288,1536.8,1607.2,1971.8,2042.2,1,632,161792.0,311.0,9.041,0.0143,2308.0561,124.0,120.0,4.0,1.0,0.0,0.0,0.0,54,21
58,17,928,272,944,288,1607.2,1677.6,1971.8,2042.2,1,657,168192.0,373.0,10.5785,0.014,4951.406,308.0,307.0,1.0,36.0,1.0,1.0,0.0,28,9
59,17,944,272,960,288,1677.6,1748.0,1971.8,2042.2,1,659,168704.0,373.0,10.7507,0.0138,8239.3726,193.0,58.0,135.0,13.0,0.0,0.0,0.0,96,17
60,17,960,272,976,288,1748.0,1818.4,1971.8,2042.2,1,644,164864.0,366.0,10.6507,0.0135,12425.1188,203.0,18.0,185.0,0.0,1.0,1.0,0.0,73,15
4,18,64,288,80,304,-2194.4,-2124.0,1901.4,1971.8,1,377,96512.0,220.0,7.2351,0.0141,288.9612,260.0,236.0,24.0,2.0,3.0,2.0,1.0,68,15
5,18,80,288,96,304,-2124.0,-2053.6,1901.4,1971.8,1,430,110080.0,344.0,9.6835,0.0144,10982.6703,95.0,82.0,13.0,8.0,2.0,2.0,0.0,49,17
6,18,96,288,112,304,-2053.6,-1983.2,1901.4,1971.8,1,379,97024.0,244.0,7.5137,0.0146,685.7003,66.0,34.0,32.0,7.0,1.0,0.0,1.0,58,18
7,18,112,288,128,304,-1983.2,-1912.8,1901.4,1971.8,1,367,93952.0,242.0,7.4485,0.0148,602.8133,219.0,206.0,13.0,6.0,0.0,0.0,0.0,317,23
8,18,128,288,144,304,-1912.8,-1842.4,1901.4,1971.8,1,344,88064.0,212.0,7.278,0.015,376.7739,449.0,407.0,42.0,42.0,0.0,0.0,0.0,442,41
9,18,144,288,160,304,-1842.4,-1772.0,1901.4,1971.8,1,320,81920.0,161.0,6.1714,0.0152,73.2214,367.0,324.0,43.0,42.0,0.0,0.0,0.0,202,40
10,18,160,288,176,304,-1772.0,-1701.6,1901.4,1971.8,1,309,79104.0,138.0,6.0136,0.0153,26.6937,119.0,95.0,24.0,29.0,0.0,0.0,0.0,150,40
11,18,176,288,192,304,-1701.6,-1631.2,1901.4,1971.8,1,302,77312.0,137.0,5.9968,0.0155,22.9276,81.0,68.0,13.0,28.0,1.0,0.0,1.0,82,31
12,18,192,288,208,304,-1631.2,-1560.8,1901.4,1971.8,1,294,75264.0,133.0,5.947,0.0156,17.4213,47.0,38.0,9.0,27.0,0.0,0.0,0.0,50,21
13,18,208,288,224,304,-1560.8,-1490.4,1901.4,1971.8,1,283,72448.0,123.0,5.9122,0.0158,10.7154,62.0,57.0,5.0,35.0,1.0,0.0,1.0,62,25
14,18,224,288,240,304,-1490.4,-1420.0,1901.4,1971.8,1,267,68352.0,119.0,5.8457,0.0159,6.3706,284.0,258.0,26.0,35.0,1.0,1.0,0.0,222,37
15,18,240,288,256,304,-1420.0,-1349.6,1901.4,1971.8,1,233,59648.0,100.0,5.3653,0.0159,2.2401,307.0,237.0,70.0,1.0,0.0,0.0,0.0,68,19
26,18,416,288,432,304,-645.6,-575.2,1901.4,1971.8,1,409,104704.0,231.0,7.4356,0.0194,1234.3668,25.0,3.0,22.0,0.0,0.0,0.0,0.0,16,5
27,18,432,288,448,304,-575.2,-504.8,1901.4,1971.8,1,535,136960.0,324.0,10.3178,0.0196,3089.0198,370.0,137.0,233.0,42.0,4.0,1.0,3.0,287,57
28,18,448,288,464,304,-504.8,-434.4,1901.4,1971.8,1,585,149760.0,337.0,10.437,0.0197,3458.129,107.0,86.0,21.0,14.0,1.0,1.0,0.0,98,43
29,18,464,288,480,304,-434.4,-364.0,1901.4,1971.8,1,607,155392.0,342.0,10.5785,0.0198,3688.7148,208.0,131.0,77.0,41.0,1.0,1.0,0.0,156,46
30,18,480,288,496,304,-364.0,-293.6,1901.4,1971.8,1,612,156672.0,344.0,10.6112,0.0198,3788.4436,243.0,122.0,121.0,67.0,3.0,1.0,2.0,226,59
31,18,496,288,512,304,-293.6,-223.2,1901.4,1971.8,1,523,133888.0,338.0,10.0403,0.0197,2611.3468,0.0,0.0,0.0,0.0,0.0,0.0,0.0,0,0
39,18,624,288,640,304,269.6,340.0,1901.4,1971.8,1,270,69120.0,174.0,7.0858,0.0185,177.9451,270.0,105.0,165.0,2.0,0.0,0.0,0.0,249,48
40,18,640,288,656,304,340.0,410.4,1901.4,1971.8,1,284,72704.0,198.0,7.4518,0.0185,268.1499,381.0,192.0,189.0,32.0,2.0,1.0,1.0,406,63
41,18,656,288,672,304,410.4,480.8,1901.4,1971.8,1,291,74496.0,241.0,7.9633,0.0184,624.1742,181.0,97.0,84.0,26.0,0.0,0.0,0.0,214,47
42,18,672,288,688,304,480.8,551.2,1901.4,1971.8,1,237,60672.0,274.0,7.8612,0.0182,1262.0749,109.0,16.0,93.0,5.0,0.0,0.0,0.0,48,23
52,18,832,288,848,304,1184.8,1255.2,1901.4,1971.8,1,389,99584.0,184.0,6.725,0.0155,128.1527,0.0,0.0,0.0,0.0,0.0,0.0,0.0,0,0
53,18,848,288,864,304,1255.2,1325.6,1901.4,1971.8,1,443,113408.0,198.0,6.8868,0.0153,198.0575,405.0,228.0,177.0,103.0,0.0,0.0,0.0,394,77
54,18,864,288,880,304,1325.6,1396.0,1901.4,1971.8,1,484,123904.0,279.0,8.0567,0.0151,1458.6987,289.0,210.0,79.0,87.0,1.0,0.0,1.0,378,80
55,18,880,288,896,304,1396.0,1466.4,1901.4,1971.8,1,515,131840.0,295.0,8.1757,0.0149,1578.1706,136.0,101.0,35.0,40.0,1.0,1.0,0.0,159,51
56,18,896,288,912,304,1466.4,1536.8,1901.4,1971.8,1,540,138240.0,299.0,8.2742,0.0146,1735.7388,144.0,105.0,39.0,19.0,2.0,1.0,1.0,142,46
57,18,912,288,928,304,1536.8,1607.2,1901.4,1971.8,1,566,144896.0,346.0,9.7606,0.0144,2452.3717,60.0,51.0,9.0,3.0,1.0,1.0,0.0,62,25
58,18,928,288,944,304,1607.2,1677.6,1901.4,1971.8,1,609,155904.0,372.0,10.2318,0.0141,5047.3609,63.0,55.0,8.0,8.0,0.0,0.0,0.0,65,22
59,18,944,288,960,304,1677.6,1748.0,1901.4,1971.8,1,620,158720.0,370.0,10.3928,0.0139,8601.3596,78.0,31.0,47.0,19.0,0.0,0.0,0.0,78,17
60,18,960,288,976,304,1748.0,1818.4,1901.4,1971.8,1,551,141056.0,364.0,9.9761,0.0136,8787.3697,109.0,20.0,89.0,0.0,2.0,1.0,1.0,73,15
4,19,64,304,80,320,-2194.4,-2124.0,1831.0,1901.4,1,311,79616.0,144.0,6.5756,0.0142,131.718,376.0,342.0,34.0,4.0,1.0,1.0,0.0,150,16
5,19,80,304,96,320,-2124.0,-2053.6,1831.0,1901.4,1,371,94976.0,262.0,7.6647,0.0145,6934.1763,107.0,78.0,29.0,16.0,0.0,0.0,0.0,85,21
6,19,96,304,112,320,-2053.6,-1983.2,1831.0,1901.4,1,328,83968.0,162.0,6.2071,0.0147,145.8978,114.0,73.0,41.0,3.0,2.0,1.0,1.0,106,29
7,19,112,304,128,320,-1983.2,-1912.8,1831.0,1901.4,1,320,81920.0,158.0,6.167,0.0149,96.0388,196.0,117.0,79.0,15.0,0.0,0.0,0.0,234,39
8,19,128,304,144,320,-1912.8,-1842.4,1831.0,1901.4,1,313,80128.0,157.0,6.1537,0.0151,74.5181,286.0,204.0,82.0,22.0,1.0,0.0,1.0,224,41
9,19,144,304,160,320,-1842.4,-1772.0,1831.0,1901.4,1,300,76800.0,147.0,6.0969,0.0152,44.2551,1114.0,1097.0,17.0,46.0,2.0,2.0,0.0,208,27
10,19,160,304,176,320,-1772.0,-1701.6,1831.0,1901.4,1,290,74240.0,133.0,5.9656,0.0153,16.3528,186.0,152.0,34.0,47.0,0.0,0.0,0.0,118,37
11,19,176,304,192,320,-1701.6,-1631.2,1831.0,1901.4,1,284,72704.0,124.0,5.9142,0.0155,12.1449,70.0,68.0,2.0,35.0,0.0,0.0,0.0,65,24
12,19,192,304,208,320,-1631.2,-1560.8,1831.0,1901.4,1,274,70144.0,121.0,5.8617,0.0156,9.1295,68.0,68.0,0.0,32.0,0.0,0.0,0.0,45,17
13,19,208,304,224,320,-1560.8,-1490.4,1831.0,1901.4,1,261,66816.0,114.0,5.6514,0.0156,4.9328,104.0,101.0,3.0,12.0,0.0,0.0,0.0,115,24
14,19,224,304,240,320,-1490.4,-1420.0,1831.0,1901.4,1,243,62208.0,103.0,5.4024,0.0157,2.6841,471.0,434.0,37.0,18.0,3.0,2.0,1.0,201,31
15,19,240,304,256,320,-1420.0,-1349.6,1831.0,1901.4,1,214,54784.0,96.0,5.3204,0.0156,1.6026,11.0,5.0,6.0,0.0,0.0,0.0,0.0,18,4
26,19,416,304,432,320,-645.6,-575.2,1831.0,1901.4,1,360,92160.0,219.0,7.2534,0.0196,1124.2483,184.0,137.0,47.0,5.0,0.0,0.0,0.0,72,15
27,19,432,304,448,320,-575.2,-504.8,1831.0,1901.4,1,466,119296.0,297.0,9.8729,0.0199,2446.6675,255.0,92.0,163.0,39.0,1.0,1.0,0.0,268,55
28,19,448,304,464,320,-504.8,-434.4,1831.0,1901.4,1,473,121088.0,316.0,9.9357,0.02,2327.3891,182.0,115.0,67.0,46.0,1.0,0.0,1.0,166,50
29,19,464,304,480,320,-434.4,-364.0,1831.0,1901.4,1,463,118528.0,331.0,9.7164,0.0201,2255.715,216.0,108.0,108.0,44.0,0.0,0.0,0.0,225,58
30,19,480,304,496,320,-364.0,-293.6,1831.0,1901.4,1,430,110080.0,297.0,9.4335,0.0201,1727.7403,234.0,100.0,134.0,60.0,0.0,0.0,0.0,212,54
31,19,496,304,512,320,-293.6,-223.2,1831.0,1901.4,1,380,97280.0,255.0,8.7329,0.02,1159.7257,0.0,0.0,0.0,0.0,0.0,0.0,0.0,0,0
39,19,624,304,640,320,269.6,340.0,1831.0,1901.4,1,238,60928.0,167.0,6.9764,0.0187,177.9728,260.0,131.0,129.0,1.0,0.0,0.0,0.0,201,47
40,19,640,304,656,320,340.0,410.4,1831.0,1901.4,1,235,60160.0,179.0,7.0917,0.0187,169.8822,357.0,161.0,196.0,33.0,0.0,0.0,0.0,347,58
41,19,656,304,672,320,410.4,480.8,1831.0,1901.4,1,224,57344.0,197.0,7.4292,0.0186,304.8304,299.0,107.0,192.0,23.0,1.0,0.0,1.0,251,51
42,19,672,304,688,320,480.8,551.2,1831.0,1901.4,1,174,44544.0,174.0,7.2382,0.0184,199.6427,58.0,6.0,52.0,0.0,0.0,0.0,0.0,70,15
52,19,832,304,848,320,1184.8,1255.2,1831.0,1901.4,1,310,79360.0,161.0,6.3424,0.0154,34.7267,0.0,0.0,0.0,0.0,0.0,0.0,0.0,0,0
53,19,848,304,864,320,1255.2,1325.6,1831.0,1901.4,1,390,99840.0,181.0,6.725,0.0153,120.3532,365.0,163.0,202.0,82.0,2.0,1.0,1.0,313,65
54,19,864,304,880,320,1325.6,1396.0,1831.0,1901.4,1,424,108544.0,191.0,6.8212,0.0152,169.4945,290.0,190.0,100.0,87.0,0.0,0.0,0.0,366,73
55,19,880,304,896,320,1396.0,1466.4,1831.0,1901.4,1,450,115200.0,197.0,6.8924,0.015,226.9723,159.0,107.0,52.0,40.0,0.0,0.0,0.0,206,62
56,19,896,304,912,320,1466.4,1536.8,1831.0,1901.4,1,468,119808.0,200.0,6.9482,0.0147,293.764,115.0,78.0,37.0,17.0,0.0,0.0,0.0,151,49
57,19,912,304,928,320,1536.8,1607.2,1831.0,1901.4,1,533,136448.0,280.0,8.5545,0.0145,1652.0734,97.0,86.0,11.0,6.0,0.0,0.0,0.0,82,28
58,19,928,304,944,320,1607.2,1677.6,1831.0,1901.4,1,578,147968.0,335.0,10.0934,0.0142,5336.0012,158.0,99.0,59.0,24.0,0.0,0.0,0.0,108,30
59,19,944,304,960,320,1677.6,1748.0,1831.0,1901.4,1,544,139264.0,354.0,9.9185,0.0139,6491.3504,88.0,43.0,45.0,3.0,2.0,2.0,0.0,75,22
60,19,960,304,976,320,1748.0,1818.4,1831.0,1901.4,1,379,97024.0,296.0,7.6171,0.0137,2539.2366,99.0,58.0,41.0,0.0,3.0,1.0,2.0,60,15
4,20,64,320,80,336,-2194.4,-2124.0,1760.6,1831.0,1,297,76032.0,129.0,5.8657,0.0143,19.7581,519.0,492.0,27.0,3.0,0.0,0.0,0.0,104,14
5,20,80,320,96,336,-2124.0,-2053.6,1760.6,1831.0,1,298,76288.0,134.0,5.8898,0.0146,20.7365,22.0,9.0,13.0,0.0,0.0,0.0,0.0,20,9
6,20,96,320,112,336,-2053.6,-1983.2,1760.6,1831.0,1,341,87296.0,233.0,7.5401,0.0149,3874.1756,194.0,115.0,79.0,0.0,1.0,0.0,1.0,129,29
7,20,112,320,128,336,-1983.2,-1912.8,1760.6,1831.0,1,310,79360.0,159.0,6.1515,0.0151,93.0179,356.0,151.0,205.0,7.0,0.0,0.0,0.0,284,40
8,20,128,320,144,336,-1912.8,-1842.4,1760.6,1831.0,1,299,76544.0,150.0,6.1165,0.0152,59.2605,445.0,297.0,148.0,2.0,1.0,1.0,0.0,89,23
9,20,144,320,160,336,-1842.4,-1772.0,1760.6,1831.0,1,285,72960.0,127.0,5.949,0.0153,13.7216,355.0,351.0,4.0,0.0,1.0,1.0,0.0,180,14
10,20,160,320,176,336,-1772.0,-1701.6,1760.6,1831.0,1,276,70656.0,121.0,5.8657,0.0153,9.6331,136.0,106.0,30.0,34.0,0.0,0.0,0.0,82,22
11,20,176,320,192,336,-1701.6,-1631.2,1760.6,1831.0,1,270,69120.0,120.0,5.8517,0.0154,7.9602,465.0,394.0,71.0,14.0,0.0,0.0,0.0,134,31
12,20,192,320,208,336,-1631.2,-1560.8,1760.6,1831.0,1,260,66560.0,112.0,5.6163,0.0154,5.429,268.0,238.0,30.0,25.0,0.0,0.0,0.0,98,28
13,20,208,320,224,336,-1560.8,-1490.4,1760.6,1831.0,1,247,63232.0,105.0,5.4384,0.0155,2.9472,604.0,544.0,60.0,22.0,2.0,1.0,1.0,158,27
26,20,416,320,432,336,-645.6,-575.2,1760.6,1831.0,1,271,69376.0,194.0,6.7915,0.0198,822.0601,114.0,85.0,29.0,14.0,0.0,0.0,0.0,44,10
27,20,432,320,448,336,-575.2,-504.8,1760.6,1831.0,1,397,101632.0,286.0,9.4699,0.0201,1701.8856,279.0,105.0,174.0,38.0,2.0,1.0,1.0,256,48
28,20,448,320,464,336,-504.8,-434.4,1760.6,1831.0,1,373,95488.0,291.0,9.3717,0.0203,1207.0916,191.0,91.0,100.0,34.0,0.0,0.0,0.0,212,53
29,20,464,320,480,336,-434.4,-364.0,1760.6,1831.0,1,360,92160.0,271.0,9.0173,0.0204,959.3702,262.0,119.0,143.0,57.0,0.0,0.0,0.0,264,66
30,20,480,320,496,336,-364.0,-293.6,1760.6,1831.0,1,350,89600.0,264.0,8.9655,0.0203,895.6683,244.0,74.0,170.0,33.0,3.0,1.0,2.0,217,48
31,20,496,320,512,336,-293.6,-223.2,1760.6,1831.0,1,352,90112.0,265.0,8.6537,0.0202,1381.1425,321.0,117.0,204.0,4.0,1.0,1.0,0.0,116,17
39,20,624,320,640,336,269.6,340.0,1760.6,1831.0,1,210,53760.0,165.0,6.8979,0.0189,163.329,438.0,276.0,162.0,10.0,3.0,0.0,3.0,299,55
40,20,640,320,656,336,340.0,410.4,1760.6,1831.0,1,194,49664.0,170.0,6.8924,0.0189,126.7889,242.0,122.0,120.0,39.0,0.0,0.0,0.0,312,62
41,20,656,320,672,336,410.4,480.8,1760.6,1831.0,1,196,50176.0,175.0,7.2811,0.0188,244.0118,246.0,96.0,150.0,15.0,0.0,0.0,0.0,192,46
42,20,672,320,688,336,480.8,551.2,1760.6,1831.0,1,174,44544.0,195.0,7.3972,0.0186,317.7041,52.0,9.0,43.0,0.0,0.0,0.0,0.0,38,11
52,20,832,320,848,336,1184.8,1255.2,1760.6,1831.0,1,288,73728.0,155.0,6.2592,0.0154,34.1689,30.0,0.0,30.0,0.0,0.0,0.0,0.0,14,3
53,20,848,320,864,336,1255.2,1325.6,1760.6,1831.0,1,356,91136.0,170.0,6.5009,0.0153,72.0847,299.0,137.0,162.0,70.0,0.0,0.0,0.0,292,66
54,20,864,320,880,336,1325.6,1396.0,1760.6,1831.0,1,400,102400.0,184.0,6.7541,0.0152,132.2711,248.0,172.0,76.0,66.0,0.0,0.0,0.0,306,71
55,20,880,320,896,336,1396.0,1466.4,1760.6,1831.0,1,428,109568.0,192.0,6.8293,0.015,192.0281,147.0,100.0,47.0,40.0,0.0,0.0,0.0,220,62
56,20,896,320,912,336,1466.4,1536.8,1760.6,1831.0,1,460,117760.0,244.0,8.0871,0.0148,531.461,133.0,103.0,30.0,22.0,1.0,1.0,0.0,176,55
57,20,912,320,928,336,1536.8,1607.2,1760.6,1831.0,1,555,142080.0,278.0,8.7374,0.0146,2248.5927,178.0,138.0,40.0,10.0,2.0,2.0,0.0,138,39
58,20,928,320,944,336,1607.2,1677.6,1760.6,1831.0,1,558,142848.0,273.0,8.9468,0.0143,3298.3844,168.0,119.0,49.0,13.0,0.0,0.0,0.0,129,36
59,20,944,320,960,336,1677.6,1748.0,1760.6,1831.0,1,365,93440.0,225.0,7.6715,0.014,880.3156,96.0,64.0,32.0,32.0,0.0,0.0,0.0,42,14
60,20,960,320,976,336,1748.0,1818.4,1760.6,1831.0,1,290,74240.0,126.0,6.0861,0.0137,18.7882,17.0,5.0,12.0,0.0,0.0,0.0,0.0,22,7
6,21,96,336,112,352,-2053.6,-1983.2,1690.2,1760.6,1,361,92416.0,254.0,7.6137,0.015,7073.5912,161.0,35.0,126.0,0.0,3.0,0.0,3.0,162,29
7,21,112,336,128,352,-1983.2,-1912.8,1690.2,1760.6,1,304,77824.0,150.0,6.1339,0.0152,99.1725,574.0,143.0,431.0,7.0,2.0,0.0,2.0,330,41
8,21,128,336,144,352,-1912.8,-1842.4,1690.2,1760.6,1,286,73216.0,144.0,6.0496,0.0153,50.4805,0.0,0.0,0.0,0.0,0.0,0.0,0.0,0,0
9,21,144,336,160,352,-1842.4,-1772.0,1690.2,1760.6,1,273,69888.0,121.0,5.8597,0.0153,8.9899,0.0,0.0,0.0,0.0,0.0,0.0,0.0,0,0
10,21,160,336,176,352,-1772.0,-1701.6,1690.2,1760.6,1,268,68608.0,120.0,5.8477,0.0153,7.4719,96.0,90.0,6.0,2.0,0.0,0.0,0.0,32,12
11,21,176,336,192,352,-1701.6,-1631.2,1690.2,1760.6,1,258,66048.0,111.0,5.6126,0.0153,5.0965,169.0,110.0,59.0,7.0,0.0,0.0,0.0,124,27
12,21,192,336,208,352,-1631.2,-1560.8,1690.2,1760.6,1,248,63488.0,106.0,5.4401,0.0153,3.8049,22.0,22.0,0.0,0.0,0.0,0.0,0.0,13,4
27,21,432,336,448,352,-575.2,-504.8,1690.2,1760.6,1,347,88832.0,267.0,9.2256,0.0203,1182.248,363.0,123.0,240.0,23.0,0.0,0.0,0.0,228,40
28,21,448,336,464,352,-504.8,-434.4,1690.2,1760.6,1,336,86016.0,259.0,9.0841,0.0205,736.4902,347.0,142.0,205.0,46.0,2.0,1.0,1.0,396,68
29,21,464,336,480,352,-434.4,-364.0,1690.2,1760.6,1,327,83712.0,250.0,8.8363,0.0206,642.3411,356.0,143.0,213.0,88.0,0.0,0.0,0.0,273,61
30,21,480,336,496,352,-364.0,-293.6,1690.2,1760.6,1,337,86272.0,266.0,9.1519,0.0205,1608.2129,268.0,73.0,195.0,45.0,1.0,0.0,1.0,181,39
31,21,496,336,512,352,-293.6,-223.2,1690.2,1760.6,1,349,89344.0,277.0,8.9937,0.0204,2528.9498,105.0,87.0,18.0,19.0,0.0,0.0,0.0,84,7
39,21,624,336,640,352,269.6,340.0,1690.2,1760.6,1,185,47360.0,164.0,6.8266,0.0191,198.2654,711.0,499.0,212.0,18.0,1.0,1.0,0.0,363,62
40,21,640,336,656,352,340.0,410.4,1690.2,1760.6,1,170,43520.0,158.0,6.8239,0.0191,128.1779,306.0,151.0,155.0,37.0,0.0,0.0,0.0,328,63
41,21,656,336,672,352,410.4,480.8,1690.2,1760.6,1,195,49920.0,199.0,7.4356,0.019,412.203,459.0,338.0,121.0,33.0,2.0,2.0,0.0,112,31
42,21,672,336,688,352,480.8,551.2,1690.2,1760.6,1,184,47104.0,199.0,7.4292,0.0187,412.4225,145.0,76.0,69.0,0.0,0.0,0.0,0.0,36,9
52,21,832,336,848,352,1184.8,1255.2,1690.2,1760.6,1,272,69632.0,153.0,6.2184,0.0153,31.6065,133.0,3.0,130.0,0.0,0.0,0.0,0.0,50,10
53,21,848,336,864,352,1255.2,1325.6,1690.2,1760.6,1,339,86784.0,164.0,6.4159,0.0153,47.3096,204.0,117.0,87.0,65.0,1.0,1.0,0.0,267,67
54,21,864,336,880,352,1325.6,1396.0,1690.2,1760.6,1,381,97536.0,178.0,6.6469,0.0152,102.5113,200.0,153.0,47.0,61.0,0.0,0.0,0.0,271,69
55,21,880,336,896,352,1396.0,1466.4,1690.2,1760.6,1,417,106752.0,189.0,6.805,0.015,175.0111,166.0,132.0,34.0,49.0,0.0,0.0,0.0,215,64
56,21,896,336,912,352,1466.4,1536.8,1690.2,1760.6,1,505,129280.0,267.0,8.4079,0.0148,1449.9583,150.0,121.0,29.0,41.0,0.0,0.0,0.0,195,57
57,21,912,336,928,352,1536.8,1607.2,1690.2,1760.6,1,584,149504.0,273.0,8.9795,0.0146,2737.6987,246.0,151.0,95.0,28.0,0.0,0.0,0.0,214,50
58,21,928,336,944,352,1607.2,1677.6,1690.2,1760.6,1,505,129280.0,262.0,8.7063,0.0144,2955.0618,42.0,34.0,8.0,0.0,0.0,0.0,0.0,46,17
6,22,96,352,112,368,-2053.6,-1983.2,1619.8,1690.2,1,364,93184.0,251.0,7.5834,0.0151,8044.6464,260.0,50.0,210.0,0.0,2.0,0.0,2.0,137,32
7,22,112,352,128,368,-1983.2,-1912.8,1619.8,1690.2,1,295,75520.0,146.0,6.0796,0.0153,98.2969,428.0,138.0,290.0,5.0,2.0,0.0,2.0,297,42
8,22,128,352,144,368,-1912.8,-1842.4,1619.8,1690.2,1,272,69632.0,123.0,5.8878,0.0153,9.463,0.0,0.0,0.0,0.0,0.0,0.0,0.0,0,0
9,22,144,352,160,368,-1842.4,-1772.0,1619.8,1690.2,1,263,67328.0,114.0,5.6551,0.0153,6.0344,0.0,0.0,0.0,0.0,0.0,0.0,0.0,0,0
10,22,160,352,176,368,-1772.0,-1701.6,1619.8,1690.2,1,256,65536.0,111.0,5.6089,0.0152,4.9963,410.0,410.0,0.0,7.0,0.0,0.0,0.0,76,14
11,22,176,352,192,368,-1701.6,-1631.2,1619.8,1690.2,1,248,63488.0,104.0,5.4109,0.0151,3.7695,402.0,283.0,119.0,9.0,2.0,1.0,1.0,144,23
12,22,192,352,208,368,-1631.2,-1560.8,1619.8,1690.2,1,225,57600.0,99.0,5.3237,0.015,2.6203,385.0,168.0,217.0,1.0,0.0,0.0,0.0,52,13
27,22,432,352,448,368,-575.2,-504.8,1619.8,1690.2,1,332,84992.0,253.0,9.0553,0.0205,801.0739,179.0,47.0,132.0,15.0,0.0,0.0,0.0,64,16
28,22,448,352,464,368,-504.8,-434.4,1619.8,1690.2,1,336,86016.0,267.0,9.1567,0.0207,1515.2086,564.0,168.0,396.0,90.0,2.0,0.0,2.0,460,73
29,22,464,352,480,368,-434.4,-364.0,1619.8,1690.2,1,356,91136.0,274.0,9.5224,0.0207,2222.7066,311.0,113.0,198.0,48.0,0.0,0.0,0.0,378,69
30,22,480,352,496,368,-364.0,-293.6,1619.8,1690.2,1,365,93440.0,280.0,9.5648,0.0207,2324.7486,476.0,475.0,1.0,19.0,1.0,1.0,0.0,13,7
31,22,496,352,512,368,-293.6,-223.2,1619.8,1690.2,1,354,90624.0,280.0,9.0697,0.0206,2183.4336,0.0,0.0,0.0,0.0,0.0,0.0,0.0,0,0
39,22,624,352,640,368,269.6,340.0,1619.8,1690.2,1,164,41984.0,162.0,6.7888,0.0193,175.8313,521.0,289.0,232.0,33.0,1.0,0.0,1.0,398,66
40,22,640,352,656,368,340.0,410.4,1619.8,1690.2,1,178,45568.0,179.0,7.0567,0.0193,381.9553,593.0,325.0,268.0,59.0,1.0,1.0,0.0,374,59
41,22,656,352,672,368,410.4,480.8,1619.8,1690.2,1,207,52992.0,204.0,7.468,0.0191,569.5409,456.0,169.0,287.0,38.0,1.0,1.0,0.0,148,36
42,22,672,352,688,368,480.8,551.2,1619.8,1690.2,1,198,50688.0,200.0,7.4745,0.0188,543.6131,74.0,4.0,70.0,0.0,0.0,0.0,0.0,37,9
52,22,832,352,848,368,1184.8,1255.2,1619.8,1690.2,1,252,64512.0,147.0,6.167,0.0153,33.6647,28.0,2.0,26.0,0.0,0.0,0.0,0.0,24,9
53,22,848,352,864,368,1255.2,1325.6,1619.8,1690.2,1,331,84736.0,162.0,6.3896,0.0154,49.3717,167.0,102.0,65.0,68.0,0.0,0.0,0.0,233,65
54,22,864,352,880,368,1325.6,1396.0,1619.8,1690.2,1,373,95488.0,174.0,6.5306,0.0153,86.6101,172.0,143.0,29.0,67.0,0.0,0.0,0.0,250,64
55,22,880,352,896,368,1396.0,1466.4,1619.8,1690.2,1,424,108544.0,233.0,7.9339,0.0151,397.2194,146.0,119.0,27.0,44.0,0.0,0.0,0.0,192,61
56,22,896,352,912,368,1466.4,1536.8,1619.8,1690.2,1,553,141568.0,270.0,8.8363,0.015,2234.0623,185.0,150.0,35.0,52.0,0.0,0.0,0.0,230,59
57,22,912,352,928,368,1536.8,1607.2,1619.8,1690.2,1,601,153856.0,270.0,9.1519,0.0147,2777.3884,194.0,127.0,67.0,17.0,3.0,2.0,1.0,205,49
6,23,96,368,112,384,-2053.6,-1983.2,1549.4,1619.8,1,358,91648.0,244.0,7.5701,0.0153,8445.9881,203.0,87.0,116.0,0.0,0.0,0.0,0.0,122,31
7,23,112,368,128,384,-1983.2,-1912.8,1549.4,1619.8,1,287,73472.0,148.0,6.0732,0.0155,120.7815,280.0,87.0,193.0,5.0,0.0,0.0,0.0,247,42
27,23,432,368,448,384,-575.2,-504.8,1549.4,1619.8,1,360,92160.0,300.0,9.7828,0.0207,3251.7231,0.0,0.0,0.0,0.0,0.0,0.0,0.0,0,0
28,23,448,368,464,384,-504.8,-434.4,1549.4,1619.8,1,365,93440.0,279.0,9.7606,0.0208,2624.4217,236.0,66.0,170.0,0.0,0.0,0.0,0.0,31,15
29,23,464,368,480,384,-434.4,-364.0,1549.4,1619.8,1,369,94464.0,274.0,9.5809,0.0208,2248.5341,711.0,186.0,525.0,61.0,3.0,0.0,3.0,547,77
30,23,480,368,496,384,-364.0,-293.6,1549.4,1619.8,1,372,95232.0,284.0,9.6346,0.0207,1960.1066,439.0,65.0,374.0,18.0,1.0,0.0,1.0,143,44
31,23,496,368,512,384,-293.6,-223.2,1549.4,1619.8,1,365,93440.0,284.0,9.4231,0.0207,1846.0956,0.0,0.0,0.0,0.0,0.0,0.0,0.0,0,0
32,23,512,368,528,384,-223.2,-152.8,1549.4,1619.8,1,331,84736.0,281.0,9.1275,0.0206,1749.8352,0.0,0.0,0.0,0.0,0.0,0.0,0.0,0,0
33,23,528,368,544,384,-152.8,-82.4,1549.4,1619.8,1,247,63232.0,201.0,7.2504,0.0205,615.0522,321.0,112.0,209.0,14.0,0.0,0.0,0.0,91,31
34,23,544,368,560,384,-82.4,-12.0,1549.4,1619.8,1,235,60160.0,195.0,6.9285,0.0204,603.7355,357.0,199.0,158.0,93.0,1.0,1.0,0.0,170,32
35,23,560,368,576,384,-12.0,58.4,1549.4,1619.8,1,209,53504.0,184.0,6.805,0.0202,489.9529,372.0,34.0,338.0,30.0,0.0,0.0,0.0,104,27
39,23,624,368,640,384,269.6,340.0,1549.4,1619.8,1,183,46848.0,179.0,7.0887,0.0197,575.3468,614.0,387.0,227.0,114.0,0.0,0.0,0.0,560,66
40,23,640,368,656,384,340.0,410.4,1549.4,1619.8,1,201,51456.0,191.0,7.1122,0.0195,681.5457,409.0,174.0,235.0,28.0,0.0,0.0,0.0,314,54
41,23,656,368,672,384,410.4,480.8,1549.4,1619.8,1,247,63232.0,275.0,9.0315,0.0193,3248.2935,215.0,83.0,132.0,9.0,0.0,0.0,0.0,179,34
42,23,672,368,688,384,480.8,551.2,1549.4,1619.8,1,249,63744.0,270.0,9.0506,0.0189,3205.9961,29.0,19.0,10.0,0.0,1.0,1.0,0.0,20,6
52,23,832,368,848,384,1184.8,1255.2,1549.4,1619.8,1,209,53504.0,135.0,6.0603,0.0154,30.669,11.0,4.0,7.0,3.0,0.0,0.0,0.0,16,7
53,23,848,368,864,384,1255.2,1325.6,1549.4,1619.8,1,330,84480.0,162.0,6.3825,0.0155,51.7349,198.0,115.0,83.0,74.0,1.0,0.0,1.0,268,67
54,23,864,368,880,384,1325.6,1396.0,1549.4,1619.8,1,374,95744.0,174.0,6.5157,0.0154,84.4901,168.0,143.0,25.0,77.0,0.0,0.0,0.0,236,64
55,23,880,368,896,384,1396.0,1466.4,1549.4,1619.8,1,495,126720.0,258.0,8.371,0.0153,1408.346,206.0,180.0,26.0,69.0,0.0,0.0,0.0,248,62
56,23,896,368,912,384,1466.4,1536.8,1549.4,1619.8,1,582,148992.0,265.0,9.0506,0.0151,2330.4735,262.0,199.0,63.0,76.0,1.0,0.0,1.0,298,64
57,23,912,368,928,384,1536.8,1607.2,1549.4,1619.8,1,603,154368.0,268.0,9.1616,0.0148,2714.4169,167.0,122.0,45.0,39.0,0.0,0.0,0.0,177,44
6,24,96,384,112,400,-2053.6,-1983.2,1479.0,1549.4,1,342,87552.0,218.0,7.517,0.0155,8013.6552,226.0,122.0,104.0,0.0,1.0,1.0,0.0,131,32
7,24,112,384,128,400,-1983.2,-1912.8,1479.0,1549.4,1,264,67584.0,226.0,6.8731,0.0156,4577.8404,268.0,70.0,198.0,5.0,0.0,0.0,0.0,259,43
18,24,288,384,304,400,-1208.8,-1138.4,1479.0,1549.4,1,119,30464.0,101.0,5.377,0.018,110.588,99.0,0.0,99.0,0.0,0.0,0.0,0.0,14,5
19,24,304,384,320,400,-1138.4,-1068.0,1479.0,1549.4,1,124,31744.0,103.0,5.3889,0.0184,127.3264,44.0,29.0,15.0,19.0,0.0,0.0,0.0,20,7
20,24,320,384,336,400,-1068.0,-997.6,1479.0,1549.4,1,133,34048.0,111.0,6.0539,0.0187,221.6019,31.0,7.0,24.0,6.0,0.0,0.0,0.0,26,9
21,24,336,384,352,400,-997.6,-927.2,1479.0,1549.4,1,149,38144.0,140.0,6.2251,0.019,510.1441,63.0,24.0,39.0,12.0,0.0,0.0,0.0,57,23
22,24,352,384,368,400,-927.2,-856.8,1479.0,1549.4,1,159,40704.0,140.0,6.2229,0.0193,561.6852,91.0,30.0,61.0,15.0,1.0,1.0,0.0,77,25
23,24,368,384,384,400,-856.8,-786.4,1479.0,1549.4,1,165,42240.0,139.0,6.2592,0.0196,571.3397,112.0,31.0,81.0,17.0,1.0,0.0,1.0,107,41
24,24,384,384,400,400,-786.4,-716.0,1479.0,1549.4,1,180,46080.0,152.0,6.4813,0.02,668.0841,151.0,54.0,97.0,40.0,0.0,0.0,0.0,110,43
25,24,400,384,416,400,-716.0,-645.6,1479.0,1549.4,1,208,53248.0,163.0,6.5857,0.0203,953.8628,158.0,24.0,134.0,12.0,0.0,0.0,0.0,102,38
26,24,416,384,432,400,-645.6,-575.2,1479.0,1549.4,1,278,71168.0,243.0,8.7019,0.0206,2034.0951,253.0,8.0,245.0,3.0,1.0,0.0,1.0,177,39
27,24,432,384,448,400,-575.2,-504.8,1479.0,1549.4,1,365,93440.0,290.0,9.8108,0.0207,2867.6666,523.0,37.0,486.0,0.0,1.0,0.0,1.0,89,25
28,24,448,384,464,400,-504.8,-434.4,1479.0,1549.4,1,363,92928.0,284.0,9.7329,0.0208,1965.8355,396.0,162.0,234.0,85.0,1.0,1.0,0.0,216,52
29,24,464,384,480,400,-434.4,-364.0,1479.0,1549.4,1,369,94464.0,281.0,9.6023,0.0208,1896.8375,506.0,121.0,385.0,37.0,1.0,0.0,1.0,493,75
30,24,480,384,496,400,-364.0,-293.6,1479.0,1549.4,1,370,94720.0,287.0,9.4647,0.0208,1817.3389,348.0,16.0,332.0,6.0,0.0,0.0,0.0,144,38
31,24,496,384,512,400,-293.6,-223.2,1479.0,1549.4,1,362,92672.0,291.0,9.2905,0.0208,1634.6334,246.0,15.0,231.0,0.0,1.0,0.0,1.0,85,29
32,24,512,384,528,400,-223.2,-152.8,1479.0,1549.4,1,344,88064.0,273.0,9.1178,0.0208,1476.5479,231.0,24.0,207.0,9.0,0.0,0.0,0.0,136,37
33,24,528,384,544,400,-152.8,-82.4,1479.0,1549.4,1,305,78080.0,263.0,8.2109,0.0207,1263.2382,313.0,26.0,287.0,7.0,1.0,1.0,0.0,191,44
34,24,544,384,560,400,-82.4,-12.0,1479.0,1549.4,1,244,62464.0,200.0,7.2321,0.0207,555.7395,283.0,43.0,240.0,7.0,2.0,1.0,1.0,281,52
35,24,560,384,576,400,-12.0,58.4,1479.0,1549.4,1,205,52480.0,181.0,6.9679,0.0205,330.9287,411.0,105.0,306.0,26.0,1.0,0.0,1.0,345,59
36,24,576,384,592,400,58.4,128.8,1479.0,1549.4,1,179,45824.0,175.0,6.704,0.0204,238.8537,273.0,60.0,213.0,13.0,0.0,0.0,0.0,256,56
37,24,592,384,608,400,128.8,199.2,1479.0,1549.4,1,162,41472.0,155.0,6.4764,0.0202,137.1028,427.0,71.0,356.0,15.0,0.0,0.0,0.0,298,58
38,24,608,384,624,400,199.2,269.6,1479.0,1549.4,1,183,46848.0,210.0,7.7547,0.0201,1670.914,798.0,112.0,686.0,20.0,0.0,0.0,0.0,379,63
39,24,624,384,640,400,269.6,340.0,1479.0,1549.4,1,257,65792.0,241.0,8.8958,0.0199,3430.1008,852.0,538.0,314.0,190.0,1.0,0.0,1.0,663,69
40,24,640,384,656,400,340.0,410.4,1479.0,1549.4,1,259,66304.0,251.0,8.8866,0.0197,3658.4368,200.0,79.0,121.0,22.0,1.0,0.0,1.0,186,42
41,24,656,384,672,400,410.4,480.8,1479.0,1549.4,1,265,67840.0,261.0,9.0841,0.0194,3576.4562,79.0,37.0,42.0,13.0,2.0,1.0,1.0,70,23
42,24,672,384,688,400,480.8,551.2,1479.0,1549.4,1,272,69632.0,264.0,9.1665,0.0191,3556.4563,64.0,30.0,34.0,6.0,0.0,0.0,0.0,28,6
53,24,848,384,864,400,1255.2,1325.6,1479.0,1549.4,1,330,84480.0,159.0,6.3683,0.0156,49.3473,226.0,147.0,79.0,93.0,2.0,1.0,1.0,266,66
54,24,864,384,880,400,1325.6,1396.0,1479.0,1549.4,1,393,100608.0,220.0,7.7268,0.0155,279.8214,201.0,172.0,29.0,106.0,1.0,1.0,0.0,242,61
55,24,880,384,896,400,1396.0,1466.4,1479.0,1549.4,1,559,143104.0,259.0,8.9143,0.0154,1820.1838,224.0,192.0,32.0,71.0,0.0,0.0,0.0,236,63
56,24,896,384,912,400,1466.4,1536.8,1479.0,1549.4,1,598,153088.0,263.0,9.0985,0.0152,2278.7492,410.0,370.0,40.0,109.0,0.0,0.0,0.0,384,69
57,24,912,384,928,400,1536.8,1607.2,1479.0,1549.4,1,590,151040.0,262.0,9.0889,0.0149,2476.8138,653.0,613.0,40.0,28.0,1.0,1.0,0.0,381,51
6,25,96,400,112,416,-2053.6,-1983.2,1408.6,1479.0,1,284,72704.0,192.0,6.2251,0.0155,5163.4745,161.0,25.0,136.0,0.0,2.0,1.0,1.0,122,32
7,25,112,400,128,416,-1983.2,-1912.8,1408.6,1479.0,1,254,65024.0,233.0,6.8731,0.0158,3538.8743,252.0,41.0,211.0,5.0,1.0,0.0,1.0,251,43
18,25,288,400,304,416,-1208.8,-1138.4,1408.6,1479.0,1,122,31232.0,99.0,5.3821,0.0182,112.6141,95.0,7.0,88.0,4.0,0.0,0.0,0.0,32,9
19,25,304,400,320,416,-1138.4,-1068.0,1408.6,1479.0,1,127,32512.0,103.0,5.3973,0.0186,133.9103,134.0,33.0,101.0,24.0,0.0,0.0,0.0,68,18
20,25,320,400,336,416,-1068.0,-997.6,1408.6,1479.0,1,145,37120.0,136.0,6.2161,0.0189,434.7367,81.0,11.0,70.0,10.0,0.0,0.0,0.0,74,26
21,25,336,400,352,416,-997.6,-927.2,1408.6,1479.0,1,151,38656.0,133.0,6.1692,0.0192,387.3034,90.0,3.0,87.0,14.0,0.0,0.0,0.0,84,27
22,25,352,400,368,416,-927.2,-856.8,1408.6,1479.0,1,159,40704.0,129.0,6.1383,0.0195,312.4285,198.0,16.0,182.0,7.0,0.0,0.0,0.0,250,57
23,25,368,400,384,416,-856.8,-786.4,1408.6,1479.0,1,167,42752.0,136.0,6.187,0.0198,299.9248,297.0,47.0,250.0,3.0,0.0,0.0,0.0,298,61
24,25,384,400,400,416,-786.4,-716.0,1408.6,1479.0,1,179,45824.0,144.0,6.3471,0.0201,325.2091,226.0,47.0,179.0,9.0,0.0,0.0,0.0,266,59
25,25,400,400,416,416,-716.0,-645.6,1408.6,1479.0,1,226,57856.0,220.0,7.804,0.0204,1455.0248,262.0,75.0,187.0,7.0,0.0,0.0,0.0,213,49
26,25,416,400,432,416,-645.6,-575.2,1408.6,1479.0,1,276,70656.0,233.0,8.0041,0.0206,1368.656,461.0,140.0,321.0,61.0,1.0,0.0,1.0,360,59
27,25,432,400,448,416,-575.2,-504.8,1408.6,1479.0,1,356,91136.0,285.0,9.6672,0.0208,2043.73,560.0,139.0,421.0,46.0,1.0,1.0,0.0,372,63
28,25,448,400,464,416,-504.8,-434.4,1408.6,1479.0,1,363,92928.0,290.0,9.7219,0.0208,1813.4273,360.0,101.0,259.0,39.0,0.0,0.0,0.0,345,65
29,25,464,400,480,416,-434.4,-364.0,1408.6,1479.0,1,365,93440.0,285.0,9.5809,0.0209,1652.1102,272.0,65.0,207.0,11.0,0.0,0.0,0.0,269,66
30,25,480,400,496,416,-364.0,-293.6,1408.6,1479.0,1,368,94208.0,289.0,9.4283,0.0209,1627.7234,200.0,20.0,180.0,0.0,1.0,0.0,1.0,63,20
31,25,496,400,512,416,-293.6,-223.2,1408.6,1479.0,1,353,90368.0,286.0,9.2306,0.0209,1338.1873,705.0,42.0,663.0,6.0,1.0,0.0,1.0,221,49
32,25,512,400,528,416,-223.2,-152.8,1408.6,1479.0,1,341,87296.0,271.0,9.0173,0.0209,1220.8092,169.0,44.0,125.0,3.0,2.0,2.0,0.0,179,47
33,25,528,400,544,416,-152.8,-82.4,1408.6,1479.0,1,316,80896.0,256.0,8.2662,0.0209,1079.6302,196.0,35.0,161.0,3.0,0.0,0.0,0.0,202,46
34,25,544,400,560,416,-82.4,-12.0,1408.6,1479.0,1,276,70656.0,256.0,7.993,0.0208,958.284,219.0,35.0,184.0,1.0,0.0,0.0,0.0,201,46
35,25,560,400,576,416,-12.0,58.4,1408.6,1479.0,1,197,50432.0,182.0,7.1005,0.0207,282.1784,290.0,66.0,224.0,22.0,1.0,1.0,0.0,294,57
36,25,576,400,592,416,58.4,128.8,1408.6,1479.0,1,166,42496.0,154.0,6.7197,0.0205,135.9859,293.0,57.0,236.0,7.0,0.0,0.0,0.0,288,60
37,25,592,400,608,416,128.8,199.2,1408.6,1479.0,1,158,40448.0,154.0,6.5933,0.0203,156.632,378.0,59.0,319.0,12.0,0.0,0.0,0.0,295,54
38,25,608,400,624,416,199.2,269.6,1408.6,1479.0,1,208,53248.0,193.0,7.5801,0.0201,1340.683,280.0,87.0,193.0,21.0,0.0,0.0,0.0,232,51
39,25,624,400,640,416,269.6,340.0,1408.6,1479.0,1,234,59904.0,196.0,7.5734,0.02,1596.2621,145.0,73.0,72.0,19.0,3.0,2.0,1.0,165,43
40,25,640,400,656,416,340.0,410.4,1408.6,1479.0,1,247,63232.0,239.0,8.7418,0.0198,3339.968,122.0,56.0,66.0,22.0,0.0,0.0,0.0,94,22
41,25,656,400,672,416,410.4,480.8,1408.6,1479.0,1,263,67328.0,235.0,8.3873,0.0195,3821.9839,34.0,5.0,29.0,3.0,0.0,0.0,0.0,32,7
42,25,672,400,688,416,480.8,551.2,1408.6,1479.0,1,283,72448.0,263.0,9.0841,0.0192,4162.7479,79.0,22.0,57.0,7.0,0.0,0.0,0.0,28,7
53,25,848,400,864,416,1255.2,1325.6,1408.6,1479.0,1,337,86272.0,163.0,6.3944,0.0157,62.5464,288.0,217.0,71.0,160.0,0.0,0.0,0.0,308,68
54,25,864,400,880,416,1325.6,1396.0,1408.6,1479.0,1,535,136960.0,252.0,8.6887,0.0157,1629.1983,289.0,232.0,57.0,132.0,1.0,0.0,1.0,286,67
55,25,880,400,896,416,1396.0,1466.4,1408.6,1479.0,1,594,152064.0,259.0,9.0745,0.0155,1911.8505,317.0,262.0,55.0,71.0,0.0,0.0,0.0,302,65
56,25,896,400,912,416,1466.4,1536.8,1408.6,1479.0,1,598,153088.0,264.0,9.0985,0.0152,2042.316,858.0,816.0,42.0,120.0,0.0,0.0,0.0,555,67
57,25,912,400,928,416,1536.8,1607.2,1408.6,1479.0,1,585,149760.0,259.0,9.0363,0.015,2252.8711,1663.0,1592.0,71.0,146.0,3.0,3.0,0.0,606,53
6,26,96,416,112,432,-2053.6,-1983.2,1338.2,1408.6,1,254,65024.0,189.0,6.1515,0.0156,3542.5023,66.0,12.0,54.0,0.0,1.0,1.0,0.0,77,25
7,26,112,416,128,432,-1983.2,-1912.8,1338.2,1408.6,1,232,59392.0,225.0,6.8104,0.0158,2727.8822,354.0,33.0,321.0,7.0,2.0,0.0,2.0,351,46
8,26,128,416,144,432,-1912.8,-1842.4,1338.2,1408.6,1,182,46592.0,161.0,5.7306,0.0161,244.8432,451.0,12.0,439.0,27.0,0.0,0.0,0.0,222,35
9,26,144,416,160,432,-1842.4,-1772.0,1338.2,1408.6,1,225,57600.0,157.0,5.6644,0.0163,387.2249,320.0,17.0,303.0,41.0,0.0,0.0,0.0,147,32
10,26,160,416,176,432,-1772.0,-1701.6,1338.2,1408.6,1,252,64512.0,152.0,5.7058,0.0165,421.1261,245.0,25.0,220.0,71.0,0.0,0.0,0.0,122,34
11,26,176,416,192,432,-1701.6,-1631.2,1338.2,1408.6,1,256,65536.0,145.0,5.6328,0.0165,402.7011,152.0,2.0,150.0,35.0,0.0,0.0,0.0,30,10
18,26,288,416,304,432,-1208.8,-1138.4,1338.2,1408.6,1,124,31744.0,102.0,5.3922,0.0184,126.3011,40.0,8.0,32.0,8.0,0.0,0.0,0.0,21,7
19,26,304,416,320,432,-1138.4,-1068.0,1338.2,1408.6,1,145,37120.0,139.0,6.2251,0.0187,483.7796,156.0,24.0,132.0,29.0,2.0,1.0,1.0,137,31
20,26,320,416,336,432,-1068.0,-997.6,1338.2,1408.6,1,152,38912.0,132.0,6.1648,0.019,344.4641,313.0,24.0,289.0,14.0,0.0,0.0,0.0,329,62
21,26,336,416,352,432,-997.6,-927.2,1338.2,1408.6,1,158,40448.0,132.0,6.2319,0.0193,296.2268,248.0,26.0,222.0,4.0,0.0,0.0,0.0,256,57
22,26,352,416,368,432,-927.2,-856.8,1338.2,1408.6,1,164,41984.0,140.0,6.3801,0.0196,293.3248,397.0,58.0,339.0,18.0,0.0,0.0,0.0,236,55
23,26,368,416,384,432,-856.8,-786.4,1338.2,1408.6,1,170,43520.0,145.0,6.4813,0.0199,249.926,48.0,4.0,44.0,3.0,0.0,0.0,0.0,50,23
24,26,384,416,400,432,-786.4,-716.0,1338.2,1408.6,1,190,48640.0,195.0,7.2719,0.0202,829.0611,163.0,31.0,132.0,5.0,0.0,0.0,0.0,130,41
25,26,400,416,416,432,-716.0,-645.6,1338.2,1408.6,1,211,54016.0,206.0,7.3403,0.0204,728.5443,274.0,21.0,253.0,4.0,0.0,0.0,0.0,183,50
26,26,416,416,432,432,-645.6,-575.2,1338.2,1408.6,1,266,68096.0,213.0,7.9046,0.0207,913.8918,535.0,78.0,457.0,18.0,1.0,0.0,1.0,330,56
27,26,432,416,448,432,-575.2,-504.8,1338.2,1408.6,1,349,89344.0,287.0,9.64,0.0208,1675.4068,787.0,43.0,744.0,10.0,0.0,0.0,0.0,372,61
28,26,448,416,464,432,-504.8,-434.4,1338.2,1408.6,1,356,91136.0,288.0,9.6835,0.0209,1522.5988,567.0,91.0,476.0,13.0,0.0,0.0,0.0,386,71
29,26,464,416,480,432,-434.4,-364.0,1338.2,1408.6,1,355,90880.0,281.0,9.5171,0.0209,1417.2687,348.0,54.0,294.0,5.0,0.0,0.0,0.0,386,71
30,26,480,416,496,432,-364.0,-293.6,1338.2,1408.6,1,358,91648.0,282.0,9.3768,0.021,1438.3619,380.0,47.0,333.0,0.0,0.0,0.0,0.0,228,49
31,26,496,416,512,432,-293.6,-223.2,1338.2,1408.6,1,344,88064.0,277.0,9.1911,0.021,1223.7688,1540.0,81.0,1459.0,0.0,4.0,0.0,4.0,394,68
32,26,512,416,528,432,-223.2,-152.8,1338.2,1408.6,1,333,85248.0,253.0,8.593,0.021,1020.4444,136.0,6.0,130.0,0.0,0.0,0.0,0.0,119,42
33,26,528,416,544,432,-152.8,-82.4,1338.2,1408.6,1,319,81664.0,241.0,8.0079,0.0209,966.7643,243.0,38.0,205.0,7.0,1.0,0.0,1.0,265,50
34,26,544,416,560,432,-82.4,-12.0,1338.2,1408.6,1,277,70912.0,233.0,7.7268,0.0208,817.8063,337.0,143.0,194.0,55.0,1.0,1.0,0.0,213,47
35,26,560,416,576,432,-12.0,58.4,1338.2,1408.6,1,205,52480.0,212.0,7.4518,0.0207,566.0384,303.0,81.0,222.0,44.0,1.0,1.0,0.0,204,46
36,26,576,416,592,432,58.4,128.8,1338.2,1408.6,1,160,40960.0,151.0,7.0538,0.0205,219.7105,182.0,44.0,138.0,17.0,0.0,0.0,0.0,144,35
37,26,592,416,608,432,128.8,199.2,1338.2,1408.6,1,166,42496.0,179.0,7.3781,0.0203,784.3283,252.0,66.0,186.0,22.0,3.0,2.0,1.0,155,34
38,26,608,416,624,432,199.2,269.6,1338.2,1408.6,1,210,53760.0,179.0,7.3845,0.0201,1222.8006,515.0,234.0,281.0,30.0,1.0,1.0,0.0,131,37
39,26,624,416,640,432,269.6,340.0,1338.2,1408.6,1,221,56576.0,172.0,7.278,0.0199,1231.4991,67.0,30.0,37.0,5.0,0.0,0.0,0.0,76,25
40,26,640,416,656,432,340.0,410.4,1338.2,1408.6,1,217,55552.0,173.0,7.2321,0.0197,1132.5552,430.0,283.0,147.0,27.0,0.0,0.0,0.0,41,10
41,26,656,416,672,432,410.4,480.8,1338.2,1408.6,1,251,64256.0,231.0,8.6755,0.0195,4222.0036,29.0,11.0,18.0,0.0,0.0,0.0,0.0,5,2
42,26,672,416,688,432,480.8,551.2,1338.2,1408.6,1,278,71168.0,247.0,9.0125,0.0193,3990.1896,5.0,5.0,0.0,0.0,0.0,0.0,0.0,3,1
53,26,848,416,864,432,1255.2,1325.6,1338.2,1408.6,1,376,96256.0,215.0,7.651,0.0159,248.8177,480.0,386.0,94.0,298.0,0.0,0.0,0.0,357,71
54,26,864,416,880,432,1325.6,1396.0,1338.2,1408.6,1,587,150272.0,256.0,9.0315,0.0158,1664.0528,381.0,319.0,62.0,140.0,1.0,0.0,1.0,366,68
55,26,880,416,896,432,1396.0,1466.4,1338.2,1408.6,1,605,154880.0,259.0,9.1227,0.0156,1799.2243,398.0,356.0,42.0,75.0,0.0,0.0,0.0,300,69
56,26,896,416,912,432,1466.4,1536.8,1338.2,1408.6,1,603,154368.0,264.0,9.1275,0.0153,1896.2218,520.0,469.0,51.0,57.0,4.0,4.0,0.0,299,60
57,26,912,416,928,432,1536.8,1607.2,1338.2,1408.6,1,583,149248.0,260.0,9.1567,0.015,2074.0287,274.0,252.0,22.0,55.0,0.0,0.0,0.0,176,39
6,27,96,432,112,448,-2053.6,-1983.2,1267.8,1338.2,1,237,60672.0,189.0,6.1143,0.0156,2934.4161,86.0,20.0,66.0,0.0,0.0,0.0,0.0,54,22
7,27,112,432,128,448,-1983.2,-1912.8,1267.8,1338.2,1,215,55040.0,186.0,6.0603,0.0159,2030.1255,115.0,11.0,104.0,0.0,0.0,0.0,0.0,147,33
8,27,128,432,144,448,-1912.8,-1842.4,1267.8,1338.2,1,195,49920.0,201.0,6.6392,0.0162,500.6909,195.0,15.0,180.0,0.0,1.0,0.0,1.0,152,35
9,27,144,432,160,448,-1842.4,-1772.0,1267.8,1338.2,1,234,59904.0,165.0,5.8042,0.0165,506.5068,147.0,2.0,145.0,17.0,0.0,0.0,0.0,49,13
10,27,160,432,176,448,-1772.0,-1701.6,1267.8,1338.2,1,274,70144.0,164.0,5.8777,0.0167,658.8284,313.0,1.0,312.0,33.0,1.0,0.0,1.0,168,30
11,27,176,432,192,448,-1701.6,-1631.2,1267.8,1338.2,1,286,73216.0,163.0,5.773,0.0169,637.3505,267.0,8.0,259.0,30.0,0.0,0.0,0.0,208,34
18,27,288,432,304,448,-1208.8,-1138.4,1267.8,1338.2,1,152,38912.0,142.0,6.2569,0.0186,560.7995,1.0,1.0,0.0,0.0,0.0,0.0,0.0,2,1
19,27,304,432,320,448,-1138.4,-1068.0,1267.8,1338.2,1,164,41984.0,143.0,6.4618,0.0188,345.7731,494.0,69.0,425.0,53.0,0.0,0.0,0.0,412,61
20,27,320,432,336,448,-1068.0,-997.6,1267.8,1338.2,1,169,43264.0,143.0,6.4666,0.0191,313.6278,514.0,23.0,491.0,61.0,0.0,0.0,0.0,367,61
21,27,336,432,352,448,-997.6,-927.2,1267.8,1338.2,1,176,45056.0,145.0,6.5083,0.0193,343.4791,69.0,4.0,65.0,3.0,0.0,0.0,0.0,84,32
22,27,352,432,368,448,-927.2,-856.8,1267.8,1338.2,1,164,41984.0,142.0,6.4739,0.0195,189.0123,0.0,0.0,0.0,0.0,0.0,0.0,0.0,0,0
23,27,368,432,384,448,-856.8,-786.4,1267.8,1338.2,1,162,41472.0,183.0,7.1927,0.0198,422.0025,0.0,0.0,0.0,0.0,0.0,0.0,0.0,0,0
24,27,384,432,400,448,-786.4,-716.0,1267.8,1338.2,1,164,41984.0,187.0,7.1957,0.0201,377.1067,68.0,53.0,15.0,10.0,0.0,0.0,0.0,10,5
25,27,400,432,416,448,-716.0,-645.6,1267.8,1338.2,1,173,44288.0,173.0,7.2169,0.0204,335.179,49.0,12.0,37.0,5.0,0.0,0.0,0.0,34,10
26,27,416,432,432,448,-645.6,-575.2,1267.8,1338.2,1,226,57856.0,194.0,7.7164,0.0206,544.3478,153.0,25.0,128.0,11.0,0.0,0.0,0.0,70,20
27,27,432,432,448,448,-575.2,-504.8,1267.8,1338.2,1,331,84736.0,262.0,9.5066,0.0208,1357.2725,272.0,7.0,265.0,2.0,0.0,0.0,0.0,76,18
28,27,448,432,464,448,-504.8,-434.4,1267.8,1338.2,1,341,87296.0,267.0,9.6023,0.0209,1354.6867,187.0,60.0,127.0,6.0,0.0,0.0,0.0,123,39
29,27,464,432,480,448,-434.4,-364.0,1267.8,1338.2,1,345,88320.0,264.0,9.4386,0.0209,1425.0796,249.0,22.0,227.0,6.0,0.0,0.0,0.0,270,64
30,27,480,432,496,448,-364.0,-293.6,1267.8,1338.2,1,347,88832.0,267.0,9.3006,0.021,1490.8984,401.0,18.0,383.0,4.0,1.0,1.0,0.0,335,62
31,27,496,432,512,448,-293.6,-223.2,1267.8,1338.2,1,337,86272.0,258.0,9.113,0.021,1274.1683,438.0,73.0,365.0,0.0,0.0,0.0,0.0,271,54
32,27,512,432,528,448,-223.2,-152.8,1267.8,1338.2,1,325,83200.0,227.0,7.8111,0.021,975.6783,244.0,12.0,232.0,2.0,2.0,0.0,2.0,200,45
33,27,528,432,544,448,-152.8,-82.4,1267.8,1338.2,1,316,80896.0,226.0,7.3718,0.0209,908.899,366.0,28.0,338.0,4.0,1.0,0.0,1.0,214,42
34,27,544,432,560,448,-82.4,-12.0,1267.8,1338.2,1,244,62464.0,204.0,6.8951,0.0208,628.1778,0.0,0.0,0.0,0.0,0.0,0.0,0.0,0,0
35,27,560,432,576,448,-12.0,58.4,1267.8,1338.2,1,187,47872.0,165.0,6.4375,0.0206,411.1174,0.0,0.0,0.0,0.0,0.0,0.0,0.0,0,0
36,27,576,432,592,448,58.4,128.8,1267.8,1338.2,1,172,44032.0,199.0,6.7621,0.0203,898.6046,2.0,1.0,1.0,0.0,0.0,0.0,0.0,4,2
37,27,592,432,608,448,128.8,199.2,1267.8,1338.2,1,178,45568.0,179.0,6.5706,0.0201,845.4321,99.0,51.0,48.0,6.0,1.0,0.0,1.0,19,7
42,27,672,432,688,448,480.8,551.2,1267.8,1338.2,1,211,54016.0,178.0,7.4518,0.0194,434.5842,0.0,0.0,0.0,0.0,0.0,0.0,0.0,0,0
53,27,848,432,864,448,1255.2,1325.6,1267.8,1338.2,1,596,152576.0,256.0,9.0601,0.0162,1665.3759,790.0,679.0,111.0,479.0,0.0,0.0,0.0,494,79
54,27,864,432,880,448,1325.6,1396.0,1267.8,1338.2,1,609,155904.0,258.0,9.1227,0.0159,1711.6298,478.0,414.0,64.0,170.0,0.0,0.0,0.0,349,70
55,27,880,432,896,448,1396.0,1466.4,1267.8,1338.2,1,612,156672.0,263.0,9.1616,0.0157,1767.7061,216.0,185.0,31.0,40.0,1.0,1.0,0.0,177,52
56,27,896,432,912,448,1466.4,1536.8,1267.8,1338.2,1,603,154368.0,266.0,9.2555,0.0154,1841.716,114.0,98.0,16.0,16.0,0.0,0.0,0.0,107,37
57,27,912,432,928,448,1536.8,1607.2,1267.8,1338.2,1,577,147712.0,260.0,9.1275,0.0151,1797.7058,296.0,279.0,17.0,57.0,0.0,0.0,0.0,148,35
4,28,64,448,80,464,-2194.4,-2124.0,1197.4,1267.8,1,93,23808.0,95.0,5.6384,0.0149,157.2771,423.0,0.0,423.0,28.0,0.0,0.0,0.0,44,8
5,28,80,448,96,464,-2124.0,-2053.6,1197.4,1267.8,1,104,26624.0,115.0,5.6328,0.0153,191.3024,51.0,0.0,51.0,0.0,0.0,0.0,0.0,28,11
6,28,96,448,112,464,-2053.6,-1983.2,1197.4,1267.8,1,227,58112.0,206.0,6.5958,0.0157,2696.201,83.0,5.0,78.0,0.0,1.0,0.0,1.0,61,19
7,28,112,448,128,464,-1983.2,-1912.8,1197.4,1267.8,1,217,55552.0,209.0,6.5907,0.016,2259.6544,63.0,1.0,62.0,0.0,0.0,0.0,0.0,76,26
8,28,128,448,144,464,-1912.8,-1842.4,1197.4,1267.8,1,197,50432.0,231.0,7.1359,0.0163,1169.3006,135.0,14.0,121.0,3.0,0.0,0.0,0.0,136,33
9,28,144,448,160,464,-1842.4,-1772.0,1197.4,1267.8,1,251,64256.0,202.0,7.2443,0.0166,1444.3721,282.0,3.0,279.0,10.0,1.0,0.0,1.0,120,33
10,28,160,448,176,464,-1772.0,-1701.6,1197.4,1267.8,1,302,77312.0,212.0,7.4453,0.0169,2052.7824,269.0,1.0,268.0,53.0,1.0,0.0,1.0,143,29
11,28,176,448,192,464,-1701.6,-1631.2,1197.4,1267.8,1,334,85504.0,224.0,7.6238,0.0171,2782.0354,378.0,11.0,367.0,78.0,0.0,0.0,0.0,247,36
12,28,192,448,208,464,-1631.2,-1560.8,1197.4,1267.8,1,317,81152.0,228.0,7.4164,0.0174,3088.9245,79.0,9.0,70.0,15.0,0.0,0.0,0.0,72,26
13,28,208,448,224,464,-1560.8,-1490.4,1197.4,1267.8,1,268,68608.0,228.0,7.3277,0.0176,3110.8073,53.0,12.0,41.0,7.0,0.0,0.0,0.0,44,16
14,28,224,448,240,464,-1490.4,-1420.0,1197.4,1267.8,1,200,51200.0,222.0,7.022,0.0178,2147.3027,52.0,4.0,48.0,29.0,0.0,0.0,0.0,60,21
15,28,240,448,256,464,-1420.0,-1349.6,1197.4,1267.8,1,166,42496.0,183.0,6.6572,0.018,1147.5842,94.0,0.0,94.0,63.0,0.0,0.0,0.0,70,29
16,28,256,448,272,464,-1349.6,-1279.2,1197.4,1267.8,1,169,43264.0,166.0,6.5731,0.0182,707.3611,215.0,0.0,215.0,91.0,0.0,0.0,0.0,80,29
17,28,272,448,288,464,-1279.2,-1208.8,1197.4,1267.8,1,167,42752.0,161.0,6.5655,0.0184,466.108,878.0,0.0,878.0,183.0,0.0,0.0,0.0,54,26
18,28,288,448,304,464,-1208.8,-1138.4,1197.4,1267.8,1,151,38656.0,146.0,6.4886,0.0186,275.9231,59.0,8.0,51.0,1.0,0.0,0.0,0.0,25,11
19,28,304,448,320,464,-1138.4,-1068.0,1197.4,1267.8,1,130,33280.0,119.0,5.7287,0.0188,109.7817,591.0,81.0,510.0,52.0,0.0,0.0,0.0,518,66
20,28,320,448,336,464,-1068.0,-997.6,1197.4,1267.8,1,109,27904.0,107.0,5.6926,0.0189,89.8438,217.0,6.0,211.0,47.0,0.0,0.0,0.0,184,51
27,28,432,448,448,464,-575.2,-504.8,1197.4,1267.8,1,301,77056.0,229.0,8.7955,0.0207,514.3524,0.0,0.0,0.0,0.0,0.0,0.0,0.0,0,0
28,28,448,448,464,464,-504.8,-434.4,1197.4,1267.8,1,324,82944.0,243.0,8.9937,0.0208,717.0963,94.0,31.0,63.0,2.0,0.0,0.0,0.0,86,28
29,28,464,448,480,464,-434.4,-364.0,1197.4,1267.8,1,332,84992.0,237.0,8.8728,0.0209,723.2664,102.0,15.0,87.0,3.0,0.0,0.0,0.0,92,33
30,28,480,448,496,464,-364.0,-293.6,1197.4,1267.8,1,330,84480.0,238.0,8.7596,0.0209,666.6708,167.0,23.0,144.0,12.0,2.0,1.0,1.0,142,40
31,28,496,448,512,464,-293.6,-223.2,1197.4,1267.8,1,325,83200.0,233.0,8.645,0.0209,635.7781,307.0,69.0,238.0,0.0,0.0,0.0,0.0,170,47
32,28,512,448,528,464,-223.2,-152.8,1197.4,1267.8,1,312,79872.0,208.0,7.1211,0.0209,471.9299,346.0,14.0,332.0,4.0,0.0,0.0,0.0,228,43
33,28,528,448,544,464,-152.8,-82.4,1197.4,1267.8,1,291,74496.0,197.0,6.9007,0.0209,444.8013,482.0,9.0,473.0,3.0,0.0,0.0,0.0,208,37
42,28,672,448,688,464,480.8,551.2,1197.4,1267.8,1,317,81152.0,195.0,7.7233,0.0193,481.9652,0.0,0.0,0.0,0.0,0.0,0.0,0.0,0,0
49,28,784,448,800,464,973.6,1044.0,1197.4,1267.8,1,418,107008.0,173.0,7.0683,0.0172,237.3538,116.0,0.0,116.0,1.0,0.0,0.0,0.0,20,4
50,28,800,448,816,464,1044.0,1114.4,1197.4,1267.8,1,422,108032.0,174.0,7.08,0.0171,229.8729,44.0,4.0,40.0,0.0,0.0,0.0,0.0,20,7
51,28,816,448,832,464,1114.4,1184.8,1197.4,1267.8,1,429,109824.0,178.0,7.1388,0.0168,228.6604,0.0,0.0,0.0,0.0,0.0,0.0,0.0,0,0
52,28,832,448,848,464,1184.8,1255.2,1197.4,1267.8,1,462,118272.0,214.0,8.2622,0.0166,290.1849,0.0,0.0,0.0,0.0,0.0,0.0,0.0,0,0
53,28,848,448,864,464,1255.2,1325.6,1197.4,1267.8,1,594,152064.0,259.0,9.0506,0.0163,1500.5128,676.0,530.0,146.0,324.0,1.0,1.0,0.0,443,73
54,28,864,448,880,464,1325.6,1396.0,1197.4,1267.8,1,613,156928.0,260.0,9.1421,0.0161,1691.3624,136.0,93.0,43.0,44.0,1.0,1.0,0.0,164,49
55,28,880,448,896,464,1396.0,1466.4,1197.4,1267.8,1,607,155392.0,263.0,9.2655,0.0158,1703.1372,83.0,66.0,17.0,12.0,0.0,0.0,0.0,98,34
56,28,896,448,912,464,1466.4,1536.8,1197.4,1267.8,1,595,152320.0,262.0,9.2108,0.0155,1622.9873,103.0,84.0,19.0,12.0,0.0,0.0,0.0,93,35
57,28,912,448,928,464,1536.8,1607.2,1197.4,1267.8,1,574,146944.0,262.0,9.113,0.0152,1646.1574,170.0,144.0,26.0,23.0,1.0,1.0,0.0,107,33
4,29,64,464,80,480,-2194.4,-2124.0,1127.0,1197.4,1,100,25600.0,120.0,6.1714,0.0149,139.2065,234.0,0.0,234.0,40.0,0.0,0.0,0.0,80,9
5,29,80,464,96,480,-2124.0,-2053.6,1127.0,1197.4,1,157,40192.0,202.0,6.9538,0.0153,1482.1545,77.0,0.0,77.0,13.0,0.0,0.0,0.0,44,15
6,29,96,464,112,480,-2053.6,-1983.2,1127.0,1197.4,1,220,56320.0,230.0,7.1388,0.0157,2581.9603,58.0,1.0,57.0,0.0,0.0,0.0,0.0,59,19
7,29,112,464,128,480,-1983.2,-1912.8,1127.0,1197.4,1,218,55808.0,249.0,7.1507,0.016,2863.2445,61.0,5.0,56.0,2.0,0.0,0.0,0.0,63,25
8,29,128,464,144,480,-1912.8,-1842.4,1127.0,1197.4,1,203,51968.0,270.0,7.8504,0.0163,2486.7979,126.0,3.0,123.0,2.0,0.0,0.0,0.0,120,31
9,29,144,464,160,480,-1842.4,-1772.0,1127.0,1197.4,1,271,69376.0,255.0,7.9633,0.0166,3161.8968,221.0,11.0,210.0,13.0,0.0,0.0,0.0,174,36
10,29,160,464,176,480,-1772.0,-1701.6,1127.0,1197.4,1,333,85248.0,246.0,7.706,0.0169,3749.5844,238.0,11.0,227.0,31.0,0.0,0.0,0.0,163,35
11,29,176,464,192,480,-1701.6,-1631.2,1127.0,1197.4,1,380,97280.0,249.0,7.829,0.0172,4315.9425,212.0,2.0,210.0,56.0,0.0,0.0,0.0,164,32
12,29,192,464,208,480,-1631.2,-1560.8,1127.0,1197.4,1,349,89344.0,242.0,7.6991,0.0174,3685.0003,122.0,6.0,116.0,13.0,0.0,0.0,0.0,116,35
13,29,208,464,224,480,-1560.8,-1490.4,1127.0,1197.4,1,279,71424.0,229.0,7.226,0.0176,2426.2806,163.0,7.0,156.0,63.0,0.0,0.0,0.0,158,48
14,29,224,464,240,480,-1490.4,-1420.0,1127.0,1197.4,1,192,49152.0,201.0,6.6675,0.0178,969.5993,226.0,13.0,213.0,59.0,0.0,0.0,0.0,208,53
15,29,240,464,256,480,-1420.0,-1349.6,1127.0,1197.4,1,155,39680.0,151.0,5.9843,0.018,382.9399,224.0,9.0,215.0,39.0,0.0,0.0,0.0,174,44
16,29,256,464,272,480,-1349.6,-1279.2,1127.0,1197.4,1,140,35840.0,140.0,5.8697,0.0182,218.9092,225.0,8.0,217.0,48.0,0.0,0.0,0.0,154,43
17,29,272,464,288,480,-1279.2,-1208.8,1127.0,1197.4,1,125,32000.0,116.0,5.8259,0.0183,145.6297,69.0,10.0,59.0,9.0,0.0,0.0,0.0,91,31
18,29,288,464,304,480,-1208.8,-1138.4,1127.0,1197.4,1,113,28928.0,108.0,5.6888,0.0185,98.0189,192.0,33.0,159.0,17.0,1.0,1.0,0.0,232,49
19,29,304,464,320,480,-1138.4,-1068.0,1127.0,1197.4,1,98,25088.0,88.0,5.5509,0.0186,71.7163,657.0,79.0,578.0,67.0,1.0,0.0,1.0,560,68
20,29,320,464,336,480,-1068.0,-997.6,1127.0,1197.4,1,91,23296.0,77.0,4.7297,0.0186,56.5997,314.0,52.0,262.0,27.0,0.0,0.0,0.0,149,46
27,29,432,464,448,480,-575.2,-504.8,1127.0,1197.4,1,287,73472.0,216.0,8.6755,0.0205,373.2834,0.0,0.0,0.0,0.0,0.0,0.0,0.0,0,0
28,29,448,464,464,480,-504.8,-434.4,1127.0,1197.4,1,306,78336.0,228.0,8.8866,0.0207,458.1881,130.0,38.0,92.0,4.0,0.0,0.0,0.0,96,28
29,29,464,464,480,480,-434.4,-364.0,1127.0,1197.4,1,311,79616.0,227.0,8.7776,0.0208,455.4283,108.0,19.0,89.0,6.0,0.0,0.0,0.0,108,37
30,29,480,464,496,480,-364.0,-293.6,1127.0,1197.4,1,315,80640.0,237.0,8.6931,0.0208,527.9351,114.0,24.0,90.0,11.0,0.0,0.0,0.0,123,43
31,29,496,464,512,480,-293.6,-223.2,1127.0,1197.4,1,303,77568.0,227.0,8.5375,0.0208,477.4882,153.0,13.0,140.0,2.0,0.0,0.0,0.0,133,43
32,29,512,464,528,480,-223.2,-152.8,1127.0,1197.4,1,287,73472.0,198.0,6.9229,0.0208,350.4778,229.0,13.0,216.0,6.0,0.0,0.0,0.0,180,43
33,29,528,464,544,480,-152.8,-82.4,1127.0,1197.4,1,266,68096.0,172.0,6.6495,0.0207,261.3682,423.0,2.0,421.0,2.0,0.0,0.0,0.0,138,36
42,29,672,464,688,480,480.8,551.2,1127.0,1197.4,1,381,97536.0,202.0,7.9522,0.0191,634.0193,1.0,0.0,1.0,0.0,0.0,0.0,0.0,2,1
43,29,688,464,704,480,551.2,621.6,1127.0,1197.4,1,342,87552.0,183.0,6.9963,0.0191,288.657,108.0,96.0,12.0,0.0,1.0,1.0,0.0,16,6
44,29,704,464,720,480,621.6,692.0,1127.0,1197.4,1,364,93184.0,169.0,6.5256,0.0188,167.0098,167.0,0.0,167.0,0.0,0.0,0.0,0.0,25,7
45,29,720,464,736,480,692.0,762.4,1127.0,1197.4,1,396,101376.0,172.0,6.6495,0.0186,218.6754,40.0,0.0,40.0,0.0,0.0,0.0,0.0,2,1
46,29,736,464,752,480,762.4,832.8,1127.0,1197.4,1,425,108800.0,178.0,6.8077,0.0183,259.8197,3.0,0.0,3.0,0.0,0.0,0.0,0.0,2,1
47,29,752,464,768,480,832.8,903.2,1127.0,1197.4,1,431,110336.0,181.0,7.124,0.018,255.5782,4.0,0.0,4.0,0.0,0.0,0.0,0.0,2,1
48,29,768,464,784,480,903.2,973.6,1127.0,1197.4,1,434,111104.0,181.0,7.1329,0.0178,252.8168,1019.0,823.0,196.0,12.0,1.0,0.0,1.0,38,17
49,29,784,464,800,480,973.6,1044.0,1127.0,1197.4,1,436,111616.0,181.0,7.1597,0.0175,244.7633,160.0,45.0,115.0,11.0,2.0,0.0,2.0,126,30
50,29,800,464,816,480,1044.0,1114.4,1127.0,1197.4,1,439,112384.0,182.0,7.1897,0.0173,239.8411,239.0,80.0,159.0,7.0,0.0,0.0,0.0,171,38
51,29,816,464,832,480,1114.4,1184.8,1127.0,1197.4,1,448,114688.0,200.0,7.7758,0.017,258.1931,287.0,69.0,218.0,7.0,0.0,0.0,0.0,210,51
52,29,832,464,848,480,1184.8,1255.2,1127.0,1197.4,1,498,127488.0,227.0,8.5673,0.0167,506.7219,561.0,202.0,359.0,14.0,0.0,0.0,0.0,293,58
53,29,848,464,864,480,1255.2,1325.6,1127.0,1197.4,1,594,152064.0,259.0,9.0506,0.0164,1470.9535,237.0,104.0,133.0,36.0,0.0,0.0,0.0,326,60
54,29,864,464,880,480,1325.6,1396.0,1127.0,1197.4,1,606,155136.0,262.0,9.2455,0.0161,1654.3705,96.0,63.0,33.0,29.0,0.0,0.0,0.0,109,39
55,29,880,464,896,480,1396.0,1466.4,1127.0,1197.4,1,598,153088.0,263.0,9.2207,0.0158,1566.6344,127.0,88.0,39.0,20.0,0.0,0.0,0.0,103,38
56,29,896,464,912,480,1466.4,1536.8,1127.0,1197.4,1,585,149760.0,261.0,9.1616,0.0155,1491.5119,65.0,49.0,16.0,10.0,0.0,0.0,0.0,76,31
57,29,912,464,928,480,1536.8,1607.2,1127.0,1197.4,1,574,146944.0,263.0,9.2905,0.0152,1803.213,169.0,153.0,16.0,20.0,0.0,0.0,0.0,104,27
4,30,64,480,80,496,-2194.4,-2124.0,1056.6,1127.0,1,111,28416.0,139.0,6.2432,0.0149,183.5355,311.0,0.0,311.0,42.0,0.0,0.0,0.0,72,11
5,30,80,480,96,496,-2124.0,-2053.6,1056.6,1127.0,1,173,44288.0,206.0,7.0077,0.0153,1462.2892,332.0,0.0,332.0,58.0,0.0,0.0,0.0,80,20
6,30,96,480,112,496,-2053.6,-1983.2,1056.6,1127.0,1,213,54528.0,219.0,7.1299,0.0156,1915.1383,136.0,0.0,136.0,54.0,0.0,0.0,0.0,90,22
7,30,112,480,128,496,-1983.2,-1912.8,1056.6,1127.0,1,212,54272.0,237.0,7.127,0.016,2246.0336,121.0,1.0,120.0,45.0,0.0,0.0,0.0,104,24
8,30,128,480,144,496,-1912.8,-1842.4,1056.6,1127.0,1,198,50688.0,249.0,7.0077,0.0163,1838.9652,185.0,7.0,178.0,39.0,1.0,0.0,1.0,154,37
9,30,144,480,160,496,-1842.4,-1772.0,1056.6,1127.0,1,267,68352.0,259.0,7.7512,0.0167,2184.2529,187.0,15.0,172.0,20.0,0.0,0.0,0.0,176,38
10,30,160,480,176,496,-1772.0,-1701.6,1056.6,1127.0,1,347,88832.0,231.0,6.9934,0.0169,2622.0953,213.0,25.0,188.0,41.0,0.0,0.0,0.0,187,42
11,30,176,480,192,496,-1701.6,-1631.2,1056.6,1127.0,1,390,99840.0,232.0,7.1063,0.0172,2987.4735,206.0,13.0,193.0,55.0,0.0,0.0,0.0,206,43
12,30,192,480,208,496,-1631.2,-1560.8,1056.6,1127.0,1,358,91648.0,223.0,6.9622,0.0174,2670.1678,321.0,14.0,307.0,123.0,0.0,0.0,0.0,372,67
13,30,208,480,224,496,-1560.8,-1490.4,1056.6,1127.0,1,262,67072.0,212.0,6.6495,0.0176,1601.7412,404.0,16.0,388.0,115.0,0.0,0.0,0.0,356,68
14,30,224,480,240,496,-1490.4,-1420.0,1056.6,1127.0,1,163,41728.0,162.0,6.167,0.0178,479.0563,315.0,19.0,296.0,68.0,0.0,0.0,0.0,298,61
15,30,240,480,256,496,-1420.0,-1349.6,1056.6,1127.0,1,134,34304.0,132.0,5.8979,0.018,179.2631,381.0,23.0,358.0,65.0,0.0,0.0,0.0,290,57
16,30,256,480,272,496,-1349.6,-1279.2,1056.6,1127.0,1,118,30208.0,111.0,5.7498,0.0181,103.0861,362.0,27.0,335.0,64.0,0.0,0.0,0.0,350,63
17,30,272,480,288,496,-1279.2,-1208.8,1056.6,1127.0,1,113,28928.0,108.0,5.7402,0.0181,121.6508,431.0,26.0,405.0,76.0,1.0,1.0,0.0,411,67
18,30,288,480,304,496,-1208.8,-1138.4,1056.6,1127.0,1,100,25600.0,87.0,5.0363,0.0182,74.5983,526.0,35.0,491.0,94.0,1.0,1.0,0.0,432,67
19,30,304,480,320,496,-1138.4,-1068.0,1056.6,1127.0,1,95,24320.0,80.0,4.7533,0.0183,63.7098,374.0,9.0,365.0,39.0,0.0,0.0,0.0,236,50
27,30,432,480,448,496,-575.2,-504.8,1056.6,1127.0,1,281,71936.0,224.0,8.7019,0.0203,474.1529,278.0,3.0,275.0,0.0,0.0,0.0,0.0,24,10
28,30,448,480,464,496,-504.8,-434.4,1056.6,1127.0,1,294,75264.0,222.0,8.7776,0.0205,371.0548,163.0,40.0,123.0,13.0,0.0,0.0,0.0,118,33
29,30,464,480,480,496,-434.4,-364.0,1056.6,1127.0,1,301,77056.0,223.0,8.724,0.0206,380.9368,69.0,13.0,56.0,1.0,0.0,0.0,0.0,70,31
30,30,480,480,496,496,-364.0,-293.6,1056.6,1127.0,1,297,76032.0,226.0,8.593,0.0207,377.146,113.0,37.0,76.0,16.0,1.0,1.0,0.0,101,37
31,30,496,480,512,496,-293.6,-223.2,1056.6,1127.0,1,281,71936.0,210.0,8.4038,0.0207,309.0414,127.0,16.0,111.0,7.0,1.0,0.0,1.0,102,40
32,30,512,480,528,496,-223.2,-152.8,1056.6,1127.0,1,273,69888.0,179.0,6.7488,0.0207,207.6024,289.0,10.0,279.0,3.0,1.0,0.0,1.0,139,36
33,30,528,480,544,496,-152.8,-82.4,1056.6,1127.0,1,257,65792.0,169.0,6.6264,0.0205,199.1614,112.0,3.0,109.0,3.0,0.0,0.0,0.0,104,32
42,30,672,480,688,496,480.8,551.2,1056.6,1127.0,1,375,96000.0,203.0,7.9302,0.019,520.3526,2.0,0.0,2.0,0.0,0.0,0.0,0.0,2,1
43,30,688,480,704,496,551.2,621.6,1056.6,1127.0,1,378,96768.0,226.0,8.529,0.019,640.2276,68.0,36.0,32.0,0.0,1.0,1.0,0.0,40,14
44,30,704,480,720,496,621.6,692.0,1056.6,1127.0,1,387,99072.0,187.0,7.2412,0.0189,323.6409,124.0,41.0,83.0,8.0,1.0,1.0,0.0,59,16
45,30,720,480,736,496,692.0,762.4,1056.6,1127.0,1,419,107264.0,182.0,6.8077,0.0187,254.9405,135.0,94.0,41.0,0.0,0.0,0.0,0.0,43,15
46,30,736,480,752,496,762.4,832.8,1056.6,1127.0,1,438,112128.0,182.0,7.1448,0.0184,275.5458,54.0,22.0,32.0,2.0,0.0,0.0,0.0,40,17
47,30,752,480,768,496,832.8,903.2,1056.6,1127.0,1,438,112128.0,183.0,7.1656,0.0182,257.6677,62.0,16.0,46.0,1.0,0.0,0.0,0.0,55,23
48,30,768,480,784,496,903.2,973.6,1056.6,1127.0,1,440,112640.0,182.0,7.1716,0.0179,254.6498,311.0,77.0,234.0,12.0,0.0,0.0,0.0,158,39
49,30,784,480,800,496,973.6,1044.0,1056.6,1127.0,1,443,113408.0,183.0,7.2017,0.0176,248.4297,177.0,60.0,117.0,13.0,4.0,0.0,4.0,164,37
50,30,800,480,816,496,1044.0,1114.4,1056.6,1127.0,1,447,114432.0,196.0,7.5368,0.0174,261.8673,134.0,43.0,91.0,6.0,0.0,0.0,0.0,140,43
51,30,816,480,832,496,1114.4,1184.8,1056.6,1127.0,1,467,119552.0,218.0,8.3955,0.0171,291.7292,124.0,39.0,85.0,6.0,0.0,0.0,0.0,147,39
52,30,832,480,848,496,1184.8,1255.2,1056.6,1127.0,1,515,131840.0,252.0,8.6668,0.0168,694.1254,107.0,39.0,68.0,12.0,1.0,0.0,1.0,118,40
53,30,848,480,864,496,1255.2,1325.6,1056.6,1127.0,1,589,150784.0,261.0,9.1616,0.0165,1449.1949,83.0,52.0,31.0,31.0,0.0,0.0,0.0,95,38
54,30,864,480,880,496,1325.6,1396.0,1056.6,1127.0,1,596,152576.0,263.0,9.196,0.0162,1532.2391,87.0,60.0,27.0,23.0,0.0,0.0,0.0,86,33
55,30,880,480,896,496,1396.0,1466.4,1056.6,1127.0,1,590,151040.0,264.0,9.1812,0.0159,1474.2583,67.0,45.0,22.0,10.0,0.0,0.0,0.0,76,30
56,30,896,480,912,496,1466.4,1536.8,1056.6,1127.0,1,579,148224.0,267.0,9.3157,0.0156,1595.979,68.0,59.0,9.0,15.0,0.0,0.0,0.0,74,28
57,30,912,480,928,496,1536.8,1607.2,1056.6,1127.0,1,563,144128.0,262.0,9.2356,0.0153,1490.9651,96.0,80.0,16.0,20.0,0.0,0.0,0.0,97,25
4,31,64,496,80,512,-2194.4,-2124.0,986.2,1056.6,1,128,32768.0,183.0,6.7066,0.0148,700.184,173.0,0.0,173.0,0.0,0.0,0.0,0.0,8,2
5,31,80,496,96,512,-2124.0,-2053.6,986.2,1056.6,1,172,44032.0,192.0,6.7355,0.0152,1283.1297,9.0,0.0,9.0,3.0,0.0,0.0,0.0,10,3
6,31,96,496,112,512,-2053.6,-1983.2,986.2,1056.6,1,203,51968.0,195.0,6.553,0.0155,1612.9389,15.0,0.0,15.0,0.0,0.0,0.0,0.0,2,1
7,31,112,496,128,512,-1983.2,-1912.8,986.2,1056.6,1,190,48640.0,193.0,6.5182,0.0159,1337.8546,10.0,0.0,10.0,4.0,0.0,0.0,0.0,6,3
8,31,128,496,144,512,-1912.8,-1842.4,986.2,1056.6,1,181,46336.0,220.0,6.5132,0.0163,1286.7631,16.0,0.0,16.0,1.0,0.0,0.0,0.0,22,8
9,31,144,496,160,512,-1842.4,-1772.0,986.2,1056.6,1,242,61952.0,253.0,7.2873,0.0166,1614.4899,350.0,7.0,343.0,21.0,0.0,0.0,0.0,160,35
10,31,160,496,176,512,-1772.0,-1701.6,986.2,1056.6,1,365,93440.0,236.0,7.4843,0.0169,2753.8062,795.0,1.0,794.0,72.0,1.0,0.0,1.0,312,46
11,31,176,496,192,512,-1701.6,-1631.2,986.2,1056.6,1,405,103680.0,229.0,7.1477,0.0172,2968.4736,540.0,20.0,520.0,95.0,1.0,0.0,1.0,487,61
12,31,192,496,208,512,-1631.2,-1560.8,986.2,1056.6,1,364,93184.0,216.0,6.9792,0.0174,2408.4307,535.0,7.0,528.0,273.0,0.0,0.0,0.0,341,66
13,31,208,496,224,512,-1560.8,-1490.4,986.2,1056.6,1,230,58880.0,199.0,6.538,0.0176,1132.9535,14.0,0.0,14.0,0.0,0.0,0.0,0.0,6,3
14,31,224,496,240,512,-1490.4,-1420.0,986.2,1056.6,1,132,33792.0,135.0,5.9718,0.0177,192.2149,8.0,0.0,8.0,0.0,0.0,0.0,0.0,6,3
15,31,240,496,256,512,-1420.0,-1349.6,986.2,1056.6,1,112,28672.0,107.0,5.8023,0.0178,80.5854,44.0,0.0,44.0,0.0,0.0,0.0,0.0,18,8
16,31,256,496,272,512,-1349.6,-1279.2,986.2,1056.6,1,107,27392.0,100.0,5.7249,0.0178,107.1491,1.0,0.0,1.0,1.0,0.0,0.0,0.0,2,1
17,31,272,496,288,512,-1279.2,-1208.8,986.2,1056.6,1,100,25600.0,84.0,5.0026,0.0179,79.5799,51.0,2.0,49.0,9.0,0.0,0.0,0.0,26,10
18,31,288,496,304,512,-1208.8,-1138.4,986.2,1056.6,1,98,25088.0,82.0,4.8052,0.0179,76.0504,19.0,2.0,17.0,4.0,0.0,0.0,0.0,26,12
27,31,432,496,448,512,-575.2,-504.8,986.2,1056.6,1,280,71680.0,245.0,8.7108,0.0201,516.3247,82.0,24.0,58.0,3.0,0.0,0.0,0.0,40,17
28,31,448,496,464,512,-504.8,-434.4,986.2,1056.6,1,289,73984.0,224.0,8.8408,0.0203,400.8196,102.0,39.0,63.0,10.0,0.0,0.0,0.0,104,27
29,31,464,496,480,512,-434.4,-364.0,986.2,1056.6,1,291,74496.0,215.0,8.6233,0.0205,333.187,50.0,9.0,41.0,6.0,0.0,0.0,0.0,60,23
30,31,480,496,496,512,-364.0,-293.6,986.2,1056.6,1,285,72960.0,214.0,8.4827,0.0205,301.8993,79.0,16.0,63.0,2.0,1.0,1.0,0.0,96,35
31,31,496,496,512,512,-293.6,-223.2,986.2,1056.6,1,269,68864.0,184.0,8.1331,0.0205,190.9878,150.0,26.0,124.0,2.0,0.0,0.0,0.0,118,40
32,31,512,496,528,512,-223.2,-152.8,986.2,1056.6,1,260,66560.0,166.0,6.6649,0.0205,126.2472,170.0,11.0,159.0,3.0,0.0,0.0,0.0,131,39
33,31,528,496,544,512,-152.8,-82.4,986.2,1056.6,1,248,63488.0,158.0,6.5882,0.0203,129.8935,97.0,3.0,94.0,6.0,0.0,0.0,0.0,82,27
42,31,672,496,688,512,480.8,551.2,986.2,1056.6,1,371,94976.0,209.0,8.3506,0.0189,516.2775,45.0,29.0,16.0,0.0,0.0,0.0,0.0,24,10
43,31,688,496,704,512,551.2,621.6,986.2,1056.6,1,401,102656.0,239.0,8.6319,0.0189,816.3348,78.0,37.0,41.0,1.0,0.0,0.0,0.0,66,20
44,31,704,496,720,512,621.6,692.0,986.2,1056.6,1,407,104192.0,201.0,7.356,0.0189,441.3731,391.0,331.0,60.0,3.0,0.0,0.0,0.0,103,32
45,31,720,496,736,512,692.0,762.4,986.2,1056.6,1,437,111872.0,191.0,7.5039,0.0187,399.9525,161.0,105.0,56.0,4.0,0.0,0.0,0.0,124,34
46,31,736,496,752,512,762.4,832.8,986.2,1056.6,1,443,113408.0,186.0,7.1806,0.0185,270.2798,171.0,108.0,63.0,6.0,0.0,0.0,0.0,137,36
47,31,752,496,768,512,832.8,903.2,986.2,1056.6,1,444,113664.0,187.0,7.2047,0.0183,264.3672,160.0,78.0,82.0,10.0,0.0,0.0,0.0,159,44
48,31,768,496,784,512,903.2,973.6,986.2,1056.6,1,448,114688.0,183.0,7.2169,0.018,259.9391,119.0,47.0,72.0,4.0,0.0,0.0,0.0,136,38
49,31,784,496,800,512,973.6,1044.0,986.2,1056.6,1,448,114688.0,197.0,7.5401,0.0177,265.0973,118.0,38.0,80.0,5.0,0.0,0.0,0.0,128,37
50,31,800,496,816,512,1044.0,1114.4,986.2,1056.6,1,458,117248.0,209.0,8.3223,0.0175,267.9496,128.0,34.0,94.0,6.0,0.0,0.0,0.0,126,36
51,31,816,496,832,512,1114.4,1184.8,986.2,1056.6,1,484,123904.0,219.0,8.4743,0.0172,378.9948,116.0,28.0,88.0,4.0,1.0,0.0,1.0,99,30
52,31,832,496,848,512,1184.8,1255.2,986.2,1056.6,1,530,135680.0,253.0,8.7374,0.0169,837.1499,76.0,39.0,37.0,11.0,2.0,0.0,2.0,82,32
53,31,848,496,864,512,1255.2,1325.6,986.2,1056.6,1,573,146688.0,260.0,9.0793,0.0166,1304.4199,77.0,38.0,39.0,22.0,0.0,0.0,0.0,96,32
54,31,864,496,880,512,1325.6,1396.0,986.2,1056.6,1,587,150272.0,262.0,9.1519,0.0162,1423.6171,82.0,62.0,20.0,17.0,0.0,0.0,0.0,90,30
55,31,880,496,896,512,1396.0,1466.4,986.2,1056.6,1,577,147712.0,264.0,9.2855,0.0159,1538.2284,57.0,44.0,13.0,8.0,0.0,0.0,0.0,68,29
56,31,896,496,912,512,1466.4,1536.8,986.2,1056.6,1,560,143360.0,259.0,9.2108,0.0156,1352.4039,63.0,52.0,11.0,10.0,0.0,0.0,0.0,66,23
57,31,912,496,928,512,1536.8,1607.2,986.2,1056.6,1,555,142080.0,265.0,9.2256,0.0153,1730.2718,197.0,89.0,108.0,0.0,0.0,0.0,0.0,89,23
58,31,928,496,944,512,1607.2,1677.6,986.2,1056.6,1,368,94208.0,194.0,7.2534,0.0149,312.3547,41.0,0.0,41.0,0.0,0.0,0.0,0.0,28,5
59,31,944,496,960,512,1677.6,1748.0,986.2,1056.6,1,332,84992.0,165.0,7.1627,0.0146,285.6591,23.0,21.0,2.0,0.0,0.0,0.0,0.0,3,2
60,31,960,496,976,512,1748.0,1818.4,986.2,1056.6,1,311,79616.0,135.0,6.1959,0.0142,34.4354,0.0,0.0,0.0,0.0,0.0,0.0,0.0,0,0
9,32,144,512,160,528,-1842.4,-1772.0,915.8,986.2,1,170,43520.0,192.0,6.4399,0.0166,885.7434,223.0,5.0,218.0,1.0,0.0,0.0,0.0,89,24
10,32,160,512,176,528,-1772.0,-1701.6,915.8,986.2,1,378,96768.0,238.0,7.6306,0.0169,2814.215,606.0,3.0,603.0,44.0,0.0,0.0,0.0,342,41
11,32,176,512,192,528,-1701.6,-1631.2,915.8,986.2,1,415,106240.0,226.0,7.1806,0.0171,2697.5063,1025.0,10.0,1015.0,228.0,1.0,1.0,0.0,591,68
12,32,192,512,208,528,-1631.2,-1560.8,915.8,986.2,1,373,95488.0,217.0,7.0422,0.0173,2203.636,158.0,2.0,156.0,116.0,0.0,0.0,0.0,182,52
13,32,208,512,224,528,-1560.8,-1490.4,915.8,986.2,1,143,36608.0,154.0,6.1165,0.0175,324.4913,13.0,0.0,13.0,0.0,0.0,0.0,0.0,2,1
27,32,432,512,448,528,-575.2,-504.8,915.8,986.2,1,280,71680.0,245.0,8.7285,0.0199,541.4749,68.0,23.0,45.0,20.0,0.0,0.0,0.0,44,12
28,32,448,512,464,528,-504.8,-434.4,915.8,986.2,1,290,74240.0,242.0,8.8272,0.0201,520.5043,127.0,58.0,69.0,13.0,1.0,1.0,0.0,102,30
29,32,464,512,480,528,-434.4,-364.0,915.8,986.2,1,284,72704.0,206.0,8.5375,0.0203,287.4818,57.0,9.0,48.0,10.0,2.0,0.0,2.0,53,22
30,32,480,512,496,528,-364.0,-293.6,915.8,986.2,1,279,71424.0,197.0,8.2424,0.0204,225.7981,92.0,17.0,75.0,0.0,0.0,0.0,0.0,100,35
31,32,496,512,512,528,-293.6,-223.2,915.8,986.2,1,260,66560.0,171.0,7.8361,0.0204,110.602,145.0,33.0,112.0,3.0,0.0,0.0,0.0,119,43
32,32,512,512,528,528,-223.2,-152.8,915.8,986.2,1,253,64768.0,158.0,6.6212,0.0203,92.917,137.0,18.0,119.0,2.0,1.0,1.0,0.0,114,36
33,32,528,512,544,528,-152.8,-82.4,915.8,986.2,1,247,63232.0,155.0,6.5832,0.0201,109.0816,70.0,5.0,65.0,5.0,0.0,0.0,0.0,65,23
42,32,672,512,688,528,480.8,551.2,915.8,986.2,1,370,94720.0,213.0,8.3102,0.0188,481.4521,63.0,54.0,9.0,0.0,0.0,0.0,0.0,28,10
43,32,688,512,704,528,551.2,621.6,915.8,986.2,1,424,108544.0,246.0,8.7731,0.0188,954.4007,95.0,28.0,67.0,5.0,0.0,0.0,0.0,68,21
44,32,704,512,720,528,621.6,692.0,915.8,986.2,1,430,110080.0,212.0,7.4908,0.0188,568.7474,142.0,93.0,49.0,2.0,0.0,0.0,0.0,93,24
45,32,720,512,736,528,692.0,762.4,915.8,986.2,1,447,114432.0,197.0,7.6956,0.0187,404.0501,102.0,49.0,53.0,4.0,0.0,0.0,0.0,106,31
46,32,736,512,752,528,762.4,832.8,915.8,986.2,1,451,115456.0,192.0,7.6853,0.0185,356.1923,110.0,60.0,50.0,7.0,0.0,0.0,0.0,108,33
47,32,752,512,768,528,832.8,903.2,915.8,986.2,1,451,115456.0,189.0,7.2412,0.0183,264.6198,129.0,61.0,68.0,12.0,0.0,0.0,0.0,118,43
48,32,768,512,784,528,903.2,973.6,915.8,986.2,1,452,115712.0,197.0,7.5534,0.018,279.9402,117.0,55.0,62.0,2.0,1.0,0.0,1.0,137,41
49,32,784,512,800,528,973.6,1044.0,915.8,986.2,1,459,117504.0,208.0,8.0643,0.0178,281.9359,107.0,41.0,66.0,5.0,0.0,0.0,0.0,123,40
50,32,800,512,816,528,1044.0,1114.4,915.8,986.2,1,471,120576.0,218.0,8.412,0.0175,296.6789,78.0,23.0,55.0,3.0,0.0,0.0,0.0,88,29
51,32,816,512,832,528,1114.4,1184.8,915.8,986.2,1,486,124416.0,220.0,8.491,0.0172,431.3385,76.0,43.0,33.0,18.0,0.0,0.0,0.0,92,30
52,32,832,512,848,528,1184.8,1255.2,915.8,986.2,1,534,136704.0,255.0,8.882,0.0169,903.3169,96.0,57.0,39.0,18.0,0.0,0.0,0.0,100,30
53,32,848,512,864,528,1255.2,1325.6,915.8,986.2,1,564,144384.0,258.0,9.0363,0.0166,1202.8165,57.0,31.0,26.0,16.0,1.0,0.0,1.0,80,26
54,32,864,512,880,528,1325.6,1396.0,915.8,986.2,1,575,147200.0,265.0,9.2755,0.0163,1498.2997,72.0,61.0,11.0,19.0,0.0,0.0,0.0,78,27
55,32,880,512,896,528,1396.0,1466.4,915.8,986.2,1,564,144384.0,261.0,9.2207,0.0159,1344.1148,47.0,36.0,11.0,6.0,0.0,0.0,0.0,54,24
56,32,896,512,912,528,1466.4,1536.8,915.8,986.2,1,555,142080.0,264.0,9.2207,0.0156,1654.0032,68.0,59.0,9.0,5.0,0.0,0.0,0.0,59,19
57,32,912,512,928,528,1536.8,1607.2,915.8,986.2,1,545,139520.0,264.0,9.2306,0.0153,1520.1295,49.0,30.0,19.0,0.0,0.0,0.0,0.0,46,18
58,32,928,512,944,528,1607.2,1677.6,915.8,986.2,1,432,110592.0,250.0,8.7463,0.015,1183.4931,31.0,2.0,29.0,1.0,0.0,0.0,0.0,26,10
59,32,944,512,960,528,1677.6,1748.0,915.8,986.2,1,331,84736.0,142.0,5.7268,0.0146,23.374,11.0,3.0,8.0,0.0,0.0,0.0,0.0,8,3
60,32,960,512,976,528,1748.0,1818.4,915.8,986.2,1,323,82688.0,136.0,6.0242,0.0143,16.0836,14.0,14.0,0.0,0.0,0.0,0.0,0.0,2,1
10,33,160,528,176,544,-1772.0,-1701.6,845.4,915.8,1,399,102144.0,250.0,7.7722,0.0168,2952.3873,75.0,0.0,75.0,21.0,0.0,0.0,0.0,30,11
11,33,176,528,192,544,-1701.6,-1631.2,845.4,915.8,1,413,105728.0,226.0,7.1836,0.017,2392.262,675.0,22.0,653.0,234.0,1.0,1.0,0.0,436,68
12,33,192,528,208,544,-1631.2,-1560.8,845.4,915.8,1,369,94464.0,192.0,6.1714,0.0172,1188.1764,227.0,4.0,223.0,136.0,0.0,0.0,0.0,146,47
27,33,432,528,448,544,-575.2,-504.8,845.4,915.8,1,283,72448.0,241.0,8.6887,0.0197,634.2379,21.0,1.0,20.0,1.0,0.0,0.0,0.0,19,7
28,33,448,528,464,544,-504.8,-434.4,845.4,915.8,1,290,74240.0,239.0,8.8227,0.02,521.8279,86.0,20.0,66.0,2.0,0.0,0.0,0.0,88,29
29,33,464,528,480,544,-434.4,-364.0,845.4,915.8,1,285,72960.0,218.0,8.7418,0.0201,403.0954,42.0,6.0,36.0,7.0,0.0,0.0,0.0,44,18
30,33,480,528,496,544,-364.0,-293.6,845.4,915.8,1,272,69632.0,195.0,8.2148,0.0202,196.8067,95.0,14.0,81.0,3.0,1.0,0.0,1.0,104,39
31,33,496,528,512,544,-293.6,-223.2,845.4,915.8,1,254,65024.0,164.0,6.7435,0.0203,75.5634,150.0,22.0,128.0,1.0,1.0,1.0,0.0,126,43
32,33,512,528,528,544,-223.2,-152.8,845.4,915.8,1,250,64000.0,153.0,6.5983,0.0202,69.9319,134.0,22.0,112.0,3.0,1.0,1.0,0.0,112,35
33,33,528,528,544,544,-152.8,-82.4,845.4,915.8,1,240,61440.0,147.0,6.5505,0.02,81.9524,68.0,7.0,61.0,3.0,0.0,0.0,0.0,64,21
42,33,672,528,688,544,480.8,551.2,845.4,915.8,1,373,95488.0,224.0,8.3183,0.0187,480.108,87.0,80.0,7.0,0.0,0.0,0.0,0.0,45,10
43,33,688,528,704,544,551.2,621.6,845.4,915.8,1,436,111616.0,248.0,8.8499,0.0187,955.0514,59.0,19.0,40.0,2.0,0.0,0.0,0.0,58,14
44,33,704,528,720,544,621.6,692.0,845.4,915.8,1,456,116736.0,237.0,9.0745,0.0187,811.6044,125.0,45.0,80.0,6.0,1.0,1.0,0.0,127,35
45,33,720,528,736,544,692.0,762.4,845.4,915.8,1,456,116736.0,209.0,7.7582,0.0186,503.0135,180.0,100.0,80.0,11.0,0.0,0.0,0.0,168,42
46,33,736,528,752,544,762.4,832.8,845.4,915.8,1,461,118016.0,201.0,7.7442,0.0184,429.4223,200.0,104.0,96.0,10.0,0.0,0.0,0.0,234,54
47,33,752,528,768,544,832.8,903.2,845.4,915.8,1,455,116480.0,196.0,7.5634,0.0182,292.1475,156.0,92.0,64.0,11.0,0.0,0.0,0.0,176,49
48,33,768,528,784,544,903.2,973.6,845.4,915.8,1,457,116992.0,205.0,7.8076,0.018,280.6715,131.0,78.0,53.0,6.0,0.0,0.0,0.0,146,40
49,33,784,528,800,544,973.6,1044.0,845.4,915.8,1,470,120320.0,215.0,8.3751,0.0178,296.9652,170.0,129.0,41.0,5.0,1.0,0.0,1.0,128,33
50,33,800,528,816,544,1044.0,1114.4,845.4,915.8,1,484,123904.0,221.0,8.4701,0.0175,357.394,167.0,130.0,37.0,21.0,0.0,0.0,0.0,101,26
51,33,816,528,832,544,1114.4,1184.8,845.4,915.8,1,495,126720.0,232.0,8.6843,0.0172,509.7648,73.0,44.0,29.0,17.0,0.0,0.0,0.0,80,27
52,33,832,528,848,544,1184.8,1255.2,845.4,915.8,1,528,135168.0,255.0,8.8545,0.0169,895.3327,94.0,31.0,63.0,11.0,1.0,0.0,1.0,68,25
53,33,848,528,864,544,1255.2,1325.6,845.4,915.8,1,554,141824.0,264.0,9.1665,0.0166,1263.7127,69.0,38.0,31.0,12.0,0.0,0.0,0.0,68,24
54,33,864,528,880,544,1325.6,1396.0,845.4,915.8,1,561,143616.0,264.0,9.2058,0.0163,1312.3021,69.0,50.0,19.0,23.0,0.0,0.0,0.0,78,28
55,33,880,528,896,544,1396.0,1466.4,845.4,915.8,1,553,141568.0,267.0,9.2555,0.0159,1587.0685,58.0,44.0,14.0,7.0,0.0,0.0,0.0,66,25
56,33,896,528,912,544,1466.4,1536.8,845.4,915.8,1,543,139008.0,262.0,9.2157,0.0156,1415.5935,51.0,41.0,10.0,2.0,0.0,0.0,0.0,52,19
57,33,912,528,928,544,1536.8,1607.2,845.4,915.8,1,526,134656.0,248.0,9.2455,0.0153,1433.6531,36.0,4.0,32.0,1.0,0.0,0.0,0.0,36,15
58,33,928,528,944,544,1607.2,1677.6,845.4,915.8,1,451,115456.0,220.0,7.2443,0.015,381.0873,25.0,3.0,22.0,1.0,1.0,0.0,1.0,25,11
59,33,944,528,960,544,1677.6,1748.0,845.4,915.8,1,339,86784.0,158.0,6.1383,0.0146,43.6236,18.0,11.0,7.0,1.0,0.0,0.0,0.0,14,4
60,33,960,528,976,544,1748.0,1818.4,845.4,915.8,1,325,83200.0,141.0,6.1056,0.0143,20.2512,19.0,13.0,6.0,0.0,0.0,0.0,0.0,16,4
10,34,160,544,176,560,-1772.0,-1701.6,775.0,845.4,1,410,104960.0,241.0,7.797,0.0167,2890.1617,13.0,0.0,13.0,1.0,0.0,0.0,0.0,18,8
11,34,176,544,192,560,-1701.6,-1631.2,775.0,845.4,1,397,101632.0,205.0,7.0567,0.0169,1305.3932,329.0,14.0,315.0,154.0,0.0,0.0,0.0,370,68
12,34,192,544,208,560,-1631.2,-1560.8,775.0,845.4,1,365,93440.0,168.0,6.0818,0.0171,602.0075,130.0,3.0,127.0,85.0,0.0,0.0,0.0,132,50
27,34,432,544,448,560,-575.2,-504.8,775.0,845.4,1,281,71936.0,230.0,8.6668,0.0196,557.4691,0.0,0.0,0.0,0.0,0.0,0.0,0.0,0,0
28,34,448,544,464,560,-504.8,-434.4,775.0,845.4,1,298,76288.0,236.0,8.8136,0.0198,611.3629,72.0,18.0,54.0,3.0,0.0,0.0,0.0,73,28
29,34,464,544,480,560,-434.4,-364.0,775.0,845.4,1,291,74496.0,231.0,8.791,0.02,502.8913,60.0,18.0,42.0,5.0,1.0,1.0,0.0,56,21
30,34,480,544,496,560,-364.0,-293.6,775.0,845.4,1,278,71168.0,214.0,8.7686,0.0201,456.0621,109.0,14.0,95.0,7.0,0.0,0.0,0.0,110,40
31,34,496,544,512,560,-293.6,-223.2,775.0,845.4,1,252,64512.0,161.0,6.6727,0.0201,69.3949,96.0,13.0,83.0,1.0,0.0,0.0,0.0,94,36
32,34,512,544,528,560,-223.2,-152.8,775.0,845.4,1,248,63488.0,150.0,6.5806,0.0201,68.834,118.0,15.0,103.0,3.0,0.0,0.0,0.0,116,45
33,34,528,544,544,560,-152.8,-82.4,775.0,845.4,1,238,60928.0,145.0,6.5306,0.0199,63.6086,42.0,4.0,38.0,2.0,0.0,0.0,0.0,50,20
42,34,672,544,688,560,480.8,551.2,775.0,845.4,1,377,96512.0,234.0,8.4203,0.0186,495.9769,484.0,476.0,8.0,0.0,1.0,1.0,0.0,29,10
43,34,688,544,704,560,551.2,621.6,775.0,845.4,1,458,117248.0,254.0,9.0315,0.0186,978.4377,55.0,32.0,23.0,0.0,0.0,0.0,0.0,37,9
44,34,704,544,720,560,621.6,692.0,775.0,845.4,1,475,121600.0,247.0,9.2705,0.0186,1007.1018,253.0,70.0,183.0,23.0,2.0,0.0,2.0,318,54
45,34,720,544,736,560,692.0,762.4,775.0,845.4,1,466,119296.0,215.0,7.8076,0.0185,587.9425,326.0,208.0,118.0,15.0,0.0,0.0,0.0,286,56
46,34,736,544,752,560,762.4,832.8,775.0,845.4,1,463,118528.0,208.0,8.0454,0.0184,473.0887,108.0,62.0,46.0,14.0,0.0,0.0,0.0,116,34
47,34,752,544,768,560,832.8,903.2,775.0,845.4,1,463,118528.0,212.0,8.2622,0.0182,383.3249,324.0,127.0,197.0,15.0,1.0,0.0,1.0,130,35
48,34,768,544,784,560,903.2,973.6,775.0,845.4,1,467,119552.0,213.0,8.3588,0.018,293.8173,190.0,125.0,65.0,26.0,0.0,0.0,0.0,181,47
49,34,784,544,800,560,973.6,1044.0,775.0,845.4,1,474,121344.0,221.0,8.4244,0.0177,304.9768,205.0,152.0,53.0,21.0,1.0,0.0,1.0,169,38
50,34,800,544,816,560,1044.0,1114.4,775.0,845.4,1,483,123648.0,224.0,8.5973,0.0175,406.2293,104.0,75.0,29.0,19.0,0.0,0.0,0.0,104,31
51,34,816,544,832,560,1114.4,1184.8,775.0,845.4,1,499,127744.0,242.0,8.7152,0.0172,573.3826,49.0,32.0,17.0,12.0,0.0,0.0,0.0,63,25
52,34,832,544,848,560,1184.8,1255.2,775.0,845.4,1,527,134912.0,265.0,9.0745,0.0169,997.0705,65.0,33.0,32.0,6.0,1.0,0.0,1.0,70,24
53,34,848,544,864,560,1255.2,1325.6,775.0,845.4,1,539,137984.0,265.0,9.147,0.0166,1111.7685,75.0,45.0,30.0,8.0,1.0,0.0,1.0,80,29
54,34,864,544,880,560,1325.6,1396.0,775.0,845.4,1,549,140544.0,271.0,9.3157,0.0162,1507.5698,56.0,39.0,17.0,12.0,0.0,0.0,0.0,74,30
55,34,880,544,896,560,1396.0,1466.4,775.0,845.4,1,539,137984.0,265.0,9.2655,0.0159,1383.5531,50.0,37.0,13.0,11.0,0.0,0.0,0.0,54,20
56,34,896,544,912,560,1466.4,1536.8,775.0,845.4,1,525,134400.0,247.0,9.3006,0.0156,1613.5072,43.0,27.0,16.0,1.0,0.0,0.0,0.0,50,17
57,34,912,544,928,560,1536.8,1607.2,775.0,845.4,1,514,131584.0,226.0,7.5302,0.0153,496.5265,19.0,2.0,17.0,1.0,0.0,0.0,0.0,24,8
58,34,928,544,944,560,1607.2,1677.6,775.0,845.4,1,466,119296.0,228.0,7.4973,0.0149,451.225,17.0,7.0,10.0,0.0,0.0,0.0,0.0,18,5
59,34,944,544,960,560,1677.6,1748.0,775.0,845.4,1,375,96000.0,214.0,7.1866,0.0146,246.1439,31.0,28.0,3.0,0.0,0.0,0.0,0.0,42,4
60,34,960,544,976,560,1748.0,1818.4,775.0,845.4,1,333,85248.0,156.0,6.167,0.0143,49.8806,13.0,11.0,2.0,0.0,0.0,0.0,0.0,16,4
10,35,160,560,176,576,-1772.0,-1701.6,704.6,775.0,1,383,98048.0,181.0,5.6644,0.0166,512.463,9.0,0.0,9.0,0.0,1.0,0.0,1.0,10,5
11,35,176,560,192,576,-1701.6,-1631.2,704.6,775.0,1,389,99584.0,190.0,7.0887,0.0167,1146.5049,284.0,11.0,273.0,140.0,0.0,0.0,0.0,387,71
12,35,192,560,208,576,-1631.2,-1560.8,704.6,775.0,1,373,95488.0,166.0,6.1186,0.0168,602.6887,61.0,1.0,60.0,50.0,0.0,0.0,0.0,98,39
27,35,432,560,448,576,-575.2,-504.8,704.6,775.0,1,286,73216.0,227.0,8.6493,0.0194,596.5804,0.0,0.0,0.0,0.0,0.0,0.0,0.0,0,0
28,35,448,560,464,576,-504.8,-434.4,704.6,775.0,1,301,77056.0,234.0,8.8317,0.0197,597.4854,83.0,28.0,55.0,7.0,1.0,0.0,1.0,78,28
29,35,464,560,480,576,-434.4,-364.0,704.6,775.0,1,298,76288.0,229.0,8.8227,0.0198,589.7941,53.0,7.0,46.0,2.0,0.0,0.0,0.0,64,22
30,35,480,560,496,576,-364.0,-293.6,704.6,775.0,1,282,72192.0,232.0,8.8136,0.02,523.0765,96.0,8.0,88.0,7.0,0.0,0.0,0.0,122,44
31,35,496,560,512,576,-293.6,-223.2,704.6,775.0,1,254,65024.0,170.0,7.7477,0.02,258.9824,65.0,6.0,59.0,0.0,0.0,0.0,0.0,64,24
32,35,512,560,528,576,-223.2,-152.8,704.6,775.0,1,245,62720.0,148.0,6.553,0.02,52.1376,123.0,27.0,96.0,1.0,1.0,1.0,0.0,127,43
33,35,528,560,544,576,-152.8,-82.4,704.6,775.0,1,237,60672.0,142.0,6.5182,0.0198,81.1943,53.0,2.0,51.0,5.0,0.0,0.0,0.0,50,19
42,35,672,560,688,576,480.8,551.2,704.6,775.0,1,387,99072.0,236.0,8.4618,0.0185,512.6452,0.0,0.0,0.0,0.0,0.0,0.0,0.0,0,0
43,35,688,560,704,576,551.2,621.6,704.6,775.0,1,488,124928.0,257.0,9.3056,0.0185,1067.5606,162.0,57.0,105.0,21.0,1.0,0.0,1.0,230,53
44,35,704,560,720,576,621.6,692.0,704.6,775.0,1,487,124672.0,251.0,9.336,0.0185,1092.3713,426.0,163.0,263.0,30.0,3.0,0.0,3.0,381,61
45,35,720,560,736,576,692.0,762.4,704.6,775.0,1,468,119808.0,220.0,7.9083,0.0184,670.5772,11.0,7.0,4.0,0.0,0.0,0.0,0.0,9,5
46,35,736,560,752,576,762.4,832.8,704.6,775.0,1,475,121600.0,226.0,8.3506,0.0183,545.0075,0.0,0.0,0.0,0.0,0.0,0.0,0.0,0,0
47,35,752,560,768,576,832.8,903.2,704.6,775.0,1,470,120320.0,218.0,8.5673,0.0181,375.4535,0.0,0.0,0.0,0.0,0.0,0.0,0.0,0,0
48,35,768,560,784,576,903.2,973.6,704.6,775.0,1,473,121088.0,223.0,8.8363,0.0179,356.1466,158.0,146.0,12.0,13.0,1.0,0.0,1.0,70,21
49,35,784,560,800,576,973.6,1044.0,704.6,775.0,1,488,124928.0,225.0,8.6146,0.0177,373.6234,680.0,641.0,39.0,26.0,0.0,0.0,0.0,233,35
50,35,800,560,816,576,1044.0,1114.4,704.6,775.0,1,491,125696.0,229.0,8.6843,0.0174,462.4395,89.0,72.0,17.0,10.0,0.0,0.0,0.0,74,25
51,35,816,560,832,576,1114.4,1184.8,704.6,775.0,1,498,127488.0,261.0,9.0125,0.0171,706.4088,41.0,29.0,12.0,2.0,0.0,0.0,0.0,44,19
52,35,832,560,848,576,1184.8,1255.2,704.6,775.0,1,516,132096.0,267.0,9.0985,0.0168,904.4805,128.0,27.0,101.0,1.0,0.0,0.0,0.0,51,19
53,35,848,560,864,576,1255.2,1325.6,704.6,775.0,1,530,135680.0,272.0,9.3056,0.0165,1296.9022,270.0,96.0,174.0,21.0,0.0,0.0,0.0,106,32
54,35,864,560,880,576,1325.6,1396.0,704.6,775.0,1,534,136704.0,272.0,9.336,0.0162,1311.5744,102.0,84.0,18.0,14.0,0.0,0.0,0.0,102,27
55,35,880,560,896,576,1396.0,1466.4,704.6,775.0,1,522,133632.0,249.0,9.2755,0.0159,1036.9946,74.0,60.0,14.0,5.0,0.0,0.0,0.0,68,22
56,35,896,560,912,576,1466.4,1536.8,704.6,775.0,1,519,132864.0,235.0,7.5801,0.0155,528.6228,41.0,33.0,8.0,1.0,0.0,0.0,0.0,46,11
57,35,912,560,928,576,1536.8,1607.2,704.6,775.0,1,515,131840.0,239.0,7.5834,0.0152,538.9188,7.0,1.0,6.0,0.0,0.0,0.0,0.0,10,5
58,35,928,560,944,576,1607.2,1677.6,704.6,775.0,1,478,122368.0,241.0,7.5435,0.0149,481.588,14.0,7.0,7.0,0.0,0.0,0.0,0.0,17,6
59,35,944,560,960,576,1677.6,1748.0,704.6,775.0,1,399,102144.0,224.0,7.2626,0.0146,302.9668,131.0,120.0,11.0,0.0,0.0,0.0,0.0,48,6
60,35,960,560,976,576,1748.0,1818.4,704.6,775.0,1,343,87808.0,176.0,6.2523,0.0142,88.5729,41.0,38.0,3.0,0.0,0.0,0.0,0.0,14,4
8,36,128,576,144,592,-1912.8,-1842.4,634.2,704.6,1,342,87552.0,129.0,5.1933,0.0158,12.9225,14.0,0.0,14.0,0.0,0.0,0.0,0.0,1,1
9,36,144,576,160,592,-1842.4,-1772.0,634.2,704.6,1,369,94464.0,173.0,5.6477,0.0162,511.052,4.0,0.0,4.0,0.0,0.0,0.0,0.0,6,3
10,36,160,576,176,592,-1772.0,-1701.6,634.2,704.6,1,375,96000.0,166.0,5.6384,0.0164,512.4472,43.0,6.0,37.0,0.0,0.0,0.0,0.0,43,17
11,36,176,576,192,592,-1701.6,-1631.2,634.2,704.6,1,386,98816.0,191.0,7.0975,0.0166,1011.3954,237.0,4.0,233.0,133.0,0.0,0.0,0.0,350,67
12,36,192,576,208,592,-1631.2,-1560.8,634.2,704.6,1,375,96000.0,176.0,6.9062,0.0166,779.1035,93.0,0.0,93.0,63.0,0.0,0.0,0.0,137,46
13,36,208,576,224,592,-1560.8,-1490.4,634.2,704.6,1,344,88064.0,159.0,6.0242,0.0165,492.9386,6.0,0.0,6.0,2.0,0.0,0.0,0.0,8,3
14,36,224,576,240,592,-1490.4,-1420.0,634.2,704.6,1,303,77568.0,119.0,5.1574,0.0162,4.5567,43.0,0.0,43.0,8.0,0.0,0.0,0.0,4,2
27,36,432,576,448,592,-575.2,-504.8,634.2,704.6,1,291,74496.0,225.0,8.6755,0.0193,612.6528,76.0,0.0,76.0,0.0,0.0,0.0,0.0,16,8
28,36,448,576,464,592,-504.8,-434.4,634.2,704.6,1,304,77824.0,233.0,8.8454,0.0195,621.7976,109.0,16.0,93.0,4.0,0.0,0.0,0.0,104,36
29,36,464,576,480,592,-434.4,-364.0,634.2,704.6,1,300,76800.0,230.0,8.8866,0.0197,590.7919,66.0,6.0,60.0,4.0,0.0,0.0,0.0,88,31
30,36,480,576,496,592,-364.0,-293.6,634.2,704.6,1,291,74496.0,231.0,8.8591,0.0199,620.2513,81.0,4.0,77.0,5.0,0.0,0.0,0.0,93,34
31,36,496,576,512,592,-293.6,-223.2,634.2,704.6,1,270,69120.0,195.0,7.8648,0.0199,468.5282,110.0,9.0,101.0,1.0,1.0,0.0,1.0,110,39
32,36,512,576,528,592,-223.2,-152.8,634.2,704.6,1,245,62720.0,149.0,6.5706,0.0199,73.5725,137.0,33.0,104.0,3.0,1.0,0.0,1.0,149,46
33,36,528,576,544,592,-152.8,-82.4,634.2,704.6,1,235,60160.0,142.0,6.5132,0.0198,59.188,43.0,6.0,37.0,1.0,0.0,0.0,0.0,49,18
42,36,672,576,688,592,480.8,551.2,634.2,704.6,1,413,105728.0,245.0,8.7063,0.0185,625.4169,101.0,20.0,81.0,29.0,0.0,0.0,0.0,65,22
43,36,688,576,704,592,551.2,621.6,634.2,704.6,1,504,129024.0,262.0,9.4231,0.0185,1113.5073,472.0,106.0,366.0,78.0,2.0,1.0,1.0,378,64
44,36,704,576,720,592,621.6,692.0,634.2,704.6,1,491,125696.0,252.0,9.3563,0.0184,1043.0916,250.0,56.0,194.0,67.0,1.0,0.0,1.0,108,29
45,36,720,576,736,592,692.0,762.4,634.2,704.6,1,483,123648.0,249.0,9.1812,0.0183,784.4366,171.0,62.0,109.0,0.0,0.0,0.0,0.0,4,2
46,36,736,576,752,592,762.4,832.8,634.2,704.6,1,482,123392.0,235.0,8.6799,0.0182,589.8078,0.0,0.0,0.0,0.0,0.0,0.0,0.0,0,0
47,36,752,576,768,592,832.8,903.2,634.2,704.6,1,480,122880.0,231.0,8.8958,0.018,432.0871,0.0,0.0,0.0,0.0,0.0,0.0,0.0,0,0
48,36,768,576,784,592,903.2,973.6,634.2,704.6,1,485,124160.0,236.0,9.0173,0.0178,432.4183,0.0,0.0,0.0,0.0,0.0,0.0,0.0,0,0
49,36,784,576,800,592,973.6,1044.0,634.2,704.6,1,490,125440.0,239.0,9.2009,0.0176,559.2708,312.0,289.0,23.0,26.0,0.0,0.0,0.0,146,27
50,36,800,576,816,592,1044.0,1114.4,634.2,704.6,1,490,125440.0,244.0,9.0315,0.0173,572.5399,53.0,36.0,17.0,4.0,1.0,0.0,1.0,50,17
51,36,816,576,832,592,1114.4,1184.8,634.2,704.6,1,489,125184.0,275.0,9.0889,0.017,711.9454,31.0,28.0,3.0,2.0,0.0,0.0,0.0,30,9
52,36,832,576,848,592,1184.8,1255.2,634.2,704.6,1,511,130816.0,282.0,9.2356,0.0167,1118.7828,46.0,41.0,5.0,5.0,0.0,0.0,0.0,43,16
53,36,848,576,864,592,1255.2,1325.6,634.2,704.6,1,521,133376.0,289.0,9.3512,0.0164,1605.1943,477.0,289.0,188.0,37.0,0.0,0.0,0.0,126,30
54,36,864,576,880,592,1325.6,1396.0,634.2,704.6,1,512,131072.0,250.0,7.6476,0.0161,516.9877,342.0,323.0,19.0,7.0,0.0,0.0,0.0,124,25
55,36,880,576,896,592,1396.0,1466.4,634.2,704.6,1,520,133120.0,250.0,7.6784,0.0158,558.3713,127.0,99.0,28.0,3.0,0.0,0.0,0.0,82,18
56,36,896,576,912,592,1466.4,1536.8,634.2,704.6,1,522,133632.0,249.0,7.6818,0.0155,579.2827,66.0,56.0,10.0,0.0,0.0,0.0,0.0,48,10
57,36,912,576,928,592,1536.8,1607.2,634.2,704.6,1,519,132864.0,245.0,7.6818,0.0152,585.7028,35.0,32.0,3.0,0.0,0.0,0.0,0.0,20,7
58,36,928,576,944,592,1607.2,1677.6,634.2,704.6,1,488,124928.0,242.0,7.5801,0.0148,532.0033,49.0,28.0,21.0,0.0,0.0,0.0,0.0,22,4
59,36,944,576,960,592,1677.6,1748.0,634.2,704.6,1,423,108288.0,239.0,7.3718,0.0145,391.1788,57.0,17.0,40.0,0.0,0.0,0.0,0.0,34,4
60,36,960,576,976,592,1748.0,1818.4,634.2,704.6,1,369,94464.0,222.0,7.1776,0.0142,261.7123,68.0,68.0,0.0,0.0,0.0,0.0,0.0,9,2
6,37,96,592,112,608,-2053.6,-1983.2,563.8,634.2,1,350,89600.0,132.0,5.7096,0.0151,22.9358,0.0,0.0,0.0,0.0,0.0,0.0,0.0,0,0
7,37,112,592,128,608,-1983.2,-1912.8,563.8,634.2,1,356,91136.0,134.0,5.6588,0.0155,19.2455,0.0,0.0,0.0,0.0,0.0,0.0,0.0,0,0
8,37,128,592,144,608,-1912.8,-1842.4,563.8,634.2,1,370,94720.0,174.0,5.9926,0.0158,500.4125,24.0,18.0,6.0,0.0,0.0,0.0,0.0,9,2
9,37,144,592,160,608,-1842.4,-1772.0,563.8,634.2,1,372,95232.0,157.0,5.5943,0.016,141.1131,3.0,0.0,3.0,0.0,0.0,0.0,0.0,4,2
10,37,160,592,176,608,-1772.0,-1701.6,563.8,634.2,1,372,95232.0,160.0,5.5834,0.0162,75.1922,41.0,9.0,32.0,0.0,0.0,0.0,0.0,48,19
11,37,176,592,192,608,-1701.6,-1631.2,563.8,634.2,1,382,97792.0,195.0,7.1034,0.0164,1148.803,120.0,2.0,118.0,73.0,0.0,0.0,0.0,182,55
12,37,192,592,208,608,-1631.2,-1560.8,563.8,634.2,1,375,96000.0,179.0,7.0163,0.0164,848.6469,160.0,0.0,160.0,119.0,0.0,0.0,0.0,250,70
13,37,208,592,224,608,-1560.8,-1490.4,563.8,634.2,1,359,91904.0,163.0,6.0796,0.0163,583.0448,11.0,0.0,11.0,3.0,0.0,0.0,0.0,12,5
14,37,224,592,240,608,-1490.4,-1420.0,563.8,634.2,1,323,82688.0,145.0,5.7058,0.0162,229.5409,10.0,0.0,10.0,4.0,0.0,0.0,0.0,8,3
15,37,240,592,256,608,-1420.0,-1349.6,563.8,634.2,1,297,76032.0,118.0,5.1466,0.0159,4.1517,14.0,0.0,14.0,3.0,0.0,0.0,0.0,16,3
16,37,256,592,272,608,-1349.6,-1279.2,563.8,634.2,1,282,72192.0,111.0,5.0437,0.0155,1.7043,98.0,0.0,98.0,1.0,0.0,0.0,0.0,11,2
26,37,416,592,432,608,-645.6,-575.2,563.8,634.2,1,171,43776.0,169.0,6.3706,0.0188,254.2737,363.0,0.0,363.0,7.0,0.0,0.0,0.0,50,19
27,37,432,592,448,608,-575.2,-504.8,563.8,634.2,1,299,76544.0,238.0,8.7865,0.0192,712.0836,222.0,6.0,216.0,14.0,0.0,0.0,0.0,96,35
28,37,448,592,464,608,-504.8,-434.4,563.8,634.2,1,310,79360.0,237.0,8.9096,0.0194,681.8349,38.0,10.0,28.0,1.0,0.0,0.0,0.0,48,22
29,37,464,592,480,608,-434.4,-364.0,563.8,634.2,1,309,79104.0,233.0,8.9328,0.0196,682.1785,41.0,4.0,37.0,5.0,0.0,0.0,0.0,54,25
30,37,480,592,496,608,-364.0,-293.6,563.8,634.2,1,296,75776.0,231.0,8.8912,0.0198,646.5588,78.0,5.0,73.0,4.0,0.0,0.0,0.0,86,33
31,37,496,592,512,608,-293.6,-223.2,563.8,634.2,1,278,71168.0,189.0,7.8468,0.0198,551.4897,87.0,8.0,79.0,2.0,0.0,0.0,0.0,98,33
32,37,512,592,528,608,-223.2,-152.8,563.8,634.2,1,271,69376.0,188.0,7.8684,0.0198,551.1948,168.0,18.0,150.0,2.0,0.0,0.0,0.0,130,43
33,37,528,592,544,608,-152.8,-82.4,563.8,634.2,1,235,60160.0,142.0,6.5132,0.0197,56.9707,27.0,2.0,25.0,1.0,0.0,0.0,0.0,38,17
42,37,672,592,688,608,480.8,551.2,563.8,634.2,1,479,122624.0,257.0,9.2207,0.0185,878.415,104.0,28.0,76.0,23.0,2.0,0.0,2.0,81,26
43,37,688,592,704,608,551.2,621.6,563.8,634.2,1,506,129536.0,263.0,9.4335,0.0184,1060.1784,393.0,55.0,338.0,74.0,2.0,0.0,2.0,360,57
44,37,704,592,720,608,621.6,692.0,563.8,634.2,1,504,129024.0,271.0,9.4231,0.0184,1115.6215,199.0,27.0,172.0,53.0,0.0,0.0,0.0,150,43
45,37,720,592,736,608,692.0,762.4,563.8,634.2,1,496,126976.0,267.0,9.3768,0.0182,902.8109,376.0,28.0,348.0,24.0,0.0,0.0,0.0,88,16
46,37,736,592,752,608,762.4,832.8,563.8,634.2,1,492,125952.0,249.0,9.0937,0.0181,586.0047,0.0,0.0,0.0,0.0,0.0,0.0,0.0,0,0
47,37,752,592,768,608,832.8,903.2,563.8,634.2,1,495,126720.0,259.0,9.196,0.0179,636.6842,0.0,0.0,0.0,0.0,0.0,0.0,0.0,0,0
48,37,768,592,784,608,903.2,973.6,563.8,634.2,1,505,129280.0,265.0,9.3056,0.0177,638.4282,0.0,0.0,0.0,0.0,0.0,0.0,0.0,0,0
49,37,784,592,800,608,973.6,1044.0,563.8,634.2,1,505,129280.0,270.0,9.4386,0.0175,744.9858,81.0,64.0,17.0,3.0,0.0,0.0,0.0,40,16
50,37,800,592,816,608,1044.0,1114.4,563.8,634.2,1,483,123648.0,277.0,9.3922,0.0172,752.2707,33.0,25.0,8.0,0.0,0.0,0.0,0.0,26,13
51,37,816,592,832,608,1114.4,1184.8,563.8,634.2,1,492,125952.0,292.0,9.1519,0.0169,942.2537,40.0,34.0,6.0,0.0,0.0,0.0,0.0,32,12
52,37,832,592,848,608,1184.8,1255.2,563.8,634.2,1,502,128512.0,291.0,9.2455,0.0166,1253.4754,30.0,21.0,9.0,0.0,0.0,0.0,0.0,30,13
53,37,848,592,864,608,1255.2,1325.6,563.8,634.2,1,502,128512.0,252.0,7.6171,0.0163,506.5561,152.0,126.0,26.0,2.0,0.0,0.0,0.0,92,20
54,37,864,592,880,608,1325.6,1396.0,563.8,634.2,1,514,131584.0,251.0,7.6613,0.016,566.2087,158.0,132.0,26.0,8.0,0.0,0.0,0.0,91,21
55,37,880,592,896,608,1396.0,1466.4,563.8,634.2,1,521,133376.0,246.0,7.6818,0.0157,602.6783,86.0,63.0,23.0,1.0,0.0,0.0,0.0,56,11
56,37,896,592,912,608,1466.4,1536.8,563.8,634.2,1,522,133632.0,245.0,7.6887,0.0154,616.2795,87.0,57.0,30.0,0.0,0.0,0.0,0.0,39,9
57,37,912,592,928,608,1536.8,1607.2,563.8,634.2,1,523,133888.0,244.0,7.6922,0.0151,623.8572,96.0,93.0,3.0,0.0,0.0,0.0,0.0,28,6
58,37,928,592,944,608,1607.2,1677.6,563.8,634.2,1,493,126208.0,243.0,7.5969,0.0148,565.2397,3.0,0.0,3.0,0.0,0.0,0.0,0.0,4,1
59,37,944,592,960,608,1677.6,1748.0,563.8,634.2,1,439,112384.0,241.0,7.4228,0.0144,436.9388,0.0,0.0,0.0,0.0,0.0,0.0,0.0,0,0
60,37,960,592,976,608,1748.0,1818.4,563.8,634.2,1,389,99584.0,224.0,7.2382,0.0141,328.5687,0.0,0.0,0.0,0.0,0.0,0.0,0.0,0,0
6,38,96,608,112,624,-2053.6,-1983.2,493.4,563.8,1,367,93952.0,147.0,6.1186,0.0151,337.3805,47.0,47.0,0.0,0.0,0.0,0.0,0.0,24,1
7,38,112,608,128,624,-1983.2,-1912.8,493.4,563.8,1,379,97024.0,174.0,6.1317,0.0154,502.3339,55.0,48.0,7.0,0.0,0.0,0.0,0.0,28,3
8,38,128,608,144,624,-1912.8,-1842.4,493.4,563.8,1,378,96768.0,162.0,5.9864,0.0156,187.0142,98.0,32.0,66.0,0.0,1.0,1.0,0.0,12,3
9,38,144,608,160,624,-1842.4,-1772.0,493.4,563.8,1,378,96768.0,163.0,5.6053,0.0159,97.73,8.0,1.0,7.0,0.0,0.0,0.0,0.0,8,4
10,38,160,608,176,624,-1772.0,-1701.6,493.4,563.8,1,378,96768.0,162.0,5.5998,0.0161,70.7662,45.0,9.0,36.0,0.0,0.0,0.0,0.0,52,20
11,38,176,608,192,624,-1701.6,-1631.2,493.4,563.8,1,379,97024.0,188.0,7.1122,0.0162,942.0018,56.0,2.0,54.0,31.0,0.0,0.0,0.0,86,32
12,38,192,608,208,624,-1631.2,-1560.8,493.4,563.8,1,377,96512.0,189.0,7.0712,0.0162,1115.7708,208.0,0.0,208.0,158.0,0.0,0.0,0.0,311,72
13,38,208,608,224,624,-1560.8,-1490.4,493.4,563.8,1,362,92672.0,168.0,6.8621,0.0161,657.3051,3.0,0.0,3.0,2.0,0.0,0.0,0.0,4,2
14,38,224,608,240,624,-1490.4,-1420.0,493.4,563.8,1,341,87296.0,157.0,6.0157,0.016,495.4151,0.0,0.0,0.0,0.0,0.0,0.0,0.0,0,0
15,38,240,608,256,624,-1420.0,-1349.6,493.4,563.8,1,309,79104.0,141.0,5.6532,0.0158,165.548,1.0,0.0,1.0,0.0,0.0,0.0,0.0,2,1
16,38,256,608,272,624,-1349.6,-1279.2,493.4,563.8,1,289,73984.0,122.0,5.4109,0.0155,65.5597,3.0,0.0,3.0,0.0,0.0,0.0,0.0,1,1
26,38,416,608,432,624,-645.6,-575.2,493.4,563.8,1,233,59648.0,201.0,7.3845,0.0187,561.8756,89.0,1.0,88.0,10.0,0.0,0.0,0.0,68,22
27,38,432,608,448,624,-575.2,-504.8,493.4,563.8,1,338,86528.0,270.0,9.0697,0.019,1237.4771,82.0,4.0,78.0,1.0,0.0,0.0,0.0,62,27
28,38,448,608,464,624,-504.8,-434.4,493.4,563.8,1,351,89856.0,278.0,9.2605,0.0193,1218.6496,38.0,3.0,35.0,0.0,0.0,0.0,0.0,40,16
29,38,464,608,480,624,-434.4,-364.0,493.4,563.8,1,341,87296.0,269.0,9.2755,0.0195,1097.6013,37.0,3.0,34.0,4.0,0.0,0.0,0.0,50,22
30,38,480,608,496,624,-364.0,-293.6,493.4,563.8,1,321,82176.0,252.0,9.1714,0.0196,968.825,43.0,1.0,42.0,1.0,0.0,0.0,0.0,60,22
31,38,496,608,512,624,-293.6,-223.2,493.4,563.8,1,306,78336.0,220.0,7.967,0.0197,842.4018,158.0,11.0,147.0,5.0,0.0,0.0,0.0,140,44
32,38,512,608,528,624,-223.2,-152.8,493.4,563.8,1,295,75520.0,191.0,7.9375,0.0197,766.2508,137.0,10.0,127.0,8.0,0.0,0.0,0.0,154,45
33,38,528,608,544,624,-152.8,-82.4,493.4,563.8,1,282,72192.0,187.0,7.9156,0.0197,811.1241,74.0,11.0,63.0,2.0,0.0,0.0,0.0,90,34
42,38,672,608,688,624,480.8,551.2,493.4,563.8,1,497,127232.0,261.0,9.3512,0.0185,890.0949,44.0,21.0,23.0,1.0,0.0,0.0,0.0,40,18
43,38,688,608,704,624,551.2,621.6,493.4,563.8,1,522,133632.0,294.0,9.6781,0.0184,1158.6395,240.0,38.0,202.0,38.0,0.0,0.0,0.0,217,51
44,38,704,608,720,624,621.6,692.0,493.4,563.8,1,530,135680.0,314.0,9.7219,0.0183,1266.541,225.0,55.0,170.0,34.0,0.0,0.0,0.0,219,53
45,38,720,608,736,624,692.0,762.4,493.4,563.8,1,533,136448.0,310.0,9.7329,0.0182,1356.4046,408.0,8.0,400.0,10.0,0.0,0.0,0.0,143,22
46,38,736,608,752,624,762.4,832.8,493.4,563.8,1,520,133120.0,283.0,9.2805,0.018,888.7995,0.0,0.0,0.0,0.0,0.0,0.0,0.0,0,0
47,38,752,608,768,624,832.8,903.2,493.4,563.8,1,522,133632.0,283.0,9.4179,0.0178,879.5154,0.0,0.0,0.0,0.0,0.0,0.0,0.0,0,0
48,38,768,608,784,624,903.2,973.6,493.4,563.8,1,523,133888.0,278.0,9.5489,0.0176,905.5312,1.0,0.0,1.0,0.0,0.0,0.0,0.0,2,1
49,38,784,608,800,624,973.6,1044.0,493.4,563.8,1,503,128768.0,273.0,9.387,0.0173,809.3669,178.0,172.0,6.0,9.0,1.0,1.0,0.0,34,10
50,38,800,608,816,624,1044.0,1114.4,493.4,563.8,1,486,124416.0,283.0,9.4179,0.0171,950.9412,36.0,29.0,7.0,0.0,0.0,0.0,0.0,36,9
51,38,816,608,832,624,1114.4,1184.8,493.4,563.8,1,484,123904.0,292.0,9.4751,0.0168,1195.5328,12.0,12.0,0.0,0.0,0.0,0.0,0.0,14,6
52,38,832,608,848,624,1184.8,1255.2,493.4,563.8,1,490,125440.0,250.0,7.5701,0.0165,493.462,10.0,5.0,5.0,0.0,0.0,0.0,0.0,12,4
53,38,848,608,864,624,1255.2,1325.6,493.4,563.8,1,505,129280.0,247.0,7.6306,0.0162,555.6046,86.0,79.0,7.0,0.0,1.0,1.0,0.0,60,9
54,38,864,608,880,624,1325.6,1396.0,493.4,563.8,1,517,132352.0,245.0,7.675,0.0159,614.6545,230.0,141.0,89.0,0.0,2.0,2.0,0.0,92,16
55,38,880,608,896,624,1396.0,1466.4,493.4,563.8,1,529,135424.0,245.0,7.7129,0.0156,673.7358,140.0,57.0,83.0,0.0,0.0,0.0,0.0,64,12
56,38,896,608,912,624,1466.4,1536.8,493.4,563.8,1,526,134656.0,244.0,7.6991,0.0153,675.349,21.0,14.0,7.0,0.0,0.0,0.0,0.0,19,7
57,38,912,608,928,624,1536.8,1607.2,493.4,563.8,1,526,134656.0,243.0,7.6991,0.015,689.4317,113.0,113.0,0.0,0.0,0.0,0.0,0.0,8,3
58,38,928,608,944,624,1607.2,1677.6,493.4,563.8,1,504,129024.0,242.0,7.6374,0.0147,640.4945,0.0,0.0,0.0,0.0,0.0,0.0,0.0,0,0
59,38,944,608,960,624,1677.6,1748.0,493.4,563.8,1,456,116736.0,243.0,7.481,0.0143,528.927,0.0,0.0,0.0,0.0,0.0,0.0,0.0,0,0
60,38,960,608,976,624,1748.0,1818.4,493.4,563.8,1,409,104704.0,228.0,7.3028,0.014,428.6959,0.0,0.0,0.0,0.0,0.0,0.0,0.0,0,0
6,39,96,624,112,640,-2053.6,-1983.2,423.0,493.4,1,381,97536.0,169.0,6.2049,0.015,488.1259,34.0,4.0,30.0,0.0,0.0,0.0,0.0,4,2
7,39,112,624,128,640,-1983.2,-1912.8,423.0,493.4,1,390,99840.0,164.0,6.1034,0.0153,276.1204,18.0,13.0,5.0,0.0,1.0,1.0,0.0,7,4
8,39,128,624,144,640,-1912.8,-1842.4,423.0,493.4,1,385,98560.0,162.0,6.0625,0.0155,135.3073,73.0,15.0,58.0,0.0,0.0,0.0,0.0,16,5
9,39,144,624,160,640,-1842.4,-1772.0,423.0,493.4,1,385,98560.0,163.0,5.949,0.0157,77.7243,28.0,2.0,26.0,0.0,0.0,0.0,0.0,28,11
10,39,160,624,176,640,-1772.0,-1701.6,423.0,493.4,1,380,97280.0,162.0,5.6107,0.0159,49.593,30.0,2.0,28.0,0.0,0.0,0.0,0.0,44,17
11,39,176,624,192,640,-1701.6,-1631.2,423.0,493.4,1,371,94976.0,158.0,5.5816,0.016,41.9552,39.0,1.0,38.0,23.0,0.0,0.0,0.0,58,23
12,39,192,624,208,640,-1631.2,-1560.8,423.0,493.4,1,376,96256.0,185.0,7.0654,0.016,856.8122,206.0,1.0,205.0,169.0,0.0,0.0,0.0,330,73
13,39,208,624,224,640,-1560.8,-1490.4,423.0,493.4,1,366,93696.0,174.0,6.8758,0.016,682.0615,23.0,0.0,23.0,2.0,0.0,0.0,0.0,27,12
14,39,224,624,240,640,-1490.4,-1420.0,423.0,493.4,1,345,88320.0,160.0,6.039,0.0159,518.8108,4.0,0.0,4.0,0.0,0.0,0.0,0.0,6,3
15,39,240,624,256,640,-1420.0,-1349.6,423.0,493.4,1,321,82176.0,149.0,5.8023,0.0157,326.1593,6.0,0.0,6.0,0.0,0.0,0.0,0.0,4,2
16,39,256,624,272,640,-1349.6,-1279.2,423.0,493.4,1,296,75776.0,137.0,5.6144,0.0155,158.9086,3.0,3.0,0.0,0.0,0.0,0.0,0.0,2,1
24,39,384,624,400,640,-786.4,-716.0,423.0,493.4,1,155,39680.0,135.0,5.8637,0.0176,63.6981,4.0,0.0,4.0,0.0,0.0,0.0,0.0,4,3
25,39,400,624,416,640,-716.0,-645.6,423.0,493.4,1,219,56064.0,175.0,6.4813,0.0182,528.4446,201.0,0.0,201.0,15.0,0.0,0.0,0.0,40,12
26,39,416,624,432,640,-645.6,-575.2,423.0,493.4,1,277,70912.0,215.0,7.5534,0.0186,849.7026,78.0,2.0,76.0,7.0,0.0,0.0,0.0,81,22
27,39,432,624,448,640,-575.2,-504.8,423.0,493.4,1,358,91648.0,271.0,9.1714,0.0189,1492.6275,45.0,3.0,42.0,0.0,0.0,0.0,0.0,50,23
28,39,448,624,464,640,-504.8,-434.4,423.0,493.4,1,377,96512.0,280.0,9.3973,0.0191,1596.4332,27.0,5.0,22.0,0.0,0.0,0.0,0.0,40,17
29,39,464,624,480,640,-434.4,-364.0,423.0,493.4,1,379,97024.0,277.0,9.4751,0.0193,1663.1877,26.0,1.0,25.0,4.0,0.0,0.0,0.0,38,16
30,39,480,624,496,640,-364.0,-293.6,423.0,493.4,1,358,91648.0,244.0,8.053,0.0194,1374.4112,39.0,1.0,38.0,2.0,0.0,0.0,0.0,50,22
31,39,496,624,512,640,-293.6,-223.2,423.0,493.4,1,356,91136.0,228.0,8.0416,0.0195,1426.5478,130.0,17.0,113.0,12.0,2.0,2.0,0.0,136,45
32,39,512,624,528,640,-223.2,-152.8,423.0,493.4,1,366,93696.0,229.0,8.203,0.0195,1563.1683,248.0,26.0,222.0,15.0,1.0,1.0,0.0,221,53
33,39,528,624,544,640,-152.8,-82.4,423.0,493.4,1,374,95744.0,231.0,8.3263,0.0195,1777.7553,422.0,24.0,398.0,20.0,0.0,0.0,0.0,305,62
34,39,544,624,560,640,-82.4,-12.0,423.0,493.4,1,249,63744.0,183.0,6.7888,0.0194,573.8032,774.0,29.0,745.0,24.0,0.0,0.0,0.0,317,57
35,39,560,624,576,640,-12.0,58.4,423.0,493.4,1,220,56320.0,151.0,6.4063,0.0192,91.6158,348.0,12.0,336.0,53.0,0.0,0.0,0.0,142,40
36,39,576,624,592,640,58.4,128.8,423.0,493.4,1,254,65024.0,180.0,6.7861,0.0189,254.611,249.0,2.0,247.0,97.0,0.0,0.0,0.0,96,32
37,39,592,624,608,640,128.8,199.2,423.0,493.4,1,291,74496.0,188.0,6.9821,0.0188,368.028,216.0,0.0,216.0,134.0,0.0,0.0,0.0,58,20
38,39,608,624,624,640,199.2,269.6,423.0,493.4,1,310,79360.0,192.0,7.0567,0.0188,428.315,215.0,0.0,215.0,140.0,0.0,0.0,0.0,46,14
39,39,624,624,640,640,269.6,340.0,423.0,493.4,1,335,85760.0,200.0,7.1716,0.0187,479.3533,32.0,0.0,32.0,6.0,0.0,0.0,0.0,24,11
40,39,640,624,656,640,340.0,410.4,423.0,493.4,1,383,98048.0,206.0,7.3434,0.0187,545.9828,21.0,0.0,21.0,11.0,0.0,0.0,0.0,16,6
41,39,656,624,672,640,410.4,480.8,423.0,493.4,1,487,124672.0,228.0,7.8612,0.0186,679.1812,221.0,0.0,221.0,25.0,0.0,0.0,0.0,16,7
42,39,672,624,688,640,480.8,551.2,423.0,493.4,1,546,139776.0,314.0,9.794,0.0185,1358.4285,167.0,26.0,141.0,8.0,0.0,0.0,0.0,66,16
43,39,688,624,704,640,551.2,621.6,423.0,493.4,1,561,143616.0,320.0,9.8956,0.0184,1559.3854,203.0,36.0,167.0,32.0,0.0,0.0,0.0,144,39
44,39,704,624,720,640,621.6,692.0,423.0,493.4,1,557,142592.0,323.0,9.8729,0.0182,1477.2033,248.0,45.0,203.0,56.0,0.0,0.0,0.0,256,54
45,39,720,624,736,640,692.0,762.4,423.0,493.4,1,556,142336.0,318.0,9.8672,0.0181,1540.1428,379.0,47.0,332.0,42.0,0.0,0.0,0.0,144,31
46,39,736,624,752,640,762.4,832.8,423.0,493.4,1,546,139776.0,309.0,9.744,0.0179,1251.2882,0.0,0.0,0.0,0.0,0.0,0.0,0.0,0,0
47,39,752,624,768,640,832.8,903.2,423.0,493.4,1,542,138752.0,290.0,9.5969,0.0177,1087.7364,0.0,0.0,0.0,0.0,0.0,0.0,0.0,0,0
48,39,768,624,784,640,903.2,973.6,423.0,493.4,1,525,134400.0,289.0,9.5862,0.0174,1080.0346,74.0,71.0,3.0,0.0,0.0,0.0,0.0,12,3
49,39,784,624,800,640,973.6,1044.0,423.0,493.4,1,487,124672.0,278.0,9.4076,0.0172,971.5749,39.0,32.0,7.0,0.0,0.0,0.0,0.0,26,9
50,39,800,624,816,640,1044.0,1114.4,423.0,493.4,1,466,119296.0,283.0,9.3259,0.0169,1060.9138,15.0,14.0,1.0,0.0,0.0,0.0,0.0,18,5
51,39,816,624,832,640,1114.4,1184.8,423.0,493.4,1,468,119808.0,252.0,7.8361,0.0167,482.0384,16.0,16.0,0.0,0.0,0.0,0.0,0.0,10,4
52,39,832,624,848,640,1184.8,1255.2,423.0,493.4,1,488,124928.0,249.0,7.9229,0.0164,576.3813,11.0,8.0,3.0,0.0,0.0,0.0,0.0,10,4
53,39,848,624,864,640,1255.2,1325.6,423.0,493.4,1,503,128768.0,246.0,7.6238,0.0161,571.4621,35.0,31.0,4.0,0.0,1.0,1.0,0.0,32,6
54,39,864,624,880,640,1325.6,1396.0,423.0,493.4,1,512,131072.0,246.0,7.6578,0.0158,619.3553,79.0,64.0,15.0,0.0,0.0,0.0,0.0,60,10
55,39,880,624,896,640,1396.0,1466.4,423.0,493.4,1,521,133376.0,244.0,7.6853,0.0155,654.3781,44.0,23.0,21.0,0.0,0.0,0.0,0.0,38,6
56,39,896,624,912,640,1466.4,1536.8,423.0,493.4,1,522,133632.0,243.0,7.6887,0.0152,666.3136,8.0,0.0,8.0,0.0,0.0,0.0,0.0,10,4
57,39,912,624,928,640,1536.8,1607.2,423.0,493.4,1,523,133888.0,242.0,7.6922,0.0148,678.4593,0.0,0.0,0.0,0.0,0.0,0.0,0.0,0,0
58,39,928,624,944,640,1607.2,1677.6,423.0,493.4,1,502,128512.0,242.0,7.6306,0.0145,625.331,0.0,0.0,0.0,0.0,0.0,0.0,0.0,0,0
59,39,944,624,960,640,1677.6,1748.0,423.0,493.4,1,456,116736.0,236.0,7.4777,0.0142,512.7557,0.0,0.0,0.0,0.0,0.0,0.0,0.0,0,0
60,39,960,624,976,640,1748.0,1818.4,423.0,493.4,1,415,106240.0,230.0,7.3466,0.0139,398.7473,0.0,0.0,0.0,0.0,0.0,0.0,0.0,0,0
6,40,96,640,112,656,-2053.6,-1983.2,352.6,423.0,1,388,99328.0,169.0,6.4496,0.0149,394.618,31.0,29.0,2.0,0.0,1.0,1.0,0.0,6,3
7,40,112,640,128,656,-1983.2,-1912.8,352.6,423.0,1,396,101376.0,161.0,6.1825,0.0151,162.1764,13.0,11.0,2.0,0.0,1.0,1.0,0.0,13,5
8,40,128,640,144,656,-1912.8,-1842.4,352.6,423.0,1,396,101376.0,161.0,6.0883,0.0154,112.5815,18.0,9.0,9.0,0.0,0.0,0.0,0.0,16,6
9,40,144,640,160,656,-1842.4,-1772.0,352.6,423.0,1,395,101120.0,167.0,6.0883,0.0156,92.994,22.0,0.0,22.0,0.0,0.0,0.0,0.0,24,10
10,40,160,640,176,656,-1772.0,-1701.6,352.6,423.0,1,385,98560.0,164.0,5.9511,0.0157,49.9872,23.0,2.0,21.0,0.0,0.0,0.0,0.0,30,13
11,40,176,640,192,656,-1701.6,-1631.2,352.6,423.0,1,377,96512.0,160.0,5.5979,0.0158,43.043,17.0,0.0,17.0,12.0,0.0,0.0,0.0,32,13
12,40,192,640,208,656,-1631.2,-1560.8,352.6,423.0,1,379,97024.0,191.0,7.0975,0.0158,1067.6758,170.0,1.0,169.0,136.0,0.0,0.0,0.0,296,70
13,40,208,640,224,656,-1560.8,-1490.4,352.6,423.0,1,371,94976.0,180.0,7.002,0.0158,865.2755,36.0,0.0,36.0,24.0,0.0,0.0,0.0,62,25
14,40,224,640,240,656,-1490.4,-1420.0,352.6,423.0,1,349,89344.0,164.0,6.8131,0.0157,616.7522,2.0,0.0,2.0,0.0,0.0,0.0,0.0,4,2
15,40,240,640,256,656,-1420.0,-1349.6,352.6,423.0,1,331,84736.0,154.0,5.9864,0.0156,419.8229,83.0,4.0,79.0,34.0,0.0,0.0,0.0,8,3
16,40,256,640,272,656,-1349.6,-1279.2,352.6,423.0,1,303,77568.0,143.0,5.6813,0.0154,247.2156,1.0,1.0,0.0,0.0,0.0,0.0,0.0,2,1
25,40,400,640,416,656,-716.0,-645.6,352.6,423.0,1,239,61184.0,173.0,6.548,0.0181,601.2803,84.0,0.0,84.0,50.0,0.0,0.0,0.0,26,12
26,40,416,640,432,656,-645.6,-575.2,352.6,423.0,1,296,75776.0,216.0,7.6578,0.0184,956.2072,64.0,37.0,27.0,6.0,0.0,0.0,0.0,36,11
27,40,432,640,448,656,-575.2,-504.8,352.6,423.0,1,359,91904.0,268.0,9.1763,0.0187,1585.793,103.0,19.0,84.0,1.0,0.0,0.0,0.0,51,19
28,40,448,640,464,656,-504.8,-434.4,352.6,423.0,1,385,98560.0,279.0,9.4386,0.0189,1788.4625,39.0,10.0,29.0,3.0,0.0,0.0,0.0,43,20
29,40,464,640,480,656,-434.4,-364.0,352.6,423.0,1,385,98560.0,277.0,9.5066,0.0191,1802.9539,42.0,6.0,36.0,6.0,0.0,0.0,0.0,57,25
30,40,480,640,496,656,-364.0,-293.6,352.6,423.0,1,360,92160.0,233.0,7.9707,0.0193,1450.1757,61.0,13.0,48.0,8.0,1.0,0.0,1.0,66,24
31,40,496,640,512,656,-293.6,-223.2,352.6,423.0,1,364,93184.0,225.0,8.0228,0.0193,1545.2627,124.0,23.0,101.0,12.0,1.0,1.0,0.0,107,30
32,40,512,640,528,656,-223.2,-152.8,352.6,423.0,1,371,94976.0,226.0,8.053,0.0193,1677.949,205.0,20.0,185.0,10.0,0.0,0.0,0.0,144,41
33,40,528,640,544,656,-152.8,-82.4,352.6,423.0,1,378,96768.0,230.0,8.1254,0.0193,1933.0089,224.0,9.0,215.0,28.0,0.0,0.0,0.0,178,50
34,40,544,640,560,656,-82.4,-12.0,352.6,423.0,1,329,84224.0,232.0,8.1485,0.0192,1581.3524,342.0,12.0,330.0,22.0,0.0,0.0,0.0,284,57
35,40,560,640,576,656,-12.0,58.4,352.6,423.0,1,263,67328.0,169.0,6.5083,0.0191,202.5144,299.0,18.0,281.0,27.0,0.0,0.0,0.0,241,50
36,40,576,640,592,656,58.4,128.8,352.6,423.0,1,289,73984.0,188.0,6.8593,0.019,275.4579,158.0,13.0,145.0,21.0,0.0,0.0,0.0,158,46
37,40,592,640,608,656,128.8,199.2,352.6,423.0,1,349,89344.0,201.0,7.1567,0.0189,527.1265,97.0,8.0,89.0,30.0,0.0,0.0,0.0,94,30
38,40,608,640,624,656,199.2,269.6,352.6,423.0,1,377,96512.0,207.0,7.275,0.0189,576.3113,107.0,2.0,105.0,71.0,0.0,0.0,0.0,76,24
39,40,624,640,640,656,269.6,340.0,352.6,423.0,1,421,107776.0,215.0,7.4777,0.0188,626.5007,44.0,1.0,43.0,21.0,0.0,0.0,0.0,38,15
40,40,640,640,656,656,340.0,410.4,352.6,423.0,1,476,121856.0,228.0,7.8218,0.0187,689.4687,18.0,0.0,18.0,11.0,0.0,0.0,0.0,20,8
41,40,656,640,672,656,410.4,480.8,352.6,423.0,1,512,131072.0,246.0,8.2742,0.0186,790.3237,14.0,0.0,14.0,1.0,0.0,0.0,0.0,12,5
42,40,672,640,688,656,480.8,551.2,352.6,423.0,1,556,142336.0,319.0,9.8502,0.0184,1408.9857,260.0,163.0,97.0,6.0,0.0,0.0,0.0,83,17
43,40,688,640,704,656,551.2,621.6,352.6,423.0,1,565,144640.0,323.0,9.907,0.0183,1505.036,188.0,37.0,151.0,44.0,0.0,0.0,0.0,104,29
44,40,704,640,720,656,621.6,692.0,352.6,423.0,1,566,144896.0,328.0,9.9242,0.0181,1525.4404,354.0,104.0,250.0,93.0,0.0,0.0,0.0,374,60
45,40,720,640,736,656,692.0,762.4,352.6,423.0,1,564,144384.0,322.0,9.9877,0.0179,1547.6639,329.0,20.0,309.0,26.0,0.0,0.0,0.0,180,36
46,40,736,640,752,656,762.4,832.8,352.6,423.0,1,555,142080.0,322.0,10.052,0.0178,1488.166,0.0,0.0,0.0,0.0,0.0,0.0,0.0,0,0
47,40,752,640,768,656,832.8,903.2,352.6,423.0,1,538,137728.0,293.0,9.6238,0.0175,1161.3367,0.0,0.0,0.0,0.0,0.0,0.0,0.0,0,0
48,40,768,640,784,656,903.2,973.6,352.6,423.0,1,497,127232.0,286.0,9.4699,0.0173,1113.5642,16.0,16.0,0.0,0.0,0.0,0.0,0.0,8,3
49,40,784,640,800,656,973.6,1044.0,352.6,423.0,1,445,113920.0,248.0,9.1861,0.0171,637.0015,13.0,9.0,4.0,0.0,0.0,0.0,0.0,13,5
50,40,800,640,816,656,1044.0,1114.4,352.6,423.0,1,447,114432.0,248.0,7.7863,0.0168,456.1505,19.0,16.0,3.0,0.0,0.0,0.0,0.0,18,6
51,40,816,640,832,656,1114.4,1184.8,352.6,423.0,1,465,119040.0,246.0,7.7722,0.0165,475.121,8.0,6.0,2.0,0.0,0.0,0.0,0.0,8,3
52,40,832,640,848,656,1184.8,1255.2,352.6,423.0,1,481,123136.0,246.0,7.8793,0.0162,549.6337,13.0,11.0,2.0,0.0,0.0,0.0,0.0,14,6
53,40,848,640,864,656,1255.2,1325.6,352.6,423.0,1,493,126208.0,245.0,7.9375,0.0159,610.4803,18.0,15.0,3.0,0.0,0.0,0.0,0.0,14,6
54,40,864,640,880,656,1325.6,1396.0,352.6,423.0,1,507,129792.0,243.0,7.6408,0.0156,610.6375,46.0,18.0,28.0,0.0,0.0,0.0,0.0,27,8
55,40,880,640,896,656,1396.0,1466.4,352.6,423.0,1,516,132096.0,243.0,7.6681,0.0153,647.4977,12.0,1.0,11.0,0.0,0.0,0.0,0.0,6,3
56,40,896,640,912,656,1466.4,1536.8,352.6,423.0,1,517,132352.0,241.0,7.6715,0.015,654.7621,4.0,0.0,4.0,0.0,0.0,0.0,0.0,6,3
57,40,912,640,928,656,1536.8,1607.2,352.6,423.0,1,519,132864.0,241.0,7.6784,0.0147,676.9697,0.0,0.0,0.0,0.0,0.0,0.0,0.0,0,0
58,40,928,640,944,656,1607.2,1677.6,352.6,423.0,1,500,128000.0,241.0,7.6238,0.0144,614.9904,0.0,0.0,0.0,0.0,0.0,0.0,0.0,0,0
59,40,944,640,960,656,1677.6,1748.0,352.6,423.0,1,460,117760.0,237.0,7.4908,0.0141,518.0934,0.0,0.0,0.0,0.0,0.0,0.0,0.0,0,0
60,40,960,640,976,656,1748.0,1818.4,352.6,423.0,1,418,107008.0,236.0,7.3591,0.0138,414.2099,0.0,0.0,0.0,0.0,0.0,0.0,0.0,0,0
6,41,96,656,112,672,-2053.6,-1983.2,282.2,352.6,1,390,99840.0,162.0,6.4207,0.0148,179.5872,9.0,6.0,3.0,0.0,0.0,0.0,0.0,8,3
7,41,112,656,128,672,-1983.2,-1912.8,282.2,352.6,1,398,101888.0,163.0,6.4424,0.015,129.1518,11.0,7.0,4.0,0.0,0.0,0.0,0.0,10,4
8,41,128,656,144,672,-1912.8,-1842.4,282.2,352.6,1,403,103168.0,162.0,6.2004,0.0152,107.8331,18.0,3.0,15.0,0.0,0.0,0.0,0.0,14,7
9,41,144,656,160,672,-1842.4,-1772.0,282.2,352.6,1,402,102912.0,165.0,6.1034,0.0154,73.6563,9.0,0.0,9.0,0.0,0.0,0.0,0.0,14,6
10,41,160,656,176,672,-1772.0,-1701.6,282.2,352.6,1,393,100608.0,164.0,6.0178,0.0156,57.3436,15.0,3.0,12.0,0.0,0.0,0.0,0.0,26,11
11,41,176,656,192,672,-1701.6,-1631.2,282.2,352.6,1,385,98560.0,160.0,5.6218,0.0157,48.2738,19.0,0.0,19.0,7.0,0.0,0.0,0.0,26,12
12,41,192,656,208,672,-1631.2,-1560.8,282.2,352.6,1,379,97024.0,186.0,7.1093,0.0157,942.4374,125.0,1.0,124.0,102.0,0.0,0.0,0.0,216,62
13,41,208,656,224,672,-1560.8,-1490.4,282.2,352.6,1,374,95744.0,187.0,7.0567,0.0157,1042.8085,89.0,0.0,89.0,73.0,0.0,0.0,0.0,150,45
14,41,224,656,240,672,-1490.4,-1420.0,282.2,352.6,1,355,90880.0,171.0,6.8293,0.0156,646.0123,5.0,0.0,5.0,1.0,0.0,0.0,0.0,8,4
15,41,240,656,256,672,-1420.0,-1349.6,282.2,352.6,1,334,85504.0,157.0,6.0115,0.0155,468.7632,4.0,2.0,2.0,1.0,0.0,0.0,0.0,8,3
16,41,256,656,272,672,-1349.6,-1279.2,282.2,352.6,1,306,78336.0,147.0,5.8737,0.0153,313.5799,1.0,1.0,0.0,0.0,0.0,0.0,0.0,2,1
25,41,400,656,416,672,-716.0,-645.6,282.2,352.6,1,250,64000.0,176.0,6.6085,0.0179,736.3354,11.0,0.0,11.0,4.0,0.0,0.0,0.0,16,7
26,41,416,656,432,672,-645.6,-575.2,282.2,352.6,1,308,78848.0,215.0,7.7025,0.0182,1112.0517,39.0,6.0,33.0,7.0,0.0,0.0,0.0,34,15
27,41,432,656,448,672,-575.2,-504.8,282.2,352.6,1,349,89344.0,230.0,7.8793,0.0185,1396.6588,52.0,8.0,44.0,1.0,0.0,0.0,0.0,50,20
28,41,448,656,464,672,-504.8,-434.4,282.2,352.6,1,393,100608.0,282.0,9.4803,0.0188,2108.4844,17.0,8.0,9.0,1.0,0.0,0.0,0.0,20,10
29,41,464,656,480,672,-434.4,-364.0,282.2,352.6,1,393,100608.0,280.0,9.5383,0.0189,2201.719,27.0,2.0,25.0,5.0,0.0,0.0,0.0,40,15
30,41,480,656,496,672,-364.0,-293.6,282.2,352.6,1,365,93440.0,223.0,7.9855,0.019,1688.7495,31.0,3.0,28.0,0.0,0.0,0.0,0.0,40,16
31,41,496,656,512,672,-293.6,-223.2,282.2,352.6,1,368,94208.0,223.0,8.0079,0.019,1838.8681,91.0,15.0,76.0,1.0,1.0,1.0,0.0,71,23
32,41,512,656,528,672,-223.2,-152.8,282.2,352.6,1,378,96768.0,225.0,8.0492,0.019,2221.1479,167.0,25.0,142.0,10.0,1.0,0.0,1.0,106,33
33,41,528,656,544,672,-152.8,-82.4,282.2,352.6,1,383,98048.0,227.0,8.0681,0.019,2944.5368,381.0,26.0,355.0,7.0,1.0,0.0,1.0,152,44
34,41,544,656,560,672,-82.4,-12.0,282.2,352.6,1,360,92160.0,227.0,7.9818,0.0189,2926.194,436.0,27.0,409.0,62.0,0.0,0.0,0.0,228,55
35,41,560,656,576,672,-12.0,58.4,282.2,352.6,1,276,70656.0,180.0,6.6572,0.0189,1236.2061,283.0,28.0,255.0,45.0,0.0,0.0,0.0,276,62
36,41,576,656,592,672,58.4,128.8,282.2,352.6,1,307,78592.0,170.0,6.6443,0.0189,300.7675,353.0,38.0,315.0,47.0,0.0,0.0,0.0,310,65
37,41,592,656,608,672,128.8,199.2,282.2,352.6,1,394,100864.0,210.0,7.3246,0.0189,669.756,140.0,16.0,124.0,27.0,0.0,0.0,0.0,174,46
38,41,608,656,624,672,199.2,269.6,282.2,352.6,1,430,110080.0,216.0,7.5072,0.0189,694.9715,98.0,14.0,84.0,32.0,0.0,0.0,0.0,112,39
39,41,624,656,640,672,269.6,340.0,282.2,352.6,1,471,120576.0,226.0,7.7617,0.0188,723.6748,60.0,6.0,54.0,28.0,0.0,0.0,0.0,72,30
40,41,640,656,656,672,340.0,410.4,282.2,352.6,1,498,127488.0,241.0,8.2187,0.0187,783.6937,28.0,2.0,26.0,9.0,0.0,0.0,0.0,34,14
41,41,656,656,672,672,410.4,480.8,282.2,352.6,1,521,133376.0,248.0,8.5545,0.0186,827.3892,34.0,0.0,34.0,9.0,0.0,0.0,0.0,20,7
42,41,672,656,688,672,480.8,551.2,282.2,352.6,1,559,143104.0,319.0,9.8672,0.0184,1429.957,163.0,23.0,140.0,36.0,0.0,0.0,0.0,34,13
43,41,688,656,704,672,551.2,621.6,282.2,352.6,1,576,147456.0,328.0,9.9703,0.0182,1609.9112,188.0,11.0,177.0,53.0,0.0,0.0,0.0,190,41
44,41,704,656,720,672,621.6,692.0,282.2,352.6,1,574,146944.0,333.0,10.0462,0.018,1573.7113,1122.0,80.0,1042.0,251.0,0.0,0.0,0.0,583,70
45,41,720,656,736,672,692.0,762.4,282.2,352.6,1,576,147456.0,331.0,10.2257,0.0178,1757.942,511.0,3.0,508.0,30.0,0.0,0.0,0.0,154,31
46,41,736,656,752,672,762.4,832.8,282.2,352.6,1,563,144128.0,326.0,10.1172,0.0176,1661.4683,0.0,0.0,0.0,0.0,0.0,0.0,0.0,0,0
47,41,752,656,768,672,832.8,903.2,282.2,352.6,1,512,131072.0,302.0,9.7274,0.0174,1330.8079,0.0,0.0,0.0,0.0,0.0,0.0,0.0,0,0
48,41,768,656,784,672,903.2,973.6,282.2,352.6,1,433,110848.0,234.0,7.6681,0.0172,400.8527,15.0,15.0,0.0,0.0,0.0,0.0,0.0,6,3
49,41,784,656,800,672,973.6,1044.0,282.2,352.6,1,433,110848.0,238.0,7.7407,0.0169,469.895,20.0,17.0,3.0,0.0,0.0,0.0,0.0,13,5
50,41,800,656,816,672,1044.0,1114.4,282.2,352.6,1,442,113152.0,249.0,7.7687,0.0166,461.0455,25.0,24.0,1.0,0.0,0.0,0.0,0.0,18,5
51,41,816,656,832,672,1114.4,1184.8,282.2,352.6,1,459,117504.0,246.0,7.7582,0.0163,498.1701,13.0,13.0,0.0,0.0,0.0,0.0,0.0,12,3
52,41,832,656,848,672,1184.8,1255.2,282.2,352.6,1,478,122368.0,245.0,7.8865,0.016,593.4697,10.0,9.0,1.0,0.0,0.0,0.0,0.0,8,4
53,41,848,656,864,672,1255.2,1325.6,282.2,352.6,1,489,125184.0,243.0,7.9119,0.0157,606.341,13.0,7.0,6.0,0.0,0.0,0.0,0.0,16,7
54,41,864,656,880,672,1325.6,1396.0,282.2,352.6,1,501,128256.0,241.0,7.6205,0.0154,607.5712,31.0,9.0,22.0,0.0,0.0,0.0,0.0,22,8
55,41,880,656,896,672,1396.0,1466.4,282.2,352.6,1,512,131072.0,241.0,7.6544,0.0151,655.8512,4.0,1.0,3.0,0.0,0.0,0.0,0.0,8,3
56,41,896,656,912,672,1466.4,1536.8,282.2,352.6,1,514,131584.0,239.0,7.6613,0.0148,670.9698,6.0,1.0,5.0,0.0,0.0,0.0,0.0,8,4
57,41,912,656,928,672,1536.8,1607.2,282.2,352.6,1,515,131840.0,239.0,7.6647,0.0145,680.7782,6.0,0.0,6.0,0.0,0.0,0.0,0.0,6,2
58,41,928,656,944,672,1607.2,1677.6,282.2,352.6,1,500,128000.0,237.0,7.6137,0.0143,646.9707,0.0,0.0,0.0,0.0,0.0,0.0,0.0,0,0
59,41,944,656,960,672,1677.6,1748.0,282.2,352.6,1,461,118016.0,236.0,7.4941,0.014,554.8759,0.0,0.0,0.0,0.0,0.0,0.0,0.0,0,0
60,41,960,656,976,672,1748.0,1818.4,282.2,352.6,1,424,108544.0,233.0,7.375,0.0137,456.618,0.0,0.0,0.0,0.0,0.0,0.0,0.0,0,0
6,42,96,672,112,688,-2053.6,-1983.2,211.8,282.2,1,403,103168.0,175.0,6.8648,0.0146,218.0179,14.0,10.0,4.0,0.0,0.0,0.0,0.0,14,6
7,42,112,672,128,688,-1983.2,-1912.8,211.8,282.2,1,404,103424.0,166.0,6.4569,0.0149,121.9565,9.0,1.0,8.0,0.0,0.0,0.0,0.0,12,6
8,42,128,672,144,688,-1912.8,-1842.4,211.8,282.2,1,410,104960.0,167.0,6.4715,0.0151,125.6517,8.0,0.0,8.0,0.0,0.0,0.0,0.0,10,4
9,42,144,672,160,688,-1842.4,-1772.0,211.8,282.2,1,410,104960.0,166.0,6.2161,0.0153,84.9943,18.0,4.0,14.0,0.0,0.0,0.0,0.0,22,9
10,42,160,672,176,688,-1772.0,-1701.6,211.8,282.2,1,403,103168.0,164.0,6.1078,0.0154,65.9896,17.0,5.0,12.0,2.0,0.0,0.0,0.0,24,11
11,42,176,672,192,688,-1701.6,-1631.2,211.8,282.2,1,394,100864.0,164.0,6.0221,0.0155,57.852,12.0,3.0,9.0,4.0,0.0,0.0,0.0,16,8
12,42,192,672,208,688,-1631.2,-1560.8,211.8,282.2,1,385,98560.0,179.0,7.1063,0.0156,687.4204,92.0,3.0,89.0,65.0,0.0,0.0,0.0,148,51
13,42,208,672,224,688,-1560.8,-1490.4,211.8,282.2,1,378,96768.0,185.0,7.0712,0.0156,843.9678,135.0,3.0,132.0,114.0,0.0,0.0,0.0,224,59
14,42,224,672,240,688,-1490.4,-1420.0,211.8,282.2,1,359,91904.0,174.0,6.9594,0.0155,789.9842,31.0,30.0,1.0,1.0,0.0,0.0,0.0,6,2
15,42,240,672,256,688,-1420.0,-1349.6,211.8,282.2,1,337,86272.0,158.0,6.0221,0.0154,450.2358,11.0,7.0,4.0,1.0,0.0,0.0,0.0,14,5
16,42,256,672,272,688,-1349.6,-1279.2,211.8,282.2,1,309,79104.0,150.0,5.9203,0.0153,376.361,0.0,0.0,0.0,0.0,0.0,0.0,0.0,0,0
25,42,400,672,416,688,-716.0,-645.6,211.8,282.2,1,210,53760.0,187.0,7.2842,0.0176,585.532,3.0,0.0,3.0,0.0,0.0,0.0,0.0,4,1
26,42,416,672,432,688,-645.6,-575.2,211.8,282.2,1,253,64768.0,208.0,7.5105,0.018,808.1218,23.0,0.0,23.0,1.0,0.0,0.0,0.0,8,3
27,42,432,672,448,688,-575.2,-504.8,211.8,282.2,1,265,67840.0,219.0,7.5734,0.0184,831.7392,58.0,1.0,57.0,24.0,0.0,0.0,0.0,42,19
28,42,448,672,464,688,-504.8,-434.4,211.8,282.2,1,275,70400.0,231.0,8.8682,0.0186,667.7215,42.0,5.0,37.0,7.0,0.0,0.0,0.0,60,25
29,42,464,672,480,688,-434.4,-364.0,211.8,282.2,1,258,66048.0,193.0,8.441,0.0187,208.5088,14.0,4.0,10.0,6.0,0.0,0.0,0.0,18,7
37,42,592,672,608,688,128.8,199.2,211.8,282.2,1,402,102912.0,210.0,7.4196,0.0189,668.4088,380.0,39.0,341.0,58.0,0.0,0.0,0.0,330,65
38,42,608,672,624,688,199.2,269.6,211.8,282.2,1,450,115200.0,218.0,7.6476,0.0189,722.192,84.0,18.0,66.0,11.0,0.0,0.0,0.0,102,35
39,42,624,672,640,688,269.6,340.0,211.8,282.2,1,482,123392.0,238.0,8.1177,0.0188,794.0593,100.0,25.0,75.0,26.0,0.0,0.0,0.0,124,43
40,42,640,672,656,688,340.0,410.4,211.8,282.2,1,505,129280.0,243.0,8.2543,0.0187,812.9428,86.0,22.0,64.0,12.0,0.0,0.0,0.0,108,37
41,42,656,672,672,688,410.4,480.8,211.8,282.2,1,520,133120.0,247.0,8.563,0.0185,795.4494,109.0,22.0,87.0,20.0,0.0,0.0,0.0,106,38
42,42,672,672,688,688,480.8,551.2,211.8,282.2,1,560,143360.0,323.0,9.8729,0.0183,1424.5955,163.0,40.0,123.0,31.0,0.0,0.0,0.0,130,44
43,42,688,672,704,688,551.2,621.6,211.8,282.2,1,576,147456.0,328.0,10.0462,0.0181,1632.1137,893.0,85.0,808.0,332.0,0.0,0.0,0.0,579,75
44,42,704,672,720,688,621.6,692.0,211.8,282.2,1,580,148480.0,336.0,10.1471,0.0179,1665.1327,132.0,6.0,126.0,44.0,0.0,0.0,0.0,152,47
45,42,720,672,736,688,692.0,762.4,211.8,282.2,1,571,146176.0,333.0,10.2135,0.0177,1698.8586,649.0,140.0,509.0,128.0,1.0,0.0,1.0,35,13
46,42,736,672,752,688,762.4,832.8,211.8,282.2,1,561,143616.0,333.0,10.2196,0.0175,2248.1584,0.0,0.0,0.0,0.0,0.0,0.0,0.0,0,0
47,42,752,672,768,688,832.8,903.2,211.8,282.2,1,428,109568.0,249.0,7.8254,0.0172,564.5448,0.0,0.0,0.0,0.0,0.0,0.0,0.0,0,0
48,42,768,672,784,688,903.2,973.6,211.8,282.2,1,412,105472.0,225.0,7.5969,0.017,405.8675,42.0,42.0,0.0,0.0,0.0,0.0,0.0,14,3
49,42,784,672,800,688,973.6,1044.0,211.8,282.2,1,423,108288.0,240.0,7.7094,0.0167,502.1008,51.0,51.0,0.0,0.0,0.0,0.0,0.0,24,4
50,42,800,672,816,688,1044.0,1114.4,211.8,282.2,1,434,111104.0,247.0,7.7407,0.0164,488.1176,85.0,83.0,2.0,0.0,0.0,0.0,0.0,22,6
51,42,816,672,832,688,1114.4,1184.8,211.8,282.2,1,455,116480.0,247.0,7.8147,0.0161,561.9459,25.0,16.0,9.0,0.0,1.0,1.0,0.0,14,4
52,42,832,672,848,688,1184.8,1255.2,211.8,282.2,1,472,120832.0,244.0,7.804,0.0158,596.7904,8.0,0.0,8.0,0.0,1.0,0.0,1.0,4,1
53,42,848,672,864,688,1255.2,1325.6,211.8,282.2,1,483,123648.0,244.0,7.9046,0.0155,634.7993,18.0,8.0,10.0,0.0,0.0,0.0,0.0,20,5
54,42,864,672,880,688,1325.6,1396.0,211.8,282.2,1,496,126976.0,246.0,7.9781,0.0152,719.7425,13.0,4.0,9.0,0.0,0.0,0.0,0.0,18,6
55,42,880,672,896,688,1396.0,1466.4,211.8,282.2,1,504,129024.0,239.0,7.6306,0.0149,645.3963,7.0,0.0,7.0,0.0,0.0,0.0,0.0,9,3
56,42,896,672,912,688,1466.4,1536.8,211.8,282.2,1,508,130048.0,236.0,7.6442,0.0147,667.0964,5.0,1.0,4.0,0.0,0.0,0.0,0.0,8,4
57,42,912,672,928,688,1536.8,1607.2,211.8,282.2,1,507,129792.0,236.0,7.6408,0.0144,669.4857,7.0,0.0,7.0,0.0,0.0,0.0,0.0,7,2
6,43,96,688,112,704,-2053.6,-1983.2,141.4,211.8,1,409,104704.0,177.0,6.9035,0.0145,235.3997,89.0,9.0,80.0,56.0,0.0,0.0,0.0,16,7
7,43,112,688,128,704,-1983.2,-1912.8,141.4,211.8,1,411,105216.0,176.0,6.8868,0.0148,167.7945,10.0,0.0,10.0,0.0,0.0,0.0,0.0,10,5
8,43,128,688,144,704,-1912.8,-1842.4,141.4,211.8,1,413,105728.0,172.0,6.8593,0.015,110.2682,11.0,0.0,11.0,0.0,0.0,0.0,0.0,16,8
9,43,144,688,160,704,-1842.4,-1772.0,141.4,211.8,1,415,106240.0,170.0,6.4837,0.0151,93.6947,16.0,2.0,14.0,1.0,0.0,0.0,0.0,26,11
10,43,160,688,176,704,-1772.0,-1701.6,141.4,211.8,1,412,105472.0,165.0,6.2206,0.0153,77.4831,9.0,0.0,9.0,2.0,0.0,0.0,0.0,14,6
11,43,176,688,192,704,-1701.6,-1631.2,141.4,211.8,1,406,103936.0,166.0,6.1165,0.0154,69.5457,5.0,0.0,5.0,1.0,0.0,0.0,0.0,8,4
12,43,192,688,208,704,-1631.2,-1560.8,141.4,211.8,1,390,99840.0,162.0,5.9614,0.0154,55.0595,50.0,1.0,49.0,29.0,0.0,0.0,0.0,78,30
13,43,208,688,224,704,-1560.8,-1490.4,141.4,211.8,1,382,97792.0,190.0,7.1063,0.0155,1068.9011,173.0,1.0,172.0,148.0,0.0,0.0,0.0,302,71
14,43,224,688,240,704,-1490.4,-1420.0,141.4,211.8,1,363,92928.0,179.0,6.9764,0.0154,786.377,6.0,1.0,5.0,5.0,0.0,0.0,0.0,8,4
15,43,240,688,256,704,-1420.0,-1349.6,141.4,211.8,1,339,86784.0,162.0,6.7808,0.0153,562.8781,8.0,1.0,7.0,2.0,0.0,0.0,0.0,10,5
16,43,256,688,272,704,-1349.6,-1279.2,141.4,211.8,1,306,78336.0,152.0,5.9305,0.0152,431.2385,0.0,0.0,0.0,0.0,0.0,0.0,0.0,0,0
17,43,272,688,288,704,-1279.2,-1208.8,141.4,211.8,1,249,63744.0,138.0,5.7249,0.015,243.138,0.0,0.0,0.0,0.0,0.0,0.0,0.0,0,0
28,43,448,688,464,704,-504.8,-434.4,141.4,211.8,1,258,66048.0,190.0,8.4368,0.0183,286.4294,41.0,4.0,37.0,6.0,0.0,0.0,0.0,60,28
29,43,464,688,480,704,-434.4,-364.0,141.4,211.8,1,243,62208.0,187.0,8.3792,0.0184,181.3048,12.0,1.0,11.0,7.0,0.0,0.0,0.0,17,7
37,43,592,688,608,704,128.8,199.2,141.4,211.8,1,391,100096.0,176.0,6.6546,0.0187,268.6961,1312.0,79.0,1233.0,350.0,0.0,0.0,0.0,323,63
38,43,608,688,624,704,199.2,269.6,141.4,211.8,1,448,114688.0,231.0,7.9744,0.0187,697.1877,94.0,17.0,77.0,19.0,1.0,1.0,0.0,104,35
39,43,624,688,640,704,269.6,340.0,141.4,211.8,1,475,121600.0,236.0,8.1446,0.0187,731.9118,69.0,16.0,53.0,17.0,0.0,0.0,0.0,75,28
40,43,640,688,656,704,340.0,410.4,141.4,211.8,1,495,126720.0,242.0,8.4659,0.0186,708.4906,84.0,17.0,67.0,23.0,0.0,0.0,0.0,80,30
41,43,656,688,672,704,410.4,480.8,141.4,211.8,1,514,131584.0,248.0,8.8136,0.0184,765.0184,100.0,18.0,82.0,9.0,0.0,0.0,0.0,114,36
42,43,672,688,688,704,480.8,551.2,141.4,211.8,1,547,140032.0,321.0,9.7996,0.0182,1315.8262,222.0,30.0,192.0,66.0,0.0,0.0,0.0,254,62
43,43,688,688,704,704,551.2,621.6,141.4,211.8,1,559,143104.0,327.0,9.9415,0.018,1484.9795,347.0,33.0,314.0,115.0,0.0,0.0,0.0,346,60
44,43,704,688,720,704,621.6,692.0,141.4,211.8,1,556,142336.0,344.0,10.1411,0.0178,1601.1755,110.0,0.0,110.0,19.0,0.0,0.0,0.0,86,28
45,43,720,688,736,704,692.0,762.4,141.4,211.8,1,535,136960.0,338.0,10.0697,0.0175,1744.2068,61.0,2.0,59.0,15.0,0.0,0.0,0.0,42,13
53,43,848,688,864,704,1255.2,1325.6,141.4,211.8,1,389,99584.0,185.0,7.1716,0.0153,237.8292,246.0,161.0,85.0,0.0,0.0,0.0,0.0,13,6
54,43,864,688,880,704,1325.6,1396.0,141.4,211.8,1,418,107008.0,194.0,7.2688,0.015,285.2422,34.0,5.0,29.0,0.0,0.0,0.0,0.0,10,3
55,43,880,688,896,704,1396.0,1466.4,141.4,211.8,1,454,116224.0,238.0,7.8183,0.0147,600.929,9.0,0.0,9.0,0.0,0.0,0.0,0.0,7,4
56,43,896,688,912,704,1466.4,1536.8,141.4,211.8,1,473,121088.0,236.0,7.5269,0.0145,571.1518,2.0,0.0,2.0,0.0,0.0,0.0,0.0,4,2
57,43,912,688,928,704,1536.8,1607.2,141.4,211.8,1,477,122112.0,236.0,7.5401,0.0142,620.5261,198.0,116.0,82.0,0.0,0.0,0.0,0.0,5,3
6,44,96,704,112,720,-2053.6,-1983.2,71.0,141.4,1,415,106240.0,181.0,6.951,0.0144,204.5169,10.0,7.0,3.0,1.0,0.0,0.0,0.0,12,5
7,44,112,704,128,720,-1983.2,-1912.8,71.0,141.4,1,418,107008.0,180.0,6.9285,0.0146,200.3371,12.0,0.0,12.0,2.0,0.0,0.0,0.0,12,6
8,44,128,704,144,720,-1912.8,-1842.4,71.0,141.4,1,419,107264.0,180.0,6.909,0.0148,132.464,13.0,0.0,13.0,0.0,0.0,0.0,0.0,18,9
9,44,144,704,160,720,-1842.4,-1772.0,71.0,141.4,1,422,108032.0,179.0,6.9174,0.015,127.49,20.0,3.0,17.0,3.0,0.0,0.0,0.0,30,13
10,44,160,704,176,720,-1772.0,-1701.6,71.0,141.4,1,416,106496.0,169.0,6.4862,0.0151,87.5088,7.0,0.0,7.0,0.0,0.0,0.0,0.0,12,6
11,44,176,704,192,720,-1701.6,-1631.2,71.0,141.4,1,414,105984.0,167.0,6.2274,0.0153,80.7959,4.0,0.0,4.0,1.0,0.0,0.0,0.0,8,4
12,44,192,704,208,720,-1631.2,-1560.8,71.0,141.4,1,405,103680.0,166.0,6.1121,0.0153,67.948,22.0,0.0,22.0,13.0,0.0,0.0,0.0,32,14
13,44,208,704,224,720,-1560.8,-1490.4,71.0,141.4,1,395,101120.0,193.0,7.1806,0.0154,1095.5045,217.0,1.0,216.0,188.0,0.0,0.0,0.0,332,73
14,44,224,704,240,720,-1490.4,-1420.0,71.0,141.4,1,370,94720.0,185.0,7.0451,0.0153,831.9693,7.0,2.0,5.0,5.0,0.0,0.0,0.0,11,5
15,44,240,704,256,720,-1420.0,-1349.6,71.0,141.4,1,344,88064.0,169.0,6.7969,0.0153,639.6805,4.0,0.0,4.0,1.0,0.0,0.0,0.0,8,4
16,44,256,704,272,720,-1349.6,-1279.2,71.0,141.4,1,296,75776.0,152.0,5.9061,0.0151,397.5153,0.0,0.0,0.0,0.0,0.0,0.0,0.0,0,0
17,44,272,704,288,720,-1279.2,-1208.8,71.0,141.4,1,233,59648.0,138.0,5.7115,0.0149,247.9509,0.0,0.0,0.0,0.0,0.0,0.0,0.0,0,0
28,44,448,704,464,720,-504.8,-434.4,71.0,141.4,1,249,63744.0,185.0,8.3997,0.0181,259.9642,40.0,4.0,36.0,6.0,0.0,0.0,0.0,52,24
29,44,464,704,480,720,-434.4,-364.0,71.0,141.4,1,223,57088.0,186.0,8.2982,0.0181,122.5672,19.0,2.0,17.0,6.0,0.0,0.0,0.0,28,12
37,44,592,704,608,720,128.8,199.2,71.0,141.4,1,394,100864.0,189.0,7.0654,0.0185,267.5237,363.0,3.0,360.0,125.0,0.0,0.0,0.0,219,52
38,44,608,704,624,720,199.2,269.6,71.0,141.4,1,428,109568.0,199.0,7.2534,0.0186,325.7411,238.0,10.0,228.0,135.0,0.0,0.0,0.0,160,55
39,44,624,704,640,720,269.6,340.0,71.0,141.4,1,463,118528.0,241.0,8.3506,0.0185,642.0304,63.0,8.0,55.0,19.0,0.0,0.0,0.0,74,30
40,44,640,704,656,720,340.0,410.4,71.0,141.4,1,482,123392.0,243.0,8.6799,0.0184,689.4861,56.0,7.0,49.0,11.0,0.0,0.0,0.0,72,30
41,44,656,704,672,720,410.4,480.8,71.0,141.4,1,491,125696.0,247.0,8.8454,0.0183,657.8084,91.0,5.0,86.0,37.0,0.0,0.0,0.0,88,33
42,44,672,704,688,720,480.8,551.2,71.0,141.4,1,524,134144.0,324.0,9.744,0.0181,1223.077,171.0,12.0,159.0,74.0,0.0,0.0,0.0,218,51
43,44,688,704,704,720,551.2,621.6,71.0,141.4,1,530,135680.0,332.0,9.9703,0.0179,1467.168,120.0,14.0,106.0,39.0,0.0,0.0,0.0,146,42
44,44,704,704,720,720,621.6,692.0,71.0,141.4,1,503,128768.0,336.0,9.8785,0.0176,1331.946,97.0,4.0,93.0,11.0,0.0,0.0,0.0,54,20
45,44,720,704,736,720,692.0,762.4,71.0,141.4,1,390,99840.0,321.0,9.3309,0.0174,1240.4481,164.0,2.0,162.0,24.0,0.0,0.0,0.0,34,14
6,45,96,720,112,736,-2053.6,-1983.2,0.6,71.0,1,425,108800.0,186.0,7.002,0.0143,253.52,13.0,10.0,3.0,0.0,0.0,0.0,0.0,10,4
7,45,112,720,128,736,-1983.2,-1912.8,0.6,71.0,1,425,108800.0,183.0,6.9792,0.0145,167.5582,12.0,0.0,12.0,2.0,0.0,0.0,0.0,14,7
8,45,128,720,144,736,-1912.8,-1842.4,0.6,71.0,1,428,109568.0,188.0,6.9877,0.0147,162.7212,16.0,0.0,16.0,3.0,0.0,0.0,0.0,24,9
9,45,144,720,160,736,-1842.4,-1772.0,0.6,71.0,1,428,109568.0,182.0,6.9566,0.0149,148.6538,16.0,2.0,14.0,1.0,0.0,0.0,0.0,28,13
10,45,160,720,176,736,-1772.0,-1701.6,0.6,71.0,1,423,108288.0,177.0,6.9202,0.015,120.2221,7.0,0.0,7.0,0.0,0.0,0.0,0.0,8,3
11,45,176,720,192,736,-1701.6,-1631.2,0.6,71.0,1,422,108032.0,171.0,6.5034,0.0151,98.4943,4.0,0.0,4.0,2.0,0.0,0.0,0.0,6,3
12,45,192,720,208,736,-1631.2,-1560.8,0.6,71.0,1,415,106240.0,166.0,6.2274,0.0152,80.2774,17.0,0.0,17.0,9.0,0.0,0.0,0.0,22,9
13,45,208,720,224,736,-1560.8,-1490.4,0.6,71.0,1,410,104960.0,191.0,7.4356,0.0153,982.5627,221.0,5.0,216.0,185.0,0.0,0.0,0.0,324,73
14,45,224,720,240,736,-1490.4,-1420.0,0.6,71.0,1,378,96768.0,186.0,7.0741,0.0153,801.5863,30.0,1.0,29.0,27.0,0.0,0.0,0.0,52,21
15,45,240,720,256,736,-1420.0,-1349.6,0.6,71.0,1,347,88832.0,172.0,6.9118,0.0152,708.8731,5.0,0.0,5.0,0.0,0.0,0.0,0.0,6,3
16,45,256,720,272,736,-1349.6,-1279.2,0.6,71.0,1,267,68352.0,151.0,6.5207,0.015,449.7821,0.0,0.0,0.0,0.0,0.0,0.0,0.0,0,0
17,45,272,720,288,736,-1279.2,-1208.8,0.6,71.0,1,169,43264.0,114.0,5.4661,0.0148,193.9392,0.0,0.0,0.0,0.0,0.0,0.0,0.0,0,0
28,45,448,720,464,736,-504.8,-434.4,0.6,71.0,1,239,61184.0,187.0,8.3588,0.0179,268.8325,43.0,3.0,40.0,3.0,0.0,0.0,0.0,48,20
29,45,464,720,480,736,-434.4,-364.0,0.6,71.0,1,207,52992.0,179.0,8.2305,0.0179,85.7981,44.0,3.0,41.0,9.0,0.0,0.0,0.0,43,16
37,45,592,720,608,736,128.8,199.2,0.6,71.0,1,390,99840.0,187.0,7.0538,0.0183,243.4386,62.0,0.0,62.0,31.0,0.0,0.0,0.0,52,22
38,45,608,720,624,736,199.2,269.6,0.6,71.0,1,426,109056.0,203.0,7.5302,0.0184,297.5772,183.0,4.0,179.0,84.0,0.0,0.0,0.0,222,61
39,45,624,720,640,736,269.6,340.0,0.6,71.0,1,443,113408.0,218.0,8.2782,0.0184,501.7081,199.0,0.0,199.0,96.0,0.0,0.0,0.0,118,40
40,45,640,720,656,736,340.0,410.4,0.6,71.0,1,462,118272.0,240.0,8.5973,0.0183,545.3247,75.0,2.0,73.0,22.0,0.0,0.0,0.0,74,31
41,45,656,720,672,736,410.4,480.8,0.6,71.0,1,479,122624.0,246.0,8.8591,0.0181,659.3061,101.0,8.0,93.0,58.0,0.0,0.0,0.0,148,44
42,45,672,720,688,736,480.8,551.2,0.6,71.0,1,499,127744.0,327.0,9.794,0.0179,1167.596,117.0,11.0,106.0,49.0,0.0,0.0,0.0,166,47
43,45,688,720,704,736,551.2,621.6,0.6,71.0,1,495,126720.0,329.0,9.822,0.0177,1266.49,64.0,4.0,60.0,17.0,0.0,0.0,0.0,74,30
44,45,704,720,720,736,621.6,692.0,0.6,71.0,1,463,118528.0,333.0,9.7495,0.0175,1375.9063,40.0,0.0,40.0,8.0,0.0,0.0,0.0,28,10
45,45,720,720,736,736,692.0,762.4,0.6,71.0,1,349,89344.0,272.0,9.1178,0.0172,1259.0143,32.0,0.0,32.0,5.0,0.0,0.0,0.0,28,11
6,46,96,736,112,752,-2053.6,-1983.2,-69.8,0.6,1,433,110848.0,193.0,7.0596,0.0142,324.9862,12.0,6.0,6.0,0.0,0.0,0.0,0.0,12,5
7,46,112,736,128,752,-1983.2,-1912.8,-69.8,0.6,1,433,110848.0,190.0,7.0393,0.0144,207.3333,13.0,1.0,12.0,2.0,0.0,0.0,0.0,20,7
8,46,128,736,144,752,-1912.8,-1842.4,-69.8,0.6,1,433,110848.0,192.0,7.0249,0.0146,183.5719,20.0,0.0,20.0,2.0,0.0,0.0,0.0,28,10
9,46,144,736,160,752,-1842.4,-1772.0,-69.8,0.6,1,435,111360.0,187.0,7.0077,0.0148,164.3787,14.0,2.0,12.0,1.0,0.0,0.0,0.0,26,12
10,46,160,736,176,752,-1772.0,-1701.6,-69.8,0.6,1,432,110592.0,184.0,6.9679,0.0149,158.2597,4.0,0.0,4.0,1.0,0.0,0.0,0.0,6,3
11,46,176,736,192,752,-1701.6,-1631.2,-69.8,0.6,1,426,109056.0,181.0,6.9313,0.015,130.6808,5.0,0.0,5.0,1.0,0.0,0.0,0.0,6,3
12,46,192,736,208,752,-1631.2,-1560.8,-69.8,0.6,1,422,108032.0,170.0,6.5009,0.0151,97.0207,10.0,0.0,10.0,2.0,0.0,0.0,0.0,14,7
13,46,208,736,224,752,-1560.8,-1490.4,-69.8,0.6,1,422,108032.0,180.0,7.5701,0.0152,623.6543,131.0,1.0,130.0,103.0,0.0,0.0,0.0,232,67
14,46,224,736,240,752,-1490.4,-1420.0,-69.8,0.6,1,402,102912.0,196.0,7.3215,0.0152,1134.9362,76.0,0.0,76.0,68.0,0.0,0.0,0.0,148,49
15,46,240,736,256,752,-1420.0,-1349.6,-69.8,0.6,1,353,90368.0,176.0,6.9313,0.0152,735.0668,0.0,0.0,0.0,0.0,0.0,0.0,0.0,0,0
28,46,448,736,464,752,-504.8,-434.4,-69.8,0.6,1,236,60416.0,186.0,8.3506,0.0176,350.7483,24.0,0.0,24.0,0.0,0.0,0.0,0.0,9,5
29,46,464,736,480,752,-434.4,-364.0,-69.8,0.6,1,197,50432.0,177.0,8.1913,0.0176,66.0868,58.0,4.0,54.0,16.0,1.0,0.0,1.0,72,30
37,46,592,736,608,752,128.8,199.2,-69.8,0.6,1,393,100608.0,192.0,7.2997,0.0181,235.2078,9.0,0.0,9.0,6.0,0.0,0.0,0.0,12,6
38,46,608,736,624,752,199.2,269.6,-69.8,0.6,1,423,108288.0,203.0,7.6887,0.0182,253.2989,180.0,5.0,175.0,93.0,0.0,0.0,0.0,188,58
39,46,624,736,640,752,269.6,340.0,-69.8,0.6,1,437,111872.0,210.0,7.9818,0.0182,269.3211,211.0,0.0,211.0,112.0,0.0,0.0,0.0,158,48
40,46,640,736,656,752,340.0,410.4,-69.8,0.6,1,445,113920.0,232.0,8.7063,0.0181,518.0844,183.0,3.0,180.0,87.0,0.0,0.0,0.0,148,42
41,46,656,736,672,752,410.4,480.8,-69.8,0.6,1,459,117504.0,252.0,8.9282,0.0179,525.6687,138.0,11.0,127.0,72.0,0.0,0.0,0.0,190,52
42,46,672,736,688,752,480.8,551.2,-69.8,0.6,1,481,123136.0,331.0,9.7996,0.0177,1146.6762,73.0,6.0,67.0,31.0,0.0,0.0,0.0,104,36
43,46,688,736,704,752,551.2,621.6,-69.8,0.6,1,469,120064.0,331.0,9.7717,0.0175,1355.7155,31.0,3.0,28.0,11.0,0.0,0.0,0.0,40,17
44,46,704,736,720,752,621.6,692.0,-69.8,0.6,1,401,102656.0,331.0,9.5702,0.0173,1349.4359,145.0,0.0,145.0,7.0,0.0,0.0,0.0,24,10
45,46,720,736,736,752,692.0,762.4,-69.8,0.6,1,341,87296.0,273.0,9.3259,0.017,1156.2086,32.0,0.0,32.0,6.0,0.0,0.0,0.0,31,13
5,47,80,752,96,768,-2124.0,-2053.6,-140.2,-69.8,1,404,103424.0,188.0,6.9877,0.0139,347.9206,4.0,0.0,4.0,2.0,0.0,0.0,0.0,8,1
6,47,96,752,112,768,-2053.6,-1983.2,-140.2,-69.8,1,442,113152.0,196.0,7.0917,0.0141,268.5402,23.0,7.0,16.0,1.0,0.0,0.0,0.0,22,7
7,47,112,752,128,768,-1983.2,-1912.8,-140.2,-69.8,1,440,112640.0,194.0,7.08,0.0143,238.4176,20.0,1.0,19.0,1.0,0.0,0.0,0.0,18,6
8,47,128,752,144,768,-1912.8,-1842.4,-140.2,-69.8,1,444,113664.0,196.0,7.0712,0.0145,232.2052,19.0,0.0,19.0,2.0,0.0,0.0,0.0,26,10
9,47,144,752,160,768,-1842.4,-1772.0,-140.2,-69.8,1,444,113664.0,192.0,7.0567,0.0146,212.1842,17.0,2.0,15.0,1.0,0.0,0.0,0.0,24,11
10,47,160,752,176,768,-1772.0,-1701.6,-140.2,-69.8,1,438,112128.0,189.0,7.0163,0.0148,176.8618,2.0,0.0,2.0,1.0,0.0,0.0,0.0,4,2
11,47,176,752,192,768,-1701.6,-1631.2,-140.2,-69.8,1,436,111616.0,187.0,6.9849,0.0149,171.9774,2.0,0.0,2.0,2.0,0.0,0.0,0.0,4,2
12,47,192,752,208,768,-1631.2,-1560.8,-140.2,-69.8,1,430,110080.0,180.0,6.9397,0.015,140.1967,4.0,0.0,4.0,0.0,0.0,0.0,0.0,4,2
13,47,208,752,224,768,-1560.8,-1490.4,-140.2,-69.8,1,425,108800.0,171.0,6.5083,0.0151,105.909,32.0,1.0,31.0,24.0,0.0,0.0,0.0,58,25
14,47,224,752,240,768,-1490.4,-1420.0,-140.2,-69.8,1,427,109312.0,199.0,7.6137,0.0152,1248.0364,206.0,0.0,206.0,155.0,0.0,0.0,0.0,332,71
15,47,240,752,256,768,-1420.0,-1349.6,-140.2,-69.8,1,372,95232.0,184.0,7.0567,0.0152,849.8009,0.0,0.0,0.0,0.0,0.0,0.0,0.0,0,0
28,47,448,752,464,768,-504.8,-434.4,-140.2,-69.8,1,234,59904.0,186.0,8.3669,0.0174,428.7791,0.0,0.0,0.0,0.0,0.0,0.0,0.0,0,0
29,47,464,752,480,768,-434.4,-364.0,-140.2,-69.8,1,193,49408.0,180.0,8.2345,0.0174,84.9248,55.0,6.0,49.0,14.0,1.0,0.0,1.0,70,30
37,47,592,752,608,768,128.8,199.2,-140.2,-69.8,1,405,103680.0,196.0,7.4132,0.0179,251.8842,10.0,0.0,10.0,4.0,0.0,0.0,0.0,12,6
38,47,608,752,624,768,199.2,269.6,-140.2,-69.8,1,419,107264.0,206.0,7.9156,0.0179,226.028,160.0,5.0,155.0,89.0,0.0,0.0,0.0,204,64
39,47,624,752,640,768,269.6,340.0,-140.2,-69.8,1,429,109824.0,213.0,8.3304,0.0179,225.1411,88.0,0.0,88.0,46.0,0.0,0.0,0.0,126,45
40,47,640,752,656,768,340.0,410.4,-140.2,-69.8,1,437,111872.0,222.0,8.546,0.0179,233.3971,167.0,8.0,159.0,104.0,0.0,0.0,0.0,190,48
41,47,656,752,672,768,410.4,480.8,-140.2,-69.8,1,448,114688.0,245.0,8.9889,0.0177,469.6823,129.0,7.0,122.0,50.0,0.0,0.0,0.0,150,45
42,47,672,752,688,768,480.8,551.2,-140.2,-69.8,1,465,119040.0,330.0,9.7996,0.0175,1188.8606,81.0,3.0,78.0,21.0,0.0,0.0,0.0,76,27
43,47,688,752,704,768,551.2,621.6,-140.2,-69.8,1,459,117504.0,340.0,9.9703,0.0173,1772.0024,28.0,4.0,24.0,1.0,0.0,0.0,0.0,28,13
44,47,704,752,720,768,621.6,692.0,-140.2,-69.8,1,387,99072.0,292.0,9.6509,0.017,1548.5271,18.0,0.0,18.0,4.0,0.0,0.0,0.0,18,8
45,47,720,752,736,768,692.0,762.4,-140.2,-69.8,1,350,89600.0,282.0,9.4908,0.0168,1660.6652,29.0,0.0,29.0,13.0,0.0,0.0,0.0,30,13
5,48,80,768,96,784,-2124.0,-2053.6,-210.6,-140.2,1,442,113152.0,197.0,7.1122,0.0137,504.4928,3.0,0.0,3.0,2.0,0.0,0.0,0.0,6,2
6,48,96,768,112,784,-2053.6,-1983.2,-210.6,-140.2,1,454,116224.0,198.0,7.1477,0.0139,325.9237,13.0,5.0,8.0,0.0,0.0,0.0,0.0,18,6
7,48,112,768,128,784,-1983.2,-1912.8,-210.6,-140.2,1,454,116224.0,198.0,7.1477,0.0141,295.7193,10.0,1.0,9.0,0.0,0.0,0.0,0.0,12,3
8,48,128,768,144,784,-1912.8,-1842.4,-210.6,-140.2,1,456,116736.0,203.0,7.1329,0.0143,284.228,21.0,1.0,20.0,1.0,0.0,0.0,0.0,31,14
9,48,144,768,160,784,-1842.4,-1772.0,-210.6,-140.2,1,452,115712.0,199.0,7.1152,0.0145,249.2895,14.0,2.0,12.0,1.0,0.0,0.0,0.0,24,10
10,48,160,768,176,784,-1772.0,-1701.6,-210.6,-140.2,1,450,115200.0,196.0,7.0887,0.0147,236.6285,0.0,0.0,0.0,0.0,0.0,0.0,0.0,0,0
11,48,176,768,192,784,-1701.6,-1631.2,-210.6,-140.2,1,444,113664.0,193.0,7.0596,0.0148,190.0089,3.0,0.0,3.0,1.0,0.0,0.0,0.0,4,2
12,48,192,768,208,784,-1631.2,-1560.8,-210.6,-140.2,1,439,112384.0,187.0,7.0192,0.0149,164.2625,2.0,0.0,2.0,1.0,0.0,0.0,0.0,4,2
13,48,208,768,224,784,-1560.8,-1490.4,-210.6,-140.2,1,436,111616.0,185.0,6.9792,0.015,160.8781,6.0,0.0,6.0,5.0,0.0,0.0,0.0,12,5
14,48,224,768,240,784,-1490.4,-1420.0,-210.6,-140.2,1,436,111616.0,202.0,8.4995,0.0151,1179.7131,221.0,1.0,220.0,177.0,0.0,0.0,0.0,372,73
15,48,240,768,256,784,-1420.0,-1349.6,-210.6,-140.2,1,422,108032.0,196.0,7.5767,0.0151,1109.4878,0.0,0.0,0.0,0.0,0.0,0.0,0.0,0,0
19,48,304,768,320,784,-1138.4,-1068.0,-210.6,-140.2,1,190,48640.0,93.0,5.2138,0.0144,0.2699,4.0,0.0,4.0,0.0,0.0,0.0,0.0,4,1
20,48,320,768,336,784,-1068.0,-997.6,-210.6,-140.2,1,214,54784.0,94.0,4.9082,0.0143,0.2442,0.0,0.0,0.0,0.0,0.0,0.0,0.0,0,0
21,48,336,768,352,784,-997.6,-927.2,-210.6,-140.2,1,217,55552.0,93.0,4.8998,0.0142,0.2835,0.0,0.0,0.0,0.0,0.0,0.0,0.0,0,0
28,48,448,768,464,784,-504.8,-434.4,-210.6,-140.2,1,229,58624.0,190.0,8.3997,0.0172,447.2383,5.0,0.0,5.0,3.0,0.0,0.0,0.0,8,4
29,48,464,768,480,784,-434.4,-364.0,-210.6,-140.2,1,192,49152.0,182.0,8.2662,0.0172,138.4812,59.0,4.0,55.0,21.0,0.0,0.0,0.0,72,30
37,48,592,768,608,784,128.8,199.2,-210.6,-140.2,1,405,103680.0,202.0,7.8648,0.0177,212.594,24.0,1.0,23.0,16.0,0.0,0.0,0.0,24,10
38,48,608,768,624,784,199.2,269.6,-210.6,-140.2,1,418,107008.0,207.0,8.1601,0.0177,196.9205,239.0,6.0,233.0,141.0,0.0,0.0,0.0,224,63
39,48,624,768,640,784,269.6,340.0,-210.6,-140.2,1,431,110336.0,220.0,8.5205,0.0177,225.8774,137.0,4.0,133.0,82.0,0.0,0.0,0.0,180,54
40,48,640,768,656,784,340.0,410.4,-210.6,-140.2,1,439,112384.0,229.0,8.6843,0.0176,300.107,129.0,7.0,122.0,90.0,0.0,0.0,0.0,154,50
41,48,656,768,672,784,410.4,480.8,-210.6,-140.2,1,445,113920.0,239.0,8.9842,0.0175,443.2612,114.0,4.0,110.0,40.0,0.0,0.0,0.0,110,37
42,48,672,768,688,784,480.8,551.2,-210.6,-140.2,1,462,118272.0,338.0,10.1711,0.0173,1561.8197,44.0,3.0,41.0,12.0,0.0,0.0,0.0,56,23
43,48,688,768,704,784,551.2,621.6,-210.6,-140.2,1,425,108800.0,343.0,9.9877,0.0171,2147.4791,45.0,7.0,38.0,10.0,0.0,0.0,0.0,50,20
44,48,704,768,720,784,621.6,692.0,-210.6,-140.2,1,388,99328.0,302.0,9.6999,0.0168,1986.604,620.0,4.0,616.0,17.0,0.0,0.0,0.0,46,18
45,48,720,768,736,784,692.0,762.4,-210.6,-140.2,1,358,91648.0,291.0,9.5542,0.0165,2393.8485,146.0,0.0,146.0,11.0,0.0,0.0,0.0,40,13
5,49,80,784,96,800,-2124.0,-2053.6,-281.0,-210.6,1,449,114944.0,198.0,7.1388,0.0136,349.9019,5.0,0.0,5.0,1.0,0.0,0.0,0.0,4,2
6,49,96,784,112,800,-2053.6,-1983.2,-281.0,-210.6,1,465,119040.0,199.0,7.1806,0.0138,380.0837,14.0,4.0,10.0,0.0,0.0,0.0,0.0,16,5
7,49,112,784,128,800,-1983.2,-1912.8,-281.0,-210.6,1,465,119040.0,201.0,7.1806,0.014,345.2273,8.0,0.0,8.0,0.0,0.0,0.0,0.0,14,3
8,49,128,784,144,800,-1912.8,-1842.4,-281.0,-210.6,1,464,118784.0,202.0,7.1776,0.0142,325.1213,18.0,3.0,15.0,0.0,0.0,0.0,0.0,28,11
9,49,144,784,160,800,-1842.4,-1772.0,-281.0,-210.6,1,464,118784.0,202.0,7.1776,0.0144,295.5585,21.0,2.0,19.0,3.0,0.0,0.0,0.0,30,11
10,49,160,784,176,800,-1772.0,-1701.6,-281.0,-210.6,1,459,117504.0,201.0,7.1627,0.0146,268.2022,4.0,0.0,4.0,1.0,0.0,0.0,0.0,6,3
11,49,176,784,192,800,-1701.6,-1631.2,-281.0,-210.6,1,450,115200.0,198.0,7.1034,0.0147,226.7399,18.0,0.0,18.0,16.0,0.0,0.0,0.0,6,3
12,49,192,784,208,800,-1631.2,-1560.8,-281.0,-210.6,1,449,114944.0,195.0,7.0858,0.0148,219.0215,3.0,0.0,3.0,1.0,0.0,0.0,0.0,6,3
13,49,208,784,224,800,-1560.8,-1490.4,-281.0,-210.6,1,446,114176.0,194.0,7.0625,0.0149,197.5125,1.0,0.0,1.0,1.0,0.0,0.0,0.0,2,1
14,49,224,784,240,800,-1490.4,-1420.0,-281.0,-210.6,1,442,113152.0,205.0,8.5375,0.015,1022.967,152.0,2.0,150.0,132.0,0.0,0.0,0.0,288,70
15,49,240,784,256,800,-1420.0,-1349.6,-281.0,-210.6,1,436,111616.0,209.0,8.5121,0.0151,1374.3792,114.0,0.0,114.0,92.0,0.0,0.0,0.0,220,60
16,49,256,784,272,800,-1349.6,-1279.2,-281.0,-210.6,1,344,88064.0,134.0,5.8259,0.0151,11.5635,0.0,0.0,0.0,0.0,0.0,0.0,0.0,0,0
17,49,272,784,288,800,-1279.2,-1208.8,-281.0,-210.6,1,282,72192.0,112.0,5.48,0.015,2.4393,0.0,0.0,0.0,0.0,0.0,0.0,0.0,0,0
18,49,288,784,304,800,-1208.8,-1138.4,-281.0,-210.6,1,265,67840.0,107.0,5.4504,0.0148,1.9477,0.0,0.0,0.0,0.0,0.0,0.0,0.0,0,0
19,49,304,784,320,800,-1138.4,-1068.0,-281.0,-210.6,1,254,65024.0,103.0,5.3237,0.0147,1.1669,13.0,0.0,13.0,0.0,0.0,0.0,0.0,14,2
20,49,320,784,336,800,-1068.0,-997.6,-281.0,-210.6,1,247,63232.0,99.0,4.9607,0.0146,0.8667,4.0,0.0,4.0,0.0,0.0,0.0,0.0,4,1
21,49,336,784,352,800,-997.6,-927.2,-281.0,-210.6,1,240,61440.0,97.0,4.9378,0.0144,0.7407,0.0,0.0,0.0,0.0,0.0,0.0,0.0,0,0
28,49,448,784,464,800,-504.8,-434.4,-281.0,-210.6,1,242,61952.0,194.0,8.5037,0.017,778.3211,1155.0,11.0,1144.0,730.0,0.0,0.0,0.0,276,45
29,49,464,784,480,800,-434.4,-364.0,-281.0,-210.6,1,193,49408.0,184.0,8.2821,0.017,189.437,32.0,5.0,27.0,9.0,0.0,0.0,0.0,54,19
36,49,576,784,592,800,58.4,128.8,-281.0,-210.6,1,350,89600.0,187.0,7.2047,0.0173,164.8276,0.0,0.0,0.0,0.0,0.0,0.0,0.0,0,0
37,49,592,784,608,800,128.8,199.2,-281.0,-210.6,1,408,104448.0,203.0,8.0004,0.0175,190.6492,47.0,1.0,46.0,17.0,0.0,0.0,0.0,72,27
38,49,608,784,624,800,199.2,269.6,-281.0,-210.6,1,426,109056.0,222.0,8.5375,0.0175,222.6052,177.0,6.0,171.0,114.0,0.0,0.0,0.0,276,71
39,49,624,784,640,800,269.6,340.0,-281.0,-210.6,1,444,113664.0,232.0,8.8728,0.0174,372.9832,142.0,6.0,136.0,87.0,0.0,0.0,0.0,210,57
40,49,640,784,656,800,340.0,410.4,-281.0,-210.6,1,460,117760.0,246.0,9.2207,0.0173,593.5142,94.0,4.0,90.0,60.0,0.0,0.0,0.0,130,45
41,49,656,784,672,800,410.4,480.8,-281.0,-210.6,1,464,118784.0,267.0,9.3768,0.0172,962.9427,61.0,3.0,58.0,28.0,0.0,0.0,0.0,76,29
42,49,672,784,688,800,480.8,551.2,-281.0,-210.6,1,468,119808.0,336.0,10.2623,0.017,2131.5353,75.0,0.0,75.0,29.0,0.0,0.0,0.0,66,20
43,49,688,784,704,800,551.2,621.6,-281.0,-210.6,1,413,105728.0,302.0,9.8389,0.0168,2457.5239,81.0,2.0,79.0,10.0,0.0,0.0,0.0,78,24
44,49,704,784,720,800,621.6,692.0,-281.0,-210.6,1,369,94464.0,294.0,9.5969,0.0166,2063.7125,104.0,0.0,104.0,8.0,1.0,0.0,1.0,64,18
45,49,720,784,736,800,692.0,762.4,-281.0,-210.6,1,344,88064.0,292.0,9.4803,0.0163,2387.5594,35.0,0.0,35.0,4.0,0.0,0.0,0.0,26,10
5,50,80,800,96,816,-2124.0,-2053.6,-351.4,-281.0,1,464,118784.0,207.0,7.1927,0.0135,425.3073,24.0,0.0,24.0,0.0,0.0,0.0,0.0,2,1
6,50,96,800,112,816,-2053.6,-1983.2,-351.4,-281.0,1,474,121344.0,210.0,7.2199,0.0137,418.7031,9.0,4.0,5.0,1.0,0.0,0.0,0.0,16,6
7,50,112,800,128,816,-1983.2,-1912.8,-351.4,-281.0,1,475,121600.0,212.0,7.2229,0.0139,359.3783,11.0,0.0,11.0,0.0,0.0,0.0,0.0,14,2
8,50,128,800,144,816,-1912.8,-1842.4,-351.4,-281.0,1,474,121344.0,207.0,7.2169,0.0141,353.3814,13.0,2.0,11.0,0.0,0.0,0.0,0.0,22,9
9,50,144,800,160,816,-1842.4,-1772.0,-351.4,-281.0,1,474,121344.0,203.0,7.2078,0.0143,349.0102,18.0,2.0,16.0,1.0,0.0,0.0,0.0,26,11
10,50,160,800,176,816,-1772.0,-1701.6,-351.4,-281.0,1,469,120064.0,204.0,7.1927,0.0144,322.0251,2.0,0.0,2.0,1.0,0.0,0.0,0.0,4,2
11,50,176,800,192,816,-1701.6,-1631.2,-351.4,-281.0,1,466,119296.0,204.0,7.1776,0.0146,304.3127,3.0,0.0,3.0,1.0,0.0,0.0,0.0,6,3
12,50,192,800,208,816,-1631.2,-1560.8,-351.4,-281.0,1,463,118528.0,203.0,7.1746,0.0147,287.3993,4.0,0.0,4.0,1.0,0.0,0.0,0.0,8,4
13,50,208,800,224,816,-1560.8,-1490.4,-351.4,-281.0,1,454,116224.0,200.0,7.1211,0.0148,244.4887,3.0,0.0,3.0,1.0,0.0,0.0,0.0,6,3
14,50,224,800,240,816,-1490.4,-1420.0,-351.4,-281.0,1,451,115456.0,206.0,8.6363,0.0149,745.5631,14.0,1.0,13.0,11.0,0.0,0.0,0.0,28,14
15,50,240,800,256,816,-1420.0,-1349.6,-351.4,-281.0,1,449,114944.0,224.0,8.6406,0.015,1698.1094,212.0,0.0,212.0,182.0,0.0,0.0,0.0,340,72
16,50,256,800,272,816,-1349.6,-1279.2,-351.4,-281.0,1,409,104704.0,209.0,8.3873,0.0151,1285.6476,69.0,0.0,69.0,33.0,0.0,0.0,0.0,106,29
17,50,272,800,288,816,-1279.2,-1208.8,-351.4,-281.0,1,330,84480.0,133.0,6.0539,0.015,10.7306,46.0,0.0,46.0,0.0,0.0,0.0,0.0,24,3
18,50,288,800,304,816,-1208.8,-1138.4,-351.4,-281.0,1,297,76032.0,116.0,5.5099,0.015,3.892,6.0,0.0,6.0,1.0,0.0,0.0,0.0,8,3
19,50,304,800,320,816,-1138.4,-1068.0,-351.4,-281.0,1,276,70656.0,110.0,5.4126,0.0149,2.2941,10.0,0.0,10.0,0.0,0.0,0.0,0.0,12,2
20,50,320,800,336,816,-1068.0,-997.6,-351.4,-281.0,1,264,67584.0,106.0,5.3402,0.0148,1.5629,13.0,0.0,13.0,0.0,0.0,0.0,0.0,6,1
21,50,336,800,352,816,-997.6,-927.2,-351.4,-281.0,1,253,64768.0,100.0,4.9564,0.0146,1.1821,0.0,0.0,0.0,0.0,0.0,0.0,0.0,0,0
28,50,448,800,464,816,-504.8,-434.4,-351.4,-281.0,1,265,67840.0,204.0,8.6233,0.0169,1224.5332,452.0,14.0,438.0,268.0,0.0,0.0,0.0,344,45
29,50,464,800,480,816,-434.4,-364.0,-351.4,-281.0,1,204,52224.0,189.0,8.3873,0.0169,346.7232,12.0,2.0,10.0,7.0,0.0,0.0,0.0,18,8
36,50,576,800,592,816,58.4,128.8,-351.4,-281.0,1,381,97536.0,200.0,7.7793,0.0172,163.5154,0.0,0.0,0.0,0.0,0.0,0.0,0.0,0,0
37,50,592,800,608,816,128.8,199.2,-351.4,-281.0,1,429,109824.0,220.0,8.6017,0.0172,256.1146,109.0,3.0,106.0,64.0,0.0,0.0,0.0,166,51
38,50,608,800,624,816,199.2,269.6,-351.4,-281.0,1,462,118272.0,240.0,9.2108,0.0172,574.7575,164.0,4.0,160.0,124.0,0.0,0.0,0.0,244,70
39,50,624,800,640,816,269.6,340.0,-351.4,-281.0,1,487,124672.0,260.0,9.4025,0.0172,907.5075,126.0,6.0,120.0,68.0,0.0,0.0,0.0,160,50
40,50,640,800,656,816,340.0,410.4,-351.4,-281.0,1,486,124416.0,267.0,9.4231,0.0171,989.0053,168.0,4.0,164.0,94.0,0.0,0.0,0.0,204,58
41,50,656,800,672,816,410.4,480.8,-351.4,-281.0,1,473,121088.0,281.0,9.7274,0.0169,1300.7564,90.0,5.0,85.0,39.0,0.0,0.0,0.0,104,33
42,50,672,800,688,816,480.8,551.2,-351.4,-281.0,1,430,110080.0,330.0,9.9242,0.0167,2265.6821,58.0,4.0,54.0,19.0,0.0,0.0,0.0,66,23
43,50,688,800,704,816,551.2,621.6,-351.4,-281.0,1,387,99072.0,284.0,9.7164,0.0165,2800.4906,83.0,4.0,79.0,18.0,1.0,0.0,1.0,62,19
44,50,704,800,720,816,621.6,692.0,-351.4,-281.0,1,342,87552.0,298.0,9.4699,0.0163,2447.2213,185.0,2.0,183.0,14.0,0.0,0.0,0.0,36,16
45,50,720,800,736,816,692.0,762.4,-351.4,-281.0,1,297,76032.0,296.0,9.2555,0.016,2164.1296,6.0,0.0,6.0,4.0,0.0,0.0,0.0,10,5
5,51,80,816,96,832,-2124.0,-2053.6,-421.8,-351.4,1,479,122624.0,211.0,7.2443,0.0134,446.1709,12.0,0.0,12.0,0.0,0.0,0.0,0.0,4,2
6,51,96,816,112,832,-2053.6,-1983.2,-421.8,-351.4,1,487,124672.0,212.0,7.2688,0.0136,420.6599,6.0,3.0,3.0,2.0,0.0,0.0,0.0,10,4
7,51,112,816,128,832,-1983.2,-1912.8,-421.8,-351.4,1,490,125440.0,218.0,7.278,0.0138,428.4718,13.0,1.0,12.0,0.0,0.0,0.0,0.0,12,3
8,51,128,816,144,832,-1912.8,-1842.4,-421.8,-351.4,1,485,124160.0,215.0,7.2565,0.014,397.9433,37.0,1.0,36.0,0.0,0.0,0.0,0.0,35,12
9,51,144,816,160,832,-1842.4,-1772.0,-421.8,-351.4,1,487,124672.0,216.0,7.2626,0.0141,402.925,161.0,2.0,159.0,1.0,0.0,0.0,0.0,49,14
10,51,160,816,176,832,-1772.0,-1701.6,-421.8,-351.4,1,484,123904.0,213.0,7.2504,0.0143,393.6731,1.0,1.0,0.0,0.0,0.0,0.0,0.0,2,1
11,51,176,816,192,832,-1701.6,-1631.2,-421.8,-351.4,1,479,122624.0,210.0,7.226,0.0145,370.7842,3.0,0.0,3.0,0.0,0.0,0.0,0.0,4,2
12,51,192,816,208,832,-1631.2,-1560.8,-421.8,-351.4,1,475,121600.0,205.0,7.2108,0.0146,350.345,5.0,0.0,5.0,2.0,0.0,0.0,0.0,8,4
13,51,208,816,224,832,-1560.8,-1490.4,-421.8,-351.4,1,469,120064.0,203.0,7.1927,0.0147,323.9038,8.0,0.0,8.0,2.0,0.0,0.0,0.0,12,6
14,51,224,816,240,832,-1490.4,-1420.0,-421.8,-351.4,1,465,119040.0,204.0,7.1716,0.0148,311.2133,24.0,0.0,24.0,3.0,0.0,0.0,0.0,18,9
15,51,240,816,256,832,-1420.0,-1349.6,-421.8,-351.4,1,457,116992.0,229.0,8.7596,0.0149,1641.3122,107.0,1.0,106.0,59.0,0.0,0.0,0.0,114,40
16,51,256,816,272,832,-1349.6,-1279.2,-421.8,-351.4,1,432,110592.0,221.0,8.5673,0.015,1353.8321,187.0,0.0,187.0,155.0,0.0,0.0,0.0,283,69
17,51,272,816,288,832,-1279.2,-1208.8,-421.8,-351.4,1,357,91392.0,150.0,6.5132,0.015,42.6693,30.0,0.0,30.0,18.0,0.0,0.0,0.0,58,22
18,51,288,816,304,832,-1208.8,-1138.4,-421.8,-351.4,1,326,83456.0,132.0,6.0475,0.015,10.4366,11.0,0.0,11.0,2.0,0.0,0.0,0.0,12,5
19,51,304,816,320,832,-1138.4,-1068.0,-421.8,-351.4,1,301,77056.0,118.0,5.5188,0.015,4.2321,11.0,0.0,11.0,1.0,0.0,0.0,0.0,18,4
20,51,320,816,336,832,-1068.0,-997.6,-421.8,-351.4,1,280,71680.0,110.0,5.3686,0.015,2.4492,46.0,0.0,46.0,0.0,0.0,0.0,0.0,27,2
21,51,336,816,352,832,-997.6,-927.2,-421.8,-351.4,1,263,67328.0,104.0,4.9707,0.0148,1.6286,56.0,0.0,56.0,0.0,0.0,0.0,0.0,14,1
28,51,448,816,464,832,-504.8,-434.4,-421.8,-351.4,1,292,74752.0,206.0,8.7507,0.0168,1650.0633,174.0,6.0,168.0,87.0,0.0,0.0,0.0,200,45
29,51,464,816,480,832,-434.4,-364.0,-421.8,-351.4,1,268,68608.0,210.0,8.7865,0.0169,1216.6162,44.0,5.0,39.0,34.0,0.0,0.0,0.0,34,13
36,51,576,816,592,832,58.4,128.8,-421.8,-351.4,1,451,115456.0,234.0,9.0173,0.017,550.1649,10.0,1.0,9.0,0.0,0.0,0.0,0.0,18,8
37,51,592,816,608,832,128.8,199.2,-421.8,-351.4,1,494,126464.0,259.0,9.4438,0.017,959.8433,213.0,6.0,207.0,147.0,0.0,0.0,0.0,300,76
38,51,608,816,624,832,199.2,269.6,-421.8,-351.4,1,499,127744.0,262.0,9.4751,0.017,1042.2965,122.0,7.0,115.0,70.0,0.0,0.0,0.0,194,57
39,51,624,816,640,832,269.6,340.0,-421.8,-351.4,1,501,128256.0,268.0,9.5013,0.0169,1141.6777,225.0,8.0,217.0,119.0,1.0,0.0,1.0,244,64
40,51,640,816,656,832,340.0,410.4,-421.8,-351.4,1,496,126976.0,277.0,9.5066,0.0168,1225.2395,899.0,3.0,896.0,482.0,0.0,0.0,0.0,182,56
41,51,656,816,672,832,410.4,480.8,-421.8,-351.4,1,468,119808.0,286.0,9.744,0.0166,1506.3623,20.0,0.0,20.0,5.0,0.0,0.0,0.0,26,9
42,51,672,816,688,832,480.8,551.2,-421.8,-351.4,1,364,93184.0,291.0,9.4961,0.0165,2149.4422,30.0,2.0,28.0,4.0,0.0,0.0,0.0,18,9
43,51,688,816,704,832,551.2,621.6,-421.8,-351.4,1,273,69888.0,269.0,9.0315,0.0163,1356.6171,18.0,6.0,12.0,8.0,0.0,0.0,0.0,24,9
44,51,704,816,720,832,621.6,692.0,-421.8,-351.4,1,232,59392.0,214.0,7.5567,0.016,372.5587,102.0,16.0,86.0,51.0,0.0,0.0,0.0,22,10
45,51,720,816,736,832,692.0,762.4,-421.8,-351.4,1,218,55808.0,225.0,7.517,0.0158,358.1871,27.0,0.0,27.0,25.0,0.0,0.0,0.0,4,2
5,52,80,832,96,848,-2124.0,-2053.6,-492.2,-421.8,1,495,126720.0,212.0,7.2997,0.0132,500.6595,5.0,0.0,5.0,0.0,0.0,0.0,0.0,6,2
6,52,96,832,112,848,-2053.6,-1983.2,-492.2,-421.8,1,501,128256.0,214.0,7.3184,0.0134,481.1887,5.0,1.0,4.0,1.0,0.0,0.0,0.0,8,3
7,52,112,832,128,848,-1983.2,-1912.8,-492.2,-421.8,1,501,128256.0,217.0,7.3184,0.0136,476.3146,4.0,3.0,1.0,0.0,0.0,0.0,0.0,8,4
8,52,128,832,144,848,-1912.8,-1842.4,-492.2,-421.8,1,501,128256.0,217.0,7.3184,0.0138,469.0135,33.0,2.0,31.0,0.0,0.0,0.0,0.0,36,10
9,52,144,832,160,848,-1842.4,-1772.0,-492.2,-421.8,1,502,128512.0,217.0,7.3215,0.014,478.9508,192.0,0.0,192.0,1.0,0.0,0.0,0.0,73,11
10,52,160,832,176,848,-1772.0,-1701.6,-492.2,-421.8,1,498,127488.0,217.0,7.3028,0.0142,455.5414,58.0,0.0,58.0,0.0,0.0,0.0,0.0,13,4
11,52,176,832,192,848,-1701.6,-1631.2,-492.2,-421.8,1,493,126208.0,217.0,7.2811,0.0143,422.4898,11.0,2.0,9.0,0.0,0.0,0.0,0.0,18,5
12,52,192,832,208,848,-1631.2,-1560.8,-492.2,-421.8,1,492,125952.0,216.0,7.278,0.0145,433.6311,7.0,1.0,6.0,0.0,0.0,0.0,0.0,8,4
13,52,208,832,224,848,-1560.8,-1490.4,-492.2,-421.8,1,488,124928.0,215.0,7.2626,0.0146,414.9369,4.0,0.0,4.0,1.0,0.0,0.0,0.0,8,4
14,52,224,832,240,848,-1490.4,-1420.0,-492.2,-421.8,1,479,122624.0,211.0,7.2229,0.0147,381.7135,6.0,0.0,6.0,1.0,0.0,0.0,0.0,10,5
15,52,240,832,256,848,-1420.0,-1349.6,-492.2,-421.8,1,473,121088.0,225.0,8.8181,0.0148,1234.0927,18.0,1.0,17.0,8.0,0.0,0.0,0.0,30,13
16,52,256,832,272,848,-1349.6,-1279.2,-492.2,-421.8,1,456,116736.0,231.0,8.7776,0.0149,1569.173,100.0,0.0,100.0,88.0,0.0,0.0,0.0,178,53
17,52,272,832,288,848,-1279.2,-1208.8,-492.2,-421.8,1,390,99840.0,188.0,7.6544,0.015,404.6272,152.0,0.0,152.0,114.0,0.0,0.0,0.0,242,67
18,52,288,832,304,848,-1208.8,-1138.4,-492.2,-421.8,1,354,90624.0,151.0,6.5331,0.0151,47.1457,15.0,0.0,15.0,6.0,0.0,0.0,0.0,22,8
19,52,304,832,320,848,-1138.4,-1068.0,-492.2,-421.8,1,324,82944.0,129.0,6.0411,0.0151,9.8544,10.0,0.0,10.0,2.0,0.0,0.0,0.0,9,3
20,52,320,832,336,848,-1068.0,-997.6,-492.2,-421.8,1,302,77312.0,120.0,5.5491,0.0151,4.3303,17.0,0.0,17.0,0.0,0.0,0.0,0.0,24,1
21,52,336,832,352,848,-997.6,-927.2,-492.2,-421.8,1,278,71168.0,110.0,5.0084,0.015,2.5144,0.0,0.0,0.0,0.0,0.0,0.0,0.0,0,0
28,52,448,832,464,848,-504.8,-434.4,-492.2,-421.8,1,308,78848.0,225.0,8.9421,0.0168,1860.3117,309.0,2.0,307.0,243.0,0.0,0.0,0.0,180,44
29,52,464,832,480,848,-434.4,-364.0,-492.2,-421.8,1,303,77568.0,230.0,9.0363,0.0169,1702.5067,205.0,15.0,190.0,151.0,0.0,0.0,0.0,128,41
30,52,480,832,496,848,-364.0,-293.6,-492.2,-421.8,1,179,45824.0,112.0,6.1714,0.0168,17.7649,56.0,12.0,44.0,27.0,0.0,0.0,0.0,84,30
31,52,496,832,512,848,-293.6,-223.2,-492.2,-421.8,1,188,48128.0,116.0,6.2775,0.0167,17.7882,13.0,2.0,11.0,4.0,0.0,0.0,0.0,14,6
32,52,512,832,528,848,-223.2,-152.8,-492.2,-421.8,1,197,50432.0,124.0,6.3307,0.0166,21.676,32.0,1.0,31.0,1.0,0.0,0.0,0.0,13,3
33,52,528,832,544,848,-152.8,-82.4,-492.2,-421.8,1,214,54784.0,133.0,6.4039,0.0166,27.7559,0.0,0.0,0.0,0.0,0.0,0.0,0.0,0,0
34,52,544,832,560,848,-82.4,-12.0,-492.2,-421.8,1,239,61184.0,146.0,6.4886,0.0166,37.7268,0.0,0.0,0.0,0.0,0.0,0.0,0.0,0,0
35,52,560,832,576,848,-12.0,58.4,-492.2,-421.8,1,474,121344.0,254.0,9.196,0.0167,1008.5367,0.0,0.0,0.0,0.0,0.0,0.0,0.0,0,0
36,52,576,832,592,848,58.4,128.8,-492.2,-421.8,1,502,128512.0,262.0,9.5013,0.0167,1119.6774,192.0,5.0,187.0,124.0,0.0,0.0,0.0,286,72
37,52,592,832,608,848,128.8,199.2,-492.2,-421.8,1,512,131072.0,270.0,9.5595,0.0167,1216.9993,153.0,13.0,140.0,103.0,0.0,0.0,0.0,258,71
38,52,608,832,624,848,199.2,269.6,-492.2,-421.8,1,518,132608.0,280.0,9.6077,0.0167,1357.7842,114.0,5.0,109.0,74.0,0.0,0.0,0.0,168,54
39,52,624,832,640,848,269.6,340.0,-492.2,-421.8,1,515,131840.0,285.0,9.6077,0.0166,1448.3264,127.0,5.0,122.0,79.0,0.0,0.0,0.0,176,53
40,52,640,832,656,848,340.0,410.4,-492.2,-421.8,1,503,128768.0,288.0,9.5595,0.0165,1463.0029,97.0,0.0,97.0,66.0,0.0,0.0,0.0,62,26
5,53,80,848,96,864,-2124.0,-2053.6,-562.6,-492.2,1,512,131072.0,213.0,7.3528,0.0131,574.9697,13.0,0.0,13.0,3.0,0.0,0.0,0.0,10,2
6,53,96,848,112,864,-2053.6,-1983.2,-562.6,-492.2,1,513,131328.0,215.0,7.356,0.0133,542.8161,3.0,0.0,3.0,1.0,0.0,0.0,0.0,6,2
7,53,112,848,128,864,-1983.2,-1912.8,-562.6,-492.2,1,513,131328.0,218.0,7.356,0.0135,534.3477,5.0,4.0,1.0,0.0,0.0,0.0,0.0,8,4
8,53,128,848,144,864,-1912.8,-1842.4,-562.6,-492.2,1,514,131584.0,218.0,7.3591,0.0137,533.3433,14.0,1.0,13.0,0.0,0.0,0.0,0.0,26,8
9,53,144,848,160,864,-1842.4,-1772.0,-562.6,-492.2,1,517,132352.0,219.0,7.3686,0.0138,553.5275,70.0,1.0,69.0,1.0,0.0,0.0,0.0,58,15
10,53,160,848,176,864,-1772.0,-1701.6,-562.6,-492.2,1,515,131840.0,219.0,7.3623,0.014,539.5857,3.0,0.0,3.0,0.0,0.0,0.0,0.0,4,2
11,53,176,848,192,864,-1701.6,-1631.2,-562.6,-492.2,1,511,130816.0,218.0,7.3434,0.0142,510.8681,5.0,0.0,5.0,0.0,0.0,0.0,0.0,8,4
12,53,192,848,208,864,-1631.2,-1560.8,-562.6,-492.2,1,509,130304.0,217.0,7.3434,0.0143,509.1594,3.0,0.0,3.0,0.0,0.0,0.0,0.0,4,2
13,53,208,848,224,864,-1560.8,-1490.4,-562.6,-492.2,1,506,129536.0,217.0,7.334,0.0145,498.1,4.0,2.0,2.0,0.0,0.0,0.0,0.0,6,3
14,53,224,848,240,864,-1490.4,-1420.0,-562.6,-492.2,1,504,129024.0,218.0,7.3184,0.0146,504.2176,8.0,1.0,7.0,2.0,0.0,0.0,0.0,12,5
15,53,240,848,256,864,-1420.0,-1349.6,-562.6,-492.2,1,497,127232.0,233.0,8.9375,0.0147,1422.4728,7.0,3.0,4.0,3.0,0.0,0.0,0.0,10,5
16,53,256,848,272,864,-1349.6,-1279.2,-562.6,-492.2,1,483,123648.0,246.0,8.9235,0.0149,1972.0789,52.0,3.0,49.0,43.0,0.0,0.0,0.0,96,36
17,53,272,848,288,864,-1279.2,-1208.8,-562.6,-492.2,1,446,114176.0,238.0,8.7285,0.015,1561.2215,106.0,1.0,105.0,87.0,0.0,0.0,0.0,184,57
18,53,288,848,304,864,-1208.8,-1138.4,-562.6,-492.2,1,389,99584.0,167.0,6.6987,0.0151,103.3646,136.0,0.0,136.0,111.0,0.0,0.0,0.0,206,61
19,53,304,848,320,864,-1138.4,-1068.0,-562.6,-492.2,1,359,91904.0,159.0,6.5933,0.0152,60.5914,2.0,0.0,2.0,1.0,0.0,0.0,0.0,4,2
20,53,320,848,336,864,-1068.0,-997.6,-562.6,-492.2,1,327,83712.0,138.0,6.4135,0.0153,20.7087,56.0,0.0,56.0,1.0,0.0,0.0,0.0,29,2
21,53,336,848,352,864,-997.6,-927.2,-562.6,-492.2,1,295,75520.0,116.0,5.4246,0.0152,3.6853,0.0,0.0,0.0,0.0,0.0,0.0,0.0,0,0
28,53,448,848,464,864,-504.8,-434.4,-562.6,-492.2,1,319,81664.0,232.0,9.0649,0.0167,1986.2788,494.0,2.0,492.0,459.0,0.0,0.0,0.0,160,45
29,53,464,848,480,864,-434.4,-364.0,-562.6,-492.2,1,323,82688.0,244.0,9.3208,0.0168,2021.9738,259.0,0.0,259.0,186.0,0.0,0.0,0.0,112,38
30,53,480,848,496,864,-364.0,-293.6,-562.6,-492.2,1,210,53760.0,139.0,6.4424,0.0168,41.3935,109.0,5.0,104.0,73.0,0.0,0.0,0.0,114,38
31,53,496,848,512,864,-293.6,-223.2,-562.6,-492.2,1,228,58368.0,144.0,6.4666,0.0167,26.7837,103.0,13.0,90.0,60.0,0.0,0.0,0.0,131,43
32,53,512,848,528,864,-223.2,-152.8,-562.6,-492.2,1,249,63744.0,150.0,6.5281,0.0166,24.4172,102.0,15.0,87.0,43.0,0.0,0.0,0.0,154,45
33,53,528,848,544,864,-152.8,-82.4,-562.6,-492.2,1,271,69376.0,162.0,6.6136,0.0166,39.3325,104.0,12.0,92.0,32.0,0.0,0.0,0.0,130,40
34,53,544,848,560,864,-82.4,-12.0,-562.6,-492.2,1,416,106496.0,256.0,8.2345,0.0165,1026.9856,112.0,8.0,104.0,48.0,0.0,0.0,0.0,150,52
35,53,560,848,576,864,-12.0,58.4,-562.6,-492.2,1,516,132096.0,276.0,9.5969,0.0165,1417.4245,263.0,14.0,249.0,174.0,0.0,0.0,0.0,318,75
36,53,576,848,592,864,58.4,128.8,-562.6,-492.2,1,530,135680.0,278.0,9.6726,0.0165,1538.0839,181.0,7.0,174.0,120.0,0.0,0.0,0.0,294,70
37,53,592,848,608,864,128.8,199.2,-562.6,-492.2,1,536,137216.0,279.0,9.7054,0.0164,1657.0596,104.0,5.0,99.0,74.0,0.0,0.0,0.0,166,55
38,53,608,848,624,864,199.2,269.6,-562.6,-492.2,1,532,136192.0,284.0,9.7054,0.0164,1731.9271,92.0,5.0,87.0,55.0,0.0,0.0,0.0,122,39
39,53,624,848,640,864,269.6,340.0,-562.6,-492.2,1,526,134656.0,289.0,9.689,0.0163,1785.2951,80.0,2.0,78.0,49.0,0.0,0.0,0.0,96,38
40,53,640,848,656,864,340.0,410.4,-562.6,-492.2,1,477,122112.0,280.0,9.3717,0.0162,1602.5764,51.0,0.0,51.0,42.0,0.0,0.0,0.0,58,22
4,54,64,864,80,880,-2194.4,-2124.0,-633.0,-562.6,1,436,111616.0,184.0,6.8429,0.0127,325.585,1.0,0.0,1.0,1.0,0.0,0.0,0.0,2,1
5,54,80,864,96,880,-2124.0,-2053.6,-633.0,-562.6,1,525,134400.0,214.0,7.394,0.013,610.931,5.0,0.0,5.0,1.0,0.0,0.0,0.0,6,2
6,54,96,864,112,880,-2053.6,-1983.2,-633.0,-562.6,1,527,134912.0,218.0,7.4004,0.0131,620.0858,5.0,0.0,5.0,0.0,0.0,0.0,0.0,6,2
7,54,112,864,128,880,-1983.2,-1912.8,-633.0,-562.6,1,527,134912.0,219.0,7.4004,0.0133,607.275,4.0,2.0,2.0,0.0,0.0,0.0,0.0,6,3
8,54,128,864,144,880,-1912.8,-1842.4,-633.0,-562.6,1,530,135680.0,219.0,7.41,0.0135,619.2511,11.0,5.0,6.0,0.0,0.0,0.0,0.0,18,7
9,54,144,864,160,880,-1842.4,-1772.0,-633.0,-562.6,1,532,136192.0,220.0,7.4164,0.0137,634.0369,22.0,1.0,21.0,3.0,0.0,0.0,0.0,30,11
10,54,160,864,176,880,-1772.0,-1701.6,-633.0,-562.6,1,528,135168.0,220.0,7.4036,0.0139,593.9479,10.0,1.0,9.0,1.0,0.0,0.0,0.0,18,7
11,54,176,864,192,880,-1701.6,-1631.2,-633.0,-562.6,1,527,134912.0,220.0,7.394,0.014,587.8111,7.0,0.0,7.0,1.0,0.0,0.0,0.0,12,6
12,54,192,864,208,880,-1631.2,-1560.8,-633.0,-562.6,1,527,134912.0,219.0,7.3972,0.0142,593.6826,4.0,0.0,4.0,0.0,0.0,0.0,0.0,6,3
13,54,208,864,224,880,-1560.8,-1490.4,-633.0,-562.6,1,528,135168.0,219.0,7.4036,0.0143,610.1589,4.0,0.0,4.0,0.0,0.0,0.0,0.0,6,3
14,54,224,864,240,880,-1490.4,-1420.0,-633.0,-562.6,1,526,134656.0,221.0,7.3876,0.0145,609.781,3.0,0.0,3.0,1.0,0.0,0.0,0.0,6,3
15,54,240,864,256,880,-1420.0,-1349.6,-633.0,-562.6,1,519,132864.0,225.0,8.8499,0.0146,878.7281,12.0,0.0,12.0,2.0,0.0,0.0,0.0,16,7
16,54,256,864,272,880,-1349.6,-1279.2,-633.0,-562.6,1,516,132096.0,242.0,9.0985,0.0148,1828.8966,16.0,1.0,15.0,9.0,0.0,0.0,0.0,30,14
17,54,272,864,288,880,-1279.2,-1208.8,-633.0,-562.6,1,494,126464.0,245.0,8.9702,0.0149,1846.3441,88.0,0.0,88.0,82.0,0.0,0.0,0.0,120,43
18,54,288,864,304,880,-1208.8,-1138.4,-633.0,-562.6,1,445,113920.0,185.0,6.8786,0.0151,218.5241,107.0,2.0,105.0,83.0,0.0,0.0,0.0,190,56
19,54,304,864,320,880,-1138.4,-1068.0,-633.0,-562.6,1,422,108032.0,180.0,6.8077,0.0152,162.6344,124.0,1.0,123.0,89.0,0.0,0.0,0.0,200,60
20,54,320,864,336,880,-1068.0,-997.6,-633.0,-562.6,1,392,100352.0,175.0,6.7145,0.0154,105.4944,29.0,0.0,29.0,1.0,0.0,0.0,0.0,30,3
21,54,336,864,352,880,-997.6,-927.2,-633.0,-562.6,1,345,88320.0,155.0,6.5555,0.0155,48.5561,2.0,0.0,2.0,0.0,0.0,0.0,0.0,2,1
28,54,448,864,464,880,-504.8,-434.4,-633.0,-562.6,1,353,90368.0,256.0,9.6238,0.0166,2698.5391,313.0,17.0,296.0,223.0,0.0,0.0,0.0,167,53
29,54,464,864,480,880,-434.4,-364.0,-633.0,-562.6,1,385,98560.0,285.0,9.8559,0.0166,3275.1814,140.0,2.0,138.0,120.0,0.0,0.0,0.0,90,30
30,54,480,864,496,880,-364.0,-293.6,-633.0,-562.6,1,298,76288.0,202.0,6.9934,0.0166,213.4536,190.0,1.0,189.0,109.0,0.0,0.0,0.0,78,28
31,54,496,864,512,880,-293.6,-223.2,-633.0,-562.6,1,303,77568.0,174.0,6.7014,0.0166,61.1577,58.0,2.0,56.0,25.0,0.0,0.0,0.0,84,33
32,54,512,864,528,880,-223.2,-152.8,-633.0,-562.6,1,328,83968.0,194.0,7.5567,0.0165,570.9652,100.0,14.0,86.0,51.0,0.0,0.0,0.0,126,44
33,54,528,864,544,880,-152.8,-82.4,-633.0,-562.6,1,418,107008.0,245.0,8.0795,0.0164,979.6183,158.0,25.0,133.0,83.0,0.0,0.0,0.0,218,58
34,54,544,864,560,880,-82.4,-12.0,-633.0,-562.6,1,532,136192.0,274.0,9.5489,0.0163,1801.8717,159.0,6.0,153.0,116.0,0.0,0.0,0.0,244,65
35,54,560,864,576,880,-12.0,58.4,-633.0,-562.6,1,555,142080.0,277.0,9.8164,0.0163,2009.688,81.0,13.0,68.0,47.0,0.0,0.0,0.0,116,38
36,54,576,864,592,880,58.4,128.8,-633.0,-562.6,1,558,142848.0,283.0,9.8389,0.0162,2049.954,108.0,7.0,101.0,74.0,0.0,0.0,0.0,168,52
37,54,592,864,608,880,128.8,199.2,-633.0,-562.6,1,559,143104.0,286.0,9.8615,0.0162,2145.8046,86.0,5.0,81.0,52.0,0.0,0.0,0.0,122,36
38,54,608,864,624,880,199.2,269.6,-633.0,-562.6,1,550,140800.0,287.0,9.8108,0.0161,2126.5837,52.0,3.0,49.0,29.0,0.0,0.0,0.0,76,27
39,54,624,864,640,880,269.6,340.0,-633.0,-562.6,1,537,137472.0,292.0,9.7551,0.016,2068.6768,55.0,2.0,53.0,33.0,0.0,0.0,0.0,74,29
40,54,640,864,656,880,340.0,410.4,-633.0,-562.6,1,410,104960.0,225.0,7.3876,0.0159,765.2309,760.0,0.0,760.0,651.0,0.0,0.0,0.0,114,44
3,55,48,880,64,896,-2264.8,-2194.4,-703.4,-633.0,1,402,102912.0,178.0,6.7514,0.0124,226.4376,1.0,0.0,1.0,0.0,0.0,0.0,0.0,2,1
4,55,64,880,80,896,-2194.4,-2124.0,-703.4,-633.0,1,499,127744.0,214.0,7.3121,0.0126,604.8137,1.0,0.0,1.0,0.0,0.0,0.0,0.0,2,1
5,55,80,880,96,896,-2124.0,-2053.6,-703.4,-633.0,1,527,134912.0,216.0,7.4004,0.0128,616.235,4.0,0.0,4.0,1.0,0.0,0.0,0.0,8,2
6,55,96,880,112,896,-2053.6,-1983.2,-703.4,-633.0,1,529,135424.0,217.0,7.4068,0.013,616.4973,5.0,0.0,5.0,1.0,0.0,0.0,0.0,8,2
7,55,112,880,128,896,-1983.2,-1912.8,-703.4,-633.0,1,534,136704.0,220.0,7.4228,0.0132,649.9424,1.0,0.0,1.0,0.0,0.0,0.0,0.0,2,1
8,55,128,880,144,896,-1912.8,-1842.4,-703.4,-633.0,1,535,136960.0,220.0,7.426,0.0134,649.3591,3.0,3.0,0.0,0.0,0.0,0.0,0.0,6,3
9,55,144,880,160,896,-1842.4,-1772.0,-703.4,-633.0,1,536,137216.0,221.0,7.4292,0.0135,647.5944,15.0,5.0,10.0,0.0,0.0,0.0,0.0,22,9
10,55,160,880,176,896,-1772.0,-1701.6,-703.4,-633.0,1,535,136960.0,221.0,7.426,0.0137,637.2095,9.0,3.0,6.0,0.0,0.0,0.0,0.0,18,8
11,55,176,880,192,896,-1701.6,-1631.2,-703.4,-633.0,1,533,136448.0,218.0,7.4132,0.0138,616.5893,14.0,4.0,10.0,0.0,0.0,0.0,0.0,20,8
12,55,192,880,208,896,-1631.2,-1560.8,-703.4,-633.0,1,536,137216.0,220.0,7.426,0.014,647.2196,23.0,3.0,20.0,3.0,0.0,0.0,0.0,28,11
13,55,208,880,224,896,-1560.8,-1490.4,-703.4,-633.0,1,537,137472.0,220.0,7.4324,0.0142,657.8507,14.0,4.0,10.0,2.0,0.0,0.0,0.0,22,9
14,55,224,880,240,896,-1490.4,-1420.0,-703.4,-633.0,1,535,136960.0,220.0,7.4164,0.0143,648.395,15.0,2.0,13.0,1.0,0.0,0.0,0.0,22,9
15,55,240,880,256,896,-1420.0,-1349.6,-703.4,-633.0,1,532,136192.0,221.0,7.4068,0.0145,657.5231,13.0,2.0,11.0,1.0,0.0,0.0,0.0,20,8
16,55,256,880,272,896,-1349.6,-1279.2,-703.4,-633.0,1,531,135936.0,242.0,9.1324,0.0146,1744.1037,10.0,1.0,9.0,0.0,0.0,0.0,0.0,18,7
17,55,272,880,288,896,-1279.2,-1208.8,-703.4,-633.0,1,523,133888.0,249.0,9.1178,0.0148,2078.7524,50.0,2.0,48.0,39.0,0.0,0.0,0.0,90,34
18,55,288,880,304,896,-1208.8,-1138.4,-703.4,-633.0,1,490,125440.0,229.0,8.8363,0.015,1252.2231,42.0,2.0,40.0,29.0,0.0,0.0,0.0,76,27
19,55,304,880,320,896,-1138.4,-1068.0,-703.4,-633.0,1,464,118784.0,185.0,6.9285,0.0151,257.6376,130.0,1.0,129.0,107.0,0.0,0.0,0.0,234,64
20,55,320,880,336,896,-1068.0,-997.6,-703.4,-633.0,1,456,116736.0,182.0,6.9035,0.0153,225.2678,140.0,0.0,140.0,94.0,0.0,0.0,0.0,242,67
21,55,336,880,352,896,-997.6,-927.2,-703.4,-633.0,1,447,114432.0,180.0,6.8758,0.0155,197.3207,3.0,0.0,3.0,0.0,0.0,0.0,0.0,2,1
22,55,352,880,368,896,-927.2,-856.8,-703.4,-633.0,1,428,109568.0,172.0,6.8212,0.0157,128.0622,9.0,0.0,9.0,0.0,0.0,0.0,0.0,2,1
23,55,368,880,384,896,-856.8,-786.4,-703.4,-633.0,1,349,89344.0,154.0,6.5832,0.0158,26.6885,4.0,1.0,3.0,1.0,0.0,0.0,0.0,8,4
24,55,384,880,400,896,-786.4,-716.0,-703.4,-633.0,1,317,81152.0,146.0,6.4935,0.0159,14.3889,6.0,1.0,5.0,1.0,0.0,0.0,0.0,8,4
25,55,400,880,416,896,-716.0,-645.6,-703.4,-633.0,1,314,80384.0,153.0,6.5933,0.0161,24.8172,9.0,2.0,7.0,4.0,0.0,0.0,0.0,12,6
26,55,416,880,432,896,-645.6,-575.2,-703.4,-633.0,1,335,85760.0,165.0,6.7461,0.0162,56.0191,15.0,0.0,15.0,15.0,0.0,0.0,0.0,28,13
27,55,432,880,448,896,-575.2,-504.8,-703.4,-633.0,1,342,87552.0,169.0,6.7647,0.0164,65.4878,99.0,2.0,97.0,87.0,0.0,0.0,0.0,112,41
28,55,448,880,464,896,-504.8,-434.4,-703.4,-633.0,1,491,125696.0,296.0,10.437,0.0164,6433.5942,170.0,1.0,169.0,145.0,0.0,0.0,0.0,196,62
29,55,464,880,480,896,-434.4,-364.0,-703.4,-633.0,1,482,123392.0,304.0,10.4434,0.0164,5672.63,85.0,0.0,85.0,59.0,0.0,0.0,0.0,124,42
30,55,480,880,496,896,-364.0,-293.6,-703.4,-633.0,1,378,96768.0,236.0,7.5767,0.0164,786.6105,74.0,0.0,74.0,53.0,0.0,0.0,0.0,116,39
31,55,496,880,512,896,-293.6,-223.2,-703.4,-633.0,1,381,97536.0,228.0,7.8974,0.0164,670.2402,84.0,1.0,83.0,64.0,0.0,0.0,0.0,138,46
32,55,512,880,528,896,-223.2,-152.8,-703.4,-633.0,1,437,111872.0,244.0,8.1485,0.0163,1110.2821,137.0,0.0,137.0,108.0,0.0,0.0,0.0,226,68
33,55,528,880,544,896,-152.8,-82.4,-703.4,-633.0,1,522,133632.0,273.0,9.5013,0.0162,1957.2393,149.0,3.0,146.0,126.0,0.0,0.0,0.0,250,62
34,55,544,880,560,896,-82.4,-12.0,-703.4,-633.0,1,570,145920.0,281.0,9.9242,0.0161,2329.9653,112.0,1.0,111.0,88.0,0.0,0.0,0.0,170,51
35,55,560,880,576,896,-12.0,58.4,-703.4,-633.0,1,571,146176.0,281.0,9.907,0.016,2290.9335,163.0,22.0,141.0,110.0,0.0,0.0,0.0,222,60
36,55,576,880,592,896,58.4,128.8,-703.4,-633.0,1,574,146944.0,284.0,9.93,0.016,2382.0308,145.0,5.0,140.0,108.0,0.0,0.0,0.0,186,52
37,55,592,880,608,896,128.8,199.2,-703.4,-633.0,1,567,145152.0,288.0,9.907,0.0159,2338.7078,75.0,2.0,73.0,50.0,0.0,0.0,0.0,124,43
38,55,608,880,624,896,199.2,269.6,-703.4,-633.0,1,555,142080.0,291.0,9.8559,0.0158,2321.4947,74.0,0.0,74.0,55.0,0.0,0.0,0.0,111,39
39,55,624,880,640,896,269.6,340.0,-703.4,-633.0,1,510,130560.0,286.0,9.5489,0.0157,2040.3397,73.0,0.0,73.0,56.0,0.0,0.0,0.0,116,43
40,55,640,880,656,896,340.0,410.4,-703.4,-633.0,1,397,101632.0,222.0,7.3466,0.0156,689.9929,177.0,121.0,56.0,45.0,0.0,0.0,0.0,73,27
41,55,656,880,672,896,410.4,480.8,-703.4,-633.0,1,316,80896.0,156.0,6.5907,0.0154,60.6243,50.0,5.0,45.0,22.0,0.0,0.0,0.0,21,3
3,56,48,896,64,912,-2264.8,-2194.4,-773.8,-703.4,1,439,112384.0,184.0,6.8511,0.0123,336.4769,1.0,0.0,1.0,0.0,0.0,0.0,0.0,2,1
4,56,64,896,80,912,-2194.4,-2124.0,-773.8,-703.4,1,516,132096.0,214.0,7.3655,0.0125,622.0825,2.0,0.0,2.0,0.0,0.0,0.0,0.0,2,1
5,56,80,896,96,912,-2124.0,-2053.6,-773.8,-703.4,1,534,136704.0,218.0,7.4228,0.0127,667.8344,6.0,0.0,6.0,0.0,0.0,0.0,0.0,10,2
6,56,96,896,112,912,-2053.6,-1983.2,-773.8,-703.4,1,536,137216.0,221.0,7.4292,0.0128,668.9476,5.0,0.0,5.0,1.0,0.0,0.0,0.0,8,1
7,56,112,896,128,912,-1983.2,-1912.8,-773.8,-703.4,1,537,137472.0,221.0,7.4324,0.013,667.0138,7.0,0.0,7.0,1.0,0.0,0.0,0.0,12,2
8,56,128,896,144,912,-1912.8,-1842.4,-773.8,-703.4,1,540,138240.0,221.0,7.4421,0.0132,682.1422,12.0,0.0,12.0,1.0,0.0,0.0,0.0,14,2
9,56,144,896,160,912,-1842.4,-1772.0,-773.8,-703.4,1,541,138496.0,222.0,7.4453,0.0133,686.1585,13.0,1.0,12.0,1.0,0.0,0.0,0.0,22,5
10,56,160,896,176,912,-1772.0,-1701.6,-773.8,-703.4,1,541,138496.0,222.0,7.4453,0.0135,680.8664,11.0,3.0,8.0,1.0,0.0,0.0,0.0,18,5
11,56,176,896,192,912,-1701.6,-1631.2,-773.8,-703.4,1,540,138240.0,219.0,7.4356,0.0137,664.3302,6.0,1.0,5.0,1.0,0.0,0.0,0.0,10,3
12,56,192,896,208,912,-1631.2,-1560.8,-773.8,-703.4,1,543,139008.0,221.0,7.4485,0.0138,697.08,4.0,1.0,3.0,1.0,0.0,0.0,0.0,8,4
13,56,208,896,224,912,-1560.8,-1490.4,-773.8,-703.4,1,544,139264.0,221.0,7.4583,0.014,706.7025,7.0,2.0,5.0,0.0,0.0,0.0,0.0,8,3
14,56,224,896,240,912,-1490.4,-1420.0,-773.8,-703.4,1,545,139520.0,221.0,7.4615,0.0142,718.7716,6.0,3.0,3.0,0.0,0.0,0.0,0.0,10,4
15,56,240,896,256,912,-1420.0,-1349.6,-773.8,-703.4,1,538,137728.0,223.0,7.4292,0.0143,680.4256,4.0,2.0,2.0,0.0,0.0,0.0,0.0,8,3
16,56,256,896,272,912,-1349.6,-1279.2,-773.8,-703.4,1,542,138752.0,242.0,9.1911,0.0145,1730.2456,7.0,2.0,5.0,0.0,0.0,0.0,0.0,12,5
17,56,272,896,288,912,-1279.2,-1208.8,-773.8,-703.4,1,537,137472.0,253.0,9.2058,0.0147,2425.2937,16.0,3.0,13.0,3.0,0.0,0.0,0.0,24,10
18,56,288,896,304,912,-1208.8,-1138.4,-773.8,-703.4,1,512,131072.0,249.0,9.0458,0.0149,2002.3834,5749.0,2.0,5747.0,103.0,0.0,0.0,0.0,132,64
19,56,304,896,320,912,-1138.4,-1068.0,-773.8,-703.4,1,481,123136.0,188.0,6.9821,0.015,312.7301,54.0,2.0,52.0,37.0,0.0,0.0,0.0,96,38
20,56,320,896,336,912,-1068.0,-997.6,-773.8,-703.4,1,475,121600.0,188.0,6.9594,0.0152,285.9546,130.0,2.0,128.0,92.0,0.0,0.0,0.0,234,70
21,56,336,896,352,912,-997.6,-927.2,-773.8,-703.4,1,470,120320.0,192.0,7.0654,0.0154,291.002,3886.0,2.0,3884.0,182.0,0.0,0.0,0.0,323,84
22,56,352,896,368,912,-927.2,-856.8,-773.8,-703.4,1,466,119296.0,199.0,7.1329,0.0156,285.18,4192.0,3.0,4189.0,157.0,0.0,0.0,0.0,317,87
23,56,368,896,384,912,-856.8,-786.4,-773.8,-703.4,1,461,118016.0,196.0,7.1477,0.0157,261.9706,160.0,5.0,155.0,115.0,0.0,0.0,0.0,283,74
24,56,384,896,400,912,-786.4,-716.0,-773.8,-703.4,1,424,108544.0,184.0,7.0049,0.0159,148.4613,167.0,2.0,165.0,127.0,0.0,0.0,0.0,298,75
25,56,400,896,416,912,-716.0,-645.6,-773.8,-703.4,1,395,101120.0,179.0,6.9257,0.016,111.6716,5175.0,3.0,5172.0,180.0,0.0,0.0,0.0,326,83
26,56,416,896,432,912,-645.6,-575.2,-773.8,-703.4,1,387,99072.0,176.0,6.8951,0.0161,110.3367,225.0,3.0,222.0,173.0,0.0,0.0,0.0,360,79
27,56,432,896,448,912,-575.2,-504.8,-773.8,-703.4,1,385,98560.0,188.0,6.9007,0.0162,154.3293,5873.0,3.0,5870.0,210.0,0.0,0.0,0.0,342,83
28,56,448,896,464,912,-504.8,-434.4,-773.8,-703.4,1,520,133120.0,303.0,10.6243,0.0162,7223.1313,196.0,2.0,194.0,146.0,0.0,0.0,0.0,302,77
29,56,464,896,480,912,-434.4,-364.0,-773.8,-703.4,1,510,130560.0,312.0,10.6309,0.0162,6225.9201,206.0,3.0,203.0,165.0,0.0,0.0,0.0,334,81
30,56,480,896,496,912,-364.0,-293.6,-773.8,-703.4,1,433,110848.0,299.0,8.412,0.0162,1512.9111,4193.0,2.0,4191.0,255.0,0.0,0.0,0.0,351,82
31,56,496,896,512,912,-293.6,-223.2,-773.8,-703.4,1,448,114688.0,250.0,8.2227,0.0161,1184.4433,195.0,4.0,191.0,155.0,0.0,0.0,0.0,350,77
32,56,512,896,528,912,-223.2,-152.8,-773.8,-703.4,1,515,131840.0,277.0,9.4908,0.0161,2023.9254,180.0,5.0,175.0,128.0,0.0,0.0,0.0,310,75
33,56,528,896,544,912,-152.8,-82.4,-773.8,-703.4,1,574,146944.0,283.0,9.9761,0.016,2537.173,255.0,6.0,249.0,93.0,0.0,0.0,0.0,248,65
34,56,544,896,560,912,-82.4,-12.0,-773.8,-703.4,1,580,148480.0,281.0,9.9819,0.0159,2520.699,161.0,22.0,139.0,86.0,0.0,0.0,0.0,204,58
35,56,560,896,576,912,-12.0,58.4,-773.8,-703.4,1,581,148736.0,286.0,9.9935,0.0157,2537.01,97.0,23.0,74.0,43.0,0.0,0.0,0.0,128,42
36,56,576,896,592,912,58.4,128.8,-773.8,-703.4,1,581,148736.0,289.0,10.011,0.0157,2601.6646,38.0,2.0,36.0,20.0,0.0,0.0,0.0,60,25
37,56,592,896,608,912,128.8,199.2,-773.8,-703.4,1,574,146944.0,292.0,9.9645,0.0156,2617.941,23.0,0.0,23.0,9.0,0.0,0.0,0.0,36,17
38,56,608,896,624,912,199.2,269.6,-773.8,-703.4,1,553,141568.0,292.0,9.8445,0.0155,2391.3775,13.0,0.0,13.0,1.0,0.0,0.0,0.0,8,4
39,56,624,896,640,912,269.6,340.0,-773.8,-703.4,1,466,119296.0,235.0,7.5734,0.0154,1060.3626,8.0,0.0,8.0,1.0,0.0,0.0,0.0,6,3
40,56,640,896,656,912,340.0,410.4,-773.8,-703.4,1,396,101376.0,220.0,7.3371,0.0153,688.4716,0.0,0.0,0.0,0.0,0.0,0.0,0.0,0,0
41,56,656,896,672,912,410.4,480.8,-773.8,-703.4,1,346,88576.0,182.0,6.9035,0.0151,221.5059,13.0,2.0,11.0,5.0,0.0,0.0,0.0,18,3
3,57,48,912,64,928,-2264.8,-2194.4,-844.2,-773.8,1,471,120576.0,202.0,7.2199,0.0121,500.7806,4.0,0.0,4.0,0.0,0.0,0.0,0.0,2,1
4,57,64,912,80,928,-2194.4,-2124.0,-844.2,-773.8,1,525,134400.0,214.0,7.3972,0.0123,654.9165,3.0,0.0,3.0,0.0,0.0,0.0,0.0,6,1
5,57,80,912,96,928,-2124.0,-2053.6,-844.2,-773.8,1,535,136960.0,216.0,7.4292,0.0125,676.1706,7.0,0.0,7.0,0.0,0.0,0.0,0.0,8,2
6,57,96,912,112,928,-2053.6,-1983.2,-844.2,-773.8,1,538,137728.0,221.0,7.4389,0.0127,686.2945,2.0,0.0,2.0,0.0,0.0,0.0,0.0,4,1
7,57,112,912,128,928,-1983.2,-1912.8,-844.2,-773.8,1,538,137728.0,221.0,7.4389,0.0128,676.5588,8.0,0.0,8.0,0.0,0.0,0.0,0.0,8,1
8,57,128,912,144,928,-1912.8,-1842.4,-844.2,-773.8,1,543,139008.0,221.0,7.455,0.013,705.0816,10.0,0.0,10.0,0.0,0.0,0.0,0.0,6,1
9,57,144,912,160,928,-1842.4,-1772.0,-844.2,-773.8,1,545,139520.0,222.0,7.4615,0.0132,717.8203,9.0,0.0,9.0,0.0,0.0,0.0,0.0,10,2
10,57,160,912,176,928,-1772.0,-1701.6,-844.2,-773.8,1,542,138752.0,221.0,7.4518,0.0133,687.5087,13.0,1.0,12.0,1.0,0.0,0.0,0.0,18,4
11,57,176,912,192,928,-1701.6,-1631.2,-844.2,-773.8,1,543,139008.0,221.0,7.4485,0.0135,689.3675,17.0,3.0,14.0,0.0,0.0,0.0,0.0,22,5
12,57,192,912,208,928,-1631.2,-1560.8,-844.2,-773.8,1,546,139776.0,223.0,7.4615,0.0137,723.0808,8.0,3.0,5.0,0.0,0.0,0.0,0.0,12,4
13,57,208,912,224,928,-1560.8,-1490.4,-844.2,-773.8,1,549,140544.0,223.0,7.4745,0.0138,746.206,5.0,1.0,4.0,0.0,0.0,0.0,0.0,10,3
14,57,224,912,240,928,-1490.4,-1420.0,-844.2,-773.8,1,550,140800.0,223.0,7.4777,0.014,760.7859,4.0,0.0,4.0,0.0,0.0,0.0,0.0,6,3
15,57,240,912,256,928,-1420.0,-1349.6,-844.2,-773.8,1,545,139520.0,225.0,7.4518,0.0142,732.7168,4.0,1.0,3.0,0.0,0.0,0.0,0.0,8,4
16,57,256,912,272,928,-1349.6,-1279.2,-844.2,-773.8,1,549,140544.0,241.0,9.3462,0.0143,1576.8756,10.0,2.0,8.0,0.0,0.0,0.0,0.0,12,5
17,57,272,912,288,928,-1279.2,-1208.8,-844.2,-773.8,1,544,139264.0,257.0,9.3922,0.0145,2177.9336,9.0,2.0,7.0,0.0,0.0,0.0,0.0,18,5
18,57,288,912,304,928,-1208.8,-1138.4,-844.2,-773.8,1,535,136960.0,267.0,9.4076,0.0147,2205.8104,5908.0,2.0,5906.0,68.0,0.0,0.0,0.0,61,44
19,57,304,912,320,928,-1138.4,-1068.0,-844.2,-773.8,1,506,129536.0,222.0,8.3506,0.0149,791.2611,3725.0,1.0,3724.0,65.0,0.0,0.0,0.0,80,47
20,57,320,912,336,928,-1068.0,-997.6,-844.2,-773.8,1,499,127744.0,208.0,7.2565,0.0151,471.1205,4627.0,2.0,4625.0,91.0,0.0,0.0,0.0,117,55
21,57,336,912,352,928,-997.6,-927.2,-844.2,-773.8,1,499,127744.0,209.0,7.2688,0.0152,486.5068,115.0,1.0,114.0,100.0,1.0,1.0,0.0,144,53
22,57,352,912,368,928,-927.2,-856.8,-844.2,-773.8,1,491,125696.0,205.0,7.2412,0.0154,421.4608,87.0,1.0,86.0,76.0,0.0,0.0,0.0,156,53
23,57,368,912,384,928,-856.8,-786.4,-844.2,-773.8,1,480,122880.0,202.0,7.2138,0.0155,363.2343,5069.0,1.0,5068.0,143.0,0.0,0.0,0.0,211,69
24,57,384,912,400,928,-786.4,-716.0,-844.2,-773.8,1,475,121600.0,198.0,7.1957,0.0157,342.7309,3723.0,2.0,3721.0,140.0,0.0,0.0,0.0,221,73
25,57,400,912,416,928,-716.0,-645.6,-844.2,-773.8,1,451,115456.0,190.0,7.0946,0.0158,239.2513,3860.0,1.0,3859.0,146.0,0.0,0.0,0.0,226,75
26,57,416,912,432,928,-645.6,-575.2,-844.2,-773.8,1,429,109824.0,187.0,7.0278,0.0159,200.4363,120.0,2.0,118.0,104.0,0.0,0.0,0.0,206,68
27,57,432,912,448,928,-575.2,-504.8,-844.2,-773.8,1,420,107520.0,203.0,7.0509,0.016,292.2368,111.0,2.0,109.0,95.0,0.0,0.0,0.0,178,59
28,57,448,912,464,928,-504.8,-434.4,-844.2,-773.8,1,551,141056.0,312.0,10.8458,0.0159,8202.0321,5685.0,5.0,5680.0,121.0,0.0,0.0,0.0,165,61
29,57,464,912,480,928,-434.4,-364.0,-844.2,-773.8,1,559,143104.0,366.0,11.3251,0.0159,8011.0511,8533.0,4.0,8529.0,159.0,0.0,0.0,0.0,183,72
30,57,480,912,496,928,-364.0,-293.6,-844.2,-773.8,1,506,129536.0,349.0,10.7845,0.0159,3226.2691,144.0,5.0,139.0,110.0,0.0,0.0,0.0,172,53
31,57,496,912,512,928,-293.6,-223.2,-844.2,-773.8,1,516,132096.0,277.0,8.7731,0.0159,2281.1114,66.0,6.0,60.0,41.0,0.0,0.0,0.0,102,36
32,57,512,912,528,928,-223.2,-152.8,-844.2,-773.8,1,565,144640.0,286.0,9.7996,0.0158,2629.3625,110.0,2.0,108.0,36.0,0.0,0.0,0.0,51,21
33,57,528,912,544,928,-152.8,-82.4,-844.2,-773.8,1,588,150528.0,287.0,10.0579,0.0157,2726.4608,20.0,1.0,19.0,13.0,0.0,0.0,0.0,34,14
34,57,544,912,560,928,-82.4,-12.0,-844.2,-773.8,1,590,151040.0,288.0,10.0462,0.0156,2748.7421,14.0,5.0,9.0,5.0,0.0,0.0,0.0,16,7
35,57,560,912,576,928,-12.0,58.4,-844.2,-773.8,1,585,149760.0,287.0,10.0169,0.0155,2714.7254,13.0,0.0,13.0,5.0,0.0,0.0,0.0,20,8
36,57,576,912,592,928,58.4,128.8,-844.2,-773.8,1,585,149760.0,291.0,10.0344,0.0154,2712.9903,7.0,0.0,7.0,2.0,0.0,0.0,0.0,10,5
37,57,592,912,608,928,128.8,199.2,-844.2,-773.8,1,572,146432.0,296.0,9.9761,0.0153,2684.274,7.0,0.0,7.0,1.0,0.0,0.0,0.0,8,3
38,57,608,912,624,928,199.2,269.6,-844.2,-773.8,1,531,135936.0,286.0,9.6617,0.0152,2356.6546,2.0,0.0,2.0,2.0,0.0,0.0,0.0,2,1
39,57,624,912,640,928,269.6,340.0,-844.2,-773.8,1,452,115712.0,228.0,7.5269,0.0151,953.8938,0.0,0.0,0.0,0.0,0.0,0.0,0.0,0,0
40,57,640,912,656,928,340.0,410.4,-844.2,-773.8,1,399,102144.0,208.0,7.2078,0.015,641.0365,0.0,0.0,0.0,0.0,0.0,0.0,0.0,0,0
41,57,656,912,672,928,410.4,480.8,-844.2,-773.8,1,366,93696.0,185.0,6.9651,0.0148,313.865,5.0,3.0,2.0,2.0,0.0,0.0,0.0,4,2
3,58,48,928,64,944,-2264.8,-2194.4,-914.6,-844.2,1,497,127232.0,214.0,7.309,0.012,638.3084,1.0,0.0,1.0,0.0,0.0,0.0,0.0,2,1
4,58,64,928,80,944,-2194.4,-2124.0,-914.6,-844.2,1,531,135936.0,216.0,7.4164,0.0122,689.4664,6.0,0.0,6.0,0.0,0.0,0.0,0.0,10,1
5,58,80,928,96,944,-2124.0,-2053.6,-914.6,-844.2,1,539,137984.0,218.0,7.4421,0.0123,710.2535,4.0,0.0,4.0,0.0,0.0,0.0,0.0,4,1
6,58,96,928,112,944,-2053.6,-1983.2,-914.6,-844.2,1,541,138496.0,221.0,7.4485,0.0125,711.1205,0.0,0.0,0.0,0.0,0.0,0.0,0.0,0,0
7,58,112,928,128,944,-1983.2,-1912.8,-914.6,-844.2,1,542,138752.0,221.0,7.4518,0.0127,700.3672,0.0,0.0,0.0,0.0,0.0,0.0,0.0,0,0
8,58,128,928,144,944,-1912.8,-1842.4,-914.6,-844.2,1,545,139520.0,221.0,7.4615,0.0128,724.9776,0.0,0.0,0.0,0.0,0.0,0.0,0.0,0,0
9,58,144,928,160,944,-1842.4,-1772.0,-914.6,-844.2,1,549,140544.0,224.0,7.4745,0.013,754.2609,5.0,0.0,5.0,0.0,0.0,0.0,0.0,4,1
10,58,160,928,176,944,-1772.0,-1701.6,-914.6,-844.2,1,546,139776.0,223.0,7.4647,0.0132,722.1331,6.0,0.0,6.0,0.0,0.0,0.0,0.0,8,2
11,58,176,928,192,944,-1701.6,-1631.2,-914.6,-844.2,1,547,140032.0,221.0,7.4615,0.0133,728.5083,3.0,0.0,3.0,0.0,0.0,0.0,0.0,6,3
12,58,192,928,208,944,-1631.2,-1560.8,-914.6,-844.2,1,552,141312.0,227.0,7.6103,0.0135,820.1908,2.0,0.0,2.0,0.0,0.0,0.0,0.0,4,2
13,58,208,928,224,944,-1560.8,-1490.4,-914.6,-844.2,1,553,141568.0,230.0,7.6171,0.0137,843.6602,4.0,1.0,3.0,0.0,0.0,0.0,0.0,8,4
14,58,224,928,240,944,-1490.4,-1420.0,-914.6,-844.2,1,559,143104.0,238.0,7.7233,0.0138,941.8176,6.0,5.0,1.0,0.0,0.0,0.0,0.0,4,2
15,58,240,928,256,944,-1420.0,-1349.6,-914.6,-844.2,1,554,141824.0,239.0,7.7025,0.014,891.7797,2.0,1.0,1.0,0.0,0.0,0.0,0.0,4,2
16,58,256,928,272,944,-1349.6,-1279.2,-914.6,-844.2,1,559,143104.0,244.0,7.7372,0.0142,987.2886,2.0,0.0,2.0,0.0,0.0,0.0,0.0,4,2
17,58,272,928,288,944,-1279.2,-1208.8,-914.6,-844.2,1,560,143360.0,267.0,9.6184,0.0143,2387.6363,6.0,1.0,5.0,0.0,0.0,0.0,0.0,6,3
18,58,288,928,304,944,-1208.8,-1138.4,-914.6,-844.2,1,553,141568.0,270.0,9.5595,0.0145,2313.7587,16.0,2.0,14.0,3.0,0.0,0.0,0.0,14,6
19,58,304,928,320,944,-1138.4,-1068.0,-914.6,-844.2,1,535,136960.0,261.0,9.3411,0.0147,1987.2428,9.0,2.0,7.0,4.0,0.0,0.0,0.0,16,6
20,58,320,928,336,944,-1068.0,-997.6,-914.6,-844.2,1,512,131072.0,211.0,7.3153,0.0149,578.9052,10.0,1.0,9.0,4.0,0.0,0.0,0.0,14,6
21,58,336,928,352,944,-997.6,-927.2,-914.6,-844.2,1,509,130304.0,211.0,7.3059,0.015,575.5142,11.0,1.0,10.0,4.0,0.0,0.0,0.0,20,8
22,58,352,928,368,944,-927.2,-856.8,-914.6,-844.2,1,504,129024.0,208.0,7.2904,0.0152,544.4158,15.0,1.0,14.0,9.0,0.0,0.0,0.0,28,13
23,58,368,928,384,944,-856.8,-786.4,-914.6,-844.2,1,495,126720.0,206.0,7.2596,0.0153,471.9038,19.0,1.0,18.0,14.0,0.0,0.0,0.0,34,17
24,58,384,928,400,944,-786.4,-716.0,-914.6,-844.2,1,488,124928.0,203.0,7.2382,0.0155,428.0493,36.0,2.0,34.0,28.0,0.0,0.0,0.0,52,19
25,58,400,928,416,944,-716.0,-645.6,-914.6,-844.2,1,481,123136.0,199.0,7.2351,0.0156,411.016,33.0,1.0,32.0,23.0,0.0,0.0,0.0,54,19
26,58,416,928,432,944,-645.6,-575.2,-914.6,-844.2,1,469,120064.0,199.0,7.1776,0.0156,370.3424,48.0,3.0,45.0,27.0,0.0,0.0,0.0,68,24
27,58,432,928,448,944,-575.2,-504.8,-914.6,-844.2,1,476,121856.0,266.0,7.9046,0.0157,2516.189,45.0,1.0,44.0,24.0,1.0,1.0,0.0,58,22
28,58,448,928,464,944,-504.8,-434.4,-914.6,-844.2,1,602,154112.0,367.0,11.5849,0.0157,10768.9777,23.0,0.0,23.0,11.0,0.0,0.0,0.0,42,14
29,58,464,928,480,944,-434.4,-364.0,-914.6,-844.2,1,608,155648.0,380.0,11.6954,0.0156,9517.1233,24.0,0.0,24.0,16.0,0.0,0.0,0.0,40,14
30,58,480,928,496,944,-364.0,-293.6,-914.6,-844.2,1,572,146432.0,381.0,11.3777,0.0156,4868.3461,43.0,0.0,43.0,13.0,0.0,0.0,0.0,39,14
31,58,496,928,512,944,-293.6,-223.2,-914.6,-844.2,1,574,146944.0,301.0,9.9819,0.0156,3114.6837,21.0,6.0,15.0,7.0,0.0,0.0,0.0,28,12
32,58,512,928,528,944,-223.2,-152.8,-914.6,-844.2,1,601,153856.0,296.0,10.2135,0.0155,3155.5066,23.0,12.0,11.0,5.0,0.0,0.0,0.0,24,9
33,58,528,928,544,944,-152.8,-82.4,-914.6,-844.2,1,601,153856.0,290.0,10.1411,0.0154,3037.0375,13.0,6.0,7.0,4.0,0.0,0.0,0.0,16,7
34,58,544,928,560,944,-82.4,-12.0,-914.6,-844.2,1,599,153344.0,294.0,10.1351,0.0153,3009.974,26.0,1.0,25.0,4.0,0.0,0.0,0.0,14,7
35,58,560,928,576,944,-12.0,58.4,-914.6,-844.2,1,594,152064.0,295.0,10.0934,0.0152,2929.9871,4.0,0.0,4.0,2.0,0.0,0.0,0.0,6,3
36,58,576,928,592,944,58.4,128.8,-914.6,-844.2,1,589,150784.0,298.0,10.0756,0.0151,2985.0326,2.0,0.0,2.0,2.0,0.0,0.0,0.0,2,1
37,58,592,928,608,944,128.8,199.2,-914.6,-844.2,1,571,146176.0,298.0,9.9703,0.015,2727.0726,4.0,0.0,4.0,1.0,0.0,0.0,0.0,6,2
38,58,608,928,624,944,199.2,269.6,-914.6,-844.2,1,496,126976.0,241.0,7.6887,0.015,1267.705,0.0,0.0,0.0,0.0,0.0,0.0,0.0,0,0
39,58,624,928,640,944,269.6,340.0,-914.6,-844.2,1,448,114688.0,227.0,7.5105,0.0148,965.8891,0.0,0.0,0.0,0.0,0.0,0.0,0.0,0,0
40,58,640,928,656,944,340.0,410.4,-914.6,-844.2,1,403,103168.0,201.0,7.2199,0.0147,646.716,3.0,3.0,0.0,0.0,0.0,0.0,0.0,2,1
41,58,656,928,672,944,410.4,480.8,-914.6,-844.2,1,377,96512.0,187.0,6.9963,0.0145,359.1442,0.0,0.0,0.0,0.0,0.0,0.0,0.0,0,0
3,59,48,944,64,960,-2264.8,-2194.4,-985.0,-914.6,1,506,129536.0,214.0,7.3371,0.0118,634.8689,6.0,0.0,6.0,0.0,0.0,0.0,0.0,8,1
4,59,64,944,80,960,-2194.4,-2124.0,-985.0,-914.6,1,531,135936.0,217.0,7.4164,0.012,702.389,6.0,0.0,6.0,0.0,0.0,0.0,0.0,8,1
5,59,80,944,96,960,-2124.0,-2053.6,-985.0,-914.6,1,540,138240.0,220.0,7.4453,0.0122,712.1981,9.0,0.0,9.0,0.0,0.0,0.0,0.0,8,2
6,59,96,944,112,960,-2053.6,-1983.2,-985.0,-914.6,1,542,138752.0,223.0,7.4518,0.0123,722.3333,2.0,0.0,2.0,0.0,0.0,0.0,0.0,2,1
7,59,112,944,128,960,-1983.2,-1912.8,-985.0,-914.6,1,544,139264.0,227.0,7.5868,0.0125,766.6359,1.0,0.0,1.0,0.0,0.0,0.0,0.0,2,1
8,59,128,944,144,960,-1912.8,-1842.4,-985.0,-914.6,1,551,141056.0,230.0,7.6103,0.0127,840.7912,4.0,0.0,4.0,0.0,0.0,0.0,0.0,4,1
9,59,144,944,160,960,-1842.4,-1772.0,-985.0,-914.6,1,549,140544.0,230.0,7.6036,0.0128,811.2586,3.0,0.0,3.0,0.0,0.0,0.0,0.0,4,1
10,59,160,944,176,960,-1772.0,-1701.6,-985.0,-914.6,1,552,141312.0,234.0,7.6922,0.013,854.6715,0.0,0.0,0.0,0.0,0.0,0.0,0.0,0,0
11,59,176,944,192,960,-1701.6,-1631.2,-985.0,-914.6,1,555,142080.0,235.0,7.7025,0.0131,865.8173,0.0,0.0,0.0,0.0,0.0,0.0,0.0,0,0
12,59,192,944,208,960,-1631.2,-1560.8,-985.0,-914.6,1,559,143104.0,239.0,7.7198,0.0133,934.2073,2.0,0.0,2.0,0.0,0.0,0.0,0.0,2,1
13,59,208,944,224,960,-1560.8,-1490.4,-985.0,-914.6,1,565,144640.0,242.0,7.7652,0.0135,1034.6847,1.0,0.0,1.0,0.0,0.0,0.0,0.0,2,1
14,59,224,944,240,960,-1490.4,-1420.0,-985.0,-914.6,1,568,145408.0,242.0,7.7793,0.0136,1105.7938,3.0,0.0,3.0,0.0,0.0,0.0,0.0,4,2
15,59,240,944,256,960,-1420.0,-1349.6,-985.0,-914.6,1,565,144640.0,242.0,7.7758,0.0138,1100.157,5.0,1.0,4.0,0.0,0.0,0.0,0.0,8,4
16,59,256,944,272,960,-1349.6,-1279.2,-985.0,-914.6,1,569,145664.0,244.0,7.7899,0.014,1200.2909,4.0,2.0,2.0,0.0,0.0,0.0,0.0,4,2
17,59,272,944,288,960,-1279.2,-1208.8,-985.0,-914.6,1,565,144640.0,258.0,9.6077,0.0142,1909.1599,1.0,0.0,1.0,0.0,0.0,0.0,0.0,2,1
18,59,288,944,304,960,-1208.8,-1138.4,-985.0,-914.6,1,564,144384.0,274.0,9.6292,0.0143,2963.5035,2.0,1.0,1.0,0.0,0.0,0.0,0.0,4,2
19,59,304,944,320,960,-1138.4,-1068.0,-985.0,-914.6,1,545,139520.0,272.0,9.5119,0.0145,2556.5135,2.0,1.0,1.0,0.0,0.0,0.0,0.0,4,2
20,59,320,944,336,960,-1068.0,-997.6,-985.0,-914.6,1,523,133888.0,213.0,7.3591,0.0147,729.746,2.0,1.0,1.0,0.0,0.0,0.0,0.0,4,2
21,59,336,944,352,960,-997.6,-927.2,-985.0,-914.6,1,512,131072.0,211.0,7.3184,0.0148,630.4642,4.0,2.0,2.0,0.0,0.0,0.0,0.0,4,2
22,59,352,944,368,960,-927.2,-856.8,-985.0,-914.6,1,510,130560.0,211.0,7.3121,0.015,631.2406,4.0,1.0,3.0,0.0,0.0,0.0,0.0,6,3
23,59,368,944,384,960,-856.8,-786.4,-985.0,-914.6,1,504,129024.0,207.0,7.2935,0.0151,573.3498,3.0,0.0,3.0,1.0,0.0,0.0,0.0,6,3
24,59,384,944,400,960,-786.4,-716.0,-985.0,-914.6,1,496,126976.0,206.0,7.2935,0.0152,528.8119,3.0,0.0,3.0,1.0,0.0,0.0,0.0,6,3
25,59,400,944,416,960,-716.0,-645.6,-985.0,-914.6,1,497,127232.0,206.0,7.3059,0.0153,588.7633,6.0,0.0,6.0,2.0,0.0,0.0,0.0,8,4
26,59,416,944,432,960,-645.6,-575.2,-985.0,-914.6,1,496,126976.0,222.0,8.1952,0.0153,1258.1227,8.0,1.0,7.0,5.0,0.0,0.0,0.0,14,6
27,59,432,944,448,960,-575.2,-504.8,-985.0,-914.6,1,548,140288.0,352.0,10.8733,0.0154,5677.6399,5.0,0.0,5.0,3.0,0.0,0.0,0.0,10,5
28,59,448,944,464,960,-504.8,-434.4,-985.0,-914.6,1,646,165376.0,377.0,11.9394,0.0154,13079.7248,8.0,0.0,8.0,4.0,0.0,0.0,0.0,14,7
29,59,464,944,480,960,-434.4,-364.0,-985.0,-914.6,1,659,168704.0,389.0,12.1164,0.0154,12036.368,13.0,0.0,13.0,7.0,0.0,0.0,0.0,20,9
30,59,480,944,496,960,-364.0,-293.6,-985.0,-914.6,1,642,164352.0,409.0,11.9727,0.0153,7736.8817,14.0,1.0,13.0,7.0,0.0,0.0,0.0,24,10
31,59,496,944,512,960,-293.6,-223.2,-985.0,-914.6,1,605,154880.0,318.0,10.3489,0.0153,3798.7345,16.0,1.0,15.0,4.0,0.0,0.0,0.0,16,8
32,59,512,944,528,960,-223.2,-152.8,-985.0,-914.6,1,618,158208.0,301.0,10.3365,0.0152,3649.1627,27.0,25.0,2.0,1.0,0.0,0.0,0.0,10,3
33,59,528,944,544,960,-152.8,-82.4,-985.0,-914.6,1,615,157440.0,299.0,10.2746,0.0152,3524.6809,3.0,0.0,3.0,2.0,0.0,0.0,0.0,6,3
34,59,544,944,560,960,-82.4,-12.0,-985.0,-914.6,1,608,155648.0,296.0,10.1893,0.0151,3323.2238,8.0,0.0,8.0,1.0,0.0,0.0,0.0,8,3
35,59,560,944,576,960,-12.0,58.4,-985.0,-914.6,1,600,153600.0,300.0,10.1591,0.015,3237.9578,0.0,0.0,0.0,0.0,0.0,0.0,0.0,0,0
36,59,576,944,592,960,58.4,128.8,-985.0,-914.6,1,591,151296.0,300.0,10.0934,0.0148,3156.0069,0.0,0.0,0.0,0.0,0.0,0.0,0.0,0,0
37,59,592,944,608,960,128.8,199.2,-985.0,-914.6,1,551,141056.0,292.0,9.7996,0.0148,2783.9702,3.0,0.0,3.0,0.0,0.0,0.0,0.0,4,1
38,59,608,944,624,960,199.2,269.6,-985.0,-914.6,1,489,125184.0,241.0,7.6681,0.0147,1293.9907,2.0,2.0,0.0,0.0,0.0,0.0,0.0,2,1
39,59,624,944,640,960,269.6,340.0,-985.0,-914.6,1,446,114176.0,229.0,7.517,0.0146,963.9682,3.0,3.0,0.0,0.0,0.0,0.0,0.0,2,1
40,59,640,944,656,960,340.0,410.4,-985.0,-914.6,1,405,103680.0,199.0,7.2565,0.0144,652.431,0.0,0.0,0.0,0.0,0.0,0.0,0.0,0,0
41,59,656,944,672,960,410.4,480.8,-985.0,-914.6,1,386,98816.0,190.0,7.022,0.0143,419.6493,0.0,0.0,0.0,0.0,0.0,0.0,0.0,0,0
3,60,48,960,64,976,-2264.8,-2194.4,-1055.4,-985.0,1,516,132096.0,220.0,7.4941,0.0117,742.3518,1.0,0.0,1.0,0.0,0.0,0.0,0.0,2,1
4,60,64,960,80,976,-2194.4,-2124.0,-1055.4,-985.0,1,535,136960.0,224.0,7.5567,0.0118,806.6883,2.0,0.0,2.0,0.0,0.0,0.0,0.0,2,1
5,60,80,960,96,976,-2124.0,-2053.6,-1055.4,-985.0,1,541,138496.0,226.0,7.5767,0.012,790.0288,1.0,0.0,1.0,0.0,0.0,0.0,0.0,2,1
6,60,96,960,112,976,-2053.6,-1983.2,-1055.4,-985.0,1,548,140288.0,235.0,7.6853,0.0122,860.9976,3.0,0.0,3.0,0.0,0.0,0.0,0.0,6,1
7,60,112,960,128,976,-1983.2,-1912.8,-1055.4,-985.0,1,552,141312.0,236.0,7.6991,0.0123,877.0237,5.0,0.0,5.0,0.0,0.0,0.0,0.0,6,1
8,60,128,960,144,976,-1912.8,-1842.4,-1055.4,-985.0,1,557,142592.0,238.0,7.7198,0.0125,953.7203,2.0,0.0,2.0,0.0,0.0,0.0,0.0,2,1
9,60,144,960,160,976,-1842.4,-1772.0,-1055.4,-985.0,1,558,142848.0,239.0,7.7303,0.0126,952.9898,1.0,0.0,1.0,0.0,0.0,0.0,0.0,2,1
10,60,160,960,176,976,-1772.0,-1701.6,-1055.4,-985.0,1,560,143360.0,239.0,7.7442,0.0128,992.7672,1.0,0.0,1.0,0.0,0.0,0.0,0.0,2,1
11,60,176,960,192,976,-1701.6,-1631.2,-1055.4,-985.0,1,561,143616.0,239.0,7.7477,0.013,1020.4736,4.0,0.0,4.0,0.0,0.0,0.0,0.0,4,1
12,60,192,960,208,976,-1631.2,-1560.8,-1055.4,-985.0,1,567,145152.0,243.0,7.7828,0.0131,1139.4584,2.0,0.0,2.0,0.0,0.0,0.0,0.0,4,1
13,60,208,960,224,976,-1560.8,-1490.4,-1055.4,-985.0,1,572,146432.0,243.0,7.8076,0.0133,1221.2827,2.0,0.0,2.0,0.0,0.0,0.0,0.0,4,2
14,60,224,960,240,976,-1490.4,-1420.0,-1055.4,-985.0,1,573,146688.0,243.0,7.8111,0.0135,1255.1812,3.0,0.0,3.0,0.0,0.0,0.0,0.0,3,2
15,60,240,960,256,976,-1420.0,-1349.6,-1055.4,-985.0,1,567,145152.0,241.0,7.7828,0.0136,1178.6064,0.0,0.0,0.0,0.0,0.0,0.0,0.0,0,0
16,60,256,960,272,976,-1349.6,-1279.2,-1055.4,-985.0,1,567,145152.0,243.0,7.7828,0.0138,1214.8643,3.0,0.0,3.0,0.0,0.0,0.0,0.0,4,2
17,60,272,960,288,976,-1279.2,-1208.8,-1055.4,-985.0,1,566,144896.0,259.0,9.5862,0.014,2066.2058,3.0,1.0,2.0,0.0,0.0,0.0,0.0,6,3
18,60,288,960,304,976,-1208.8,-1138.4,-1055.4,-985.0,1,567,145152.0,267.0,9.6563,0.0141,2606.638,8.0,5.0,3.0,0.0,1.0,1.0,0.0,6,3
19,60,304,960,320,976,-1138.4,-1068.0,-1055.4,-985.0,1,551,141056.0,270.0,9.5436,0.0143,2639.3173,4.0,1.0,3.0,0.0,0.0,0.0,0.0,6,3
20,60,320,960,336,976,-1068.0,-997.6,-1055.4,-985.0,1,527,134912.0,235.0,8.5588,0.0144,1446.6972,2.0,0.0,2.0,0.0,0.0,0.0,0.0,4,2
21,60,336,960,352,976,-997.6,-927.2,-1055.4,-985.0,1,517,132352.0,211.0,7.3371,0.0146,748.6781,3.0,0.0,3.0,0.0,0.0,0.0,0.0,4,2
22,60,352,960,368,976,-927.2,-856.8,-1055.4,-985.0,1,514,131584.0,211.0,7.3528,0.0147,786.2075,5.0,0.0,5.0,0.0,0.0,0.0,0.0,4,2
23,60,368,960,384,976,-856.8,-786.4,-1055.4,-985.0,1,506,129536.0,209.0,7.3277,0.0148,702.9384,4.0,1.0,3.0,0.0,0.0,0.0,0.0,6,3
24,60,384,960,400,976,-786.4,-716.0,-1055.4,-985.0,1,501,128256.0,208.0,7.3215,0.0149,690.3169,5.0,1.0,4.0,0.0,0.0,0.0,0.0,6,3
25,60,400,960,416,976,-716.0,-645.6,-1055.4,-985.0,1,507,129792.0,233.0,8.3344,0.015,2235.8295,10.0,6.0,4.0,0.0,0.0,0.0,0.0,8,4
26,60,416,960,432,976,-645.6,-575.2,-1055.4,-985.0,1,525,134400.0,265.0,8.4785,0.015,3400.6618,6.0,2.0,4.0,0.0,0.0,0.0,0.0,8,4
27,60,432,960,448,976,-575.2,-504.8,-1055.4,-985.0,1,594,152064.0,378.0,11.3777,0.0151,10586.3005,9.0,3.0,6.0,3.0,0.0,0.0,0.0,10,5
28,60,448,960,464,976,-504.8,-434.4,-1055.4,-985.0,1,694,177664.0,389.0,12.3517,0.0151,20178.9255,7.0,2.0,5.0,1.0,0.0,0.0,0.0,10,5
29,60,464,960,480,976,-434.4,-364.0,-1055.4,-985.0,1,718,183808.0,416.0,12.6895,0.0151,17290.5635,5.0,4.0,1.0,0.0,0.0,0.0,0.0,6,3
30,60,480,960,496,976,-364.0,-293.6,-1055.4,-985.0,1,677,173312.0,416.0,12.2898,0.015,10001.5901,10.0,1.0,9.0,9.0,0.0,0.0,0.0,14,5
31,60,496,960,512,976,-293.6,-223.2,-1055.4,-985.0,1,639,163584.0,328.0,10.5655,0.015,4894.9833,3.0,1.0,2.0,2.0,0.0,0.0,0.0,6,3
32,60,512,960,528,976,-223.2,-152.8,-1055.4,-985.0,1,631,161536.0,307.0,10.4561,0.0149,4312.3502,5.0,2.0,3.0,3.0,0.0,0.0,0.0,6,3
33,60,528,960,544,976,-152.8,-82.4,-1055.4,-985.0,1,618,158208.0,302.0,10.2931,0.0149,3743.7039,6.0,1.0,5.0,0.0,0.0,0.0,0.0,8,3
34,60,544,960,560,976,-82.4,-12.0,-1055.4,-985.0,1,609,155904.0,303.0,10.2318,0.0148,3619.5784,2.0,1.0,1.0,1.0,0.0,0.0,0.0,4,2
35,60,560,960,576,976,-12.0,58.4,-1055.4,-985.0,1,599,153344.0,305.0,10.1893,0.0147,3545.5595,2.0,2.0,0.0,0.0,0.0,0.0,0.0,2,1
36,60,576,960,592,976,58.4,128.8,-1055.4,-985.0,1,586,150016.0,307.0,10.0993,0.0146,3244.0039,1.0,1.0,0.0,0.0,0.0,0.0,0.0,2,1
37,60,592,960,608,976,128.8,199.2,-1055.4,-985.0,1,516,132096.0,247.0,7.7617,0.0145,1537.1939,30.0,3.0,27.0,0.0,0.0,0.0,0.0,4,2
38,60,608,960,624,976,199.2,269.6,-1055.4,-985.0,1,476,121856.0,237.0,7.6238,0.0144,1250.2686,1.0,1.0,0.0,0.0,0.0,0.0,0.0,2,1
39,60,624,960,640,976,269.6,340.0,-1055.4,-985.0,1,439,112384.0,229.0,7.4973,0.0143,965.9542,0.0,0.0,0.0,0.0,0.0,0.0,0.0,0,0
40,60,640,960,656,976,340.0,410.4,-1055.4,-985.0,1,401,102656.0,197.0,7.08,0.0141,522.7754,0.0,0.0,0.0,0.0,0.0,0.0,0.0,0,0
41,60,656,960,672,976,410.4,480.8,-1055.4,-985.0,1,378,96768.0,192.0,7.0134,0.014,384.357,0.0,0.0,0.0,0.0,0.0,0.0,0.0,0,0
9,61,144,976,160,992,-1842.4,-1772.0,-1125.8,-1055.4,1,561,143616.0,239.0,7.7547,0.0125,1136.3841,0.0,0.0,0.0,0.0,0.0,0.0,0.0,0,0
10,61,160,976,176,992,-1772.0,-1701.6,-1125.8,-1055.4,1,566,144896.0,240.0,7.7793,0.0126,1177.8447,0.0,0.0,0.0,0.0,0.0,0.0,0.0,0,0
11,61,176,976,192,992,-1701.6,-1631.2,-1125.8,-1055.4,1,568,145408.0,240.0,7.7863,0.0128,1211.7849,0.0,0.0,0.0,0.0,0.0,0.0,0.0,0,0
12,61,192,976,208,992,-1631.2,-1560.8,-1125.8,-1055.4,1,571,146176.0,242.0,7.797,0.0129,1241.4928,0.0,0.0,0.0,0.0,0.0,0.0,0.0,0,0
13,61,208,976,224,992,-1560.8,-1490.4,-1125.8,-1055.4,1,574,146944.0,243.0,7.8147,0.0131,1281.8937,0.0,0.0,0.0,0.0,0.0,0.0,0.0,0,0
14,61,224,976,240,992,-1490.4,-1420.0,-1125.8,-1055.4,1,573,146688.0,244.0,7.8183,0.0133,1340.4599,0.0,0.0,0.0,0.0,0.0,0.0,0.0,0,0
15,61,240,976,256,992,-1420.0,-1349.6,-1125.8,-1055.4,1,570,145920.0,242.0,7.8005,0.0134,1321.2247,0.0,0.0,0.0,0.0,0.0,0.0,0.0,0,0
16,61,256,976,272,992,-1349.6,-1279.2,-1125.8,-1055.4,1,572,146432.0,243.0,7.8076,0.0136,1498.0222,0.0,0.0,0.0,0.0,0.0,0.0,0.0,0,0
17,61,272,976,288,992,-1279.2,-1208.8,-1125.8,-1055.4,1,567,145152.0,250.0,9.6023,0.0137,2035.6502,0.0,0.0,0.0,0.0,0.0,0.0,0.0,0,0
18,61,288,976,304,992,-1208.8,-1138.4,-1125.8,-1055.4,1,564,144384.0,265.0,9.6563,0.0139,2544.0301,0.0,0.0,0.0,0.0,0.0,0.0,0.0,0,0
19,61,304,976,320,992,-1138.4,-1068.0,-1125.8,-1055.4,1,553,141568.0,269.0,9.5702,0.014,2679.7661,0.0,0.0,0.0,0.0,0.0,0.0,0.0,0,0
20,61,320,976,336,992,-1068.0,-997.6,-1125.8,-1055.4,1,539,137984.0,266.0,9.4908,0.0142,2881.3682,0.0,0.0,0.0,0.0,0.0,0.0,0.0,0,0
21,61,336,976,352,992,-997.6,-927.2,-1125.8,-1055.4,1,515,131840.0,212.0,7.3623,0.0143,906.3369,0.0,0.0,0.0,0.0,0.0,0.0,0.0,0,0
22,61,352,976,368,992,-927.2,-856.8,-1125.8,-1055.4,1,506,129536.0,211.0,7.3309,0.0144,885.9487,0.0,0.0,0.0,0.0,0.0,0.0,0.0,0,0
23,61,368,976,384,992,-856.8,-786.4,-1125.8,-1055.4,1,501,128256.0,211.0,7.3246,0.0145,955.0615,0.0,0.0,0.0,0.0,0.0,0.0,0.0,0,0
24,61,384,976,400,992,-786.4,-716.0,-1125.8,-1055.4,1,502,128512.0,241.0,8.3628,0.0146,4580.2032,0.0,0.0,0.0,0.0,0.0,0.0,0.0,0,0
25,61,400,976,416,992,-716.0,-645.6,-1125.8,-1055.4,1,505,129280.0,260.0,8.3873,0.0147,4714.1477,0.0,0.0,0.0,0.0,0.0,0.0,0.0,0,0
26,61,416,976,432,992,-645.6,-575.2,-1125.8,-1055.4,1,500,128000.0,267.0,8.4079,0.0147,6693.9542,0.0,0.0,0.0,0.0,0.0,0.0,0.0,0,0
30,61,480,976,496,992,-364.0,-293.6,-1125.8,-1055.4,1,536,137216.0,407.0,11.1704,0.0147,9584.1206,5.0,0.0,5.0,5.0,0.0,0.0,0.0,8,4
31,61,496,976,512,992,-293.6,-223.2,-1125.8,-1055.4,1,561,143616.0,332.0,10.1053,0.0147,5129.605,7.0,0.0,7.0,7.0,0.0,0.0,0.0,14,5
32,61,512,976,528,992,-223.2,-152.8,-1125.8,-1055.4,1,572,146432.0,305.0,10.0934,0.0146,4205.4676,3.0,0.0,3.0,0.0,0.0,0.0,0.0,2,1
33,61,528,976,544,992,-152.8,-82.4,-1125.8,-1055.4,1,578,147968.0,306.0,10.1172,0.0146,3955.7193,4.0,0.0,4.0,2.0,0.0,0.0,0.0,4,2
34,61,544,976,560,992,-82.4,-12.0,-1125.8,-1055.4,1,573,146688.0,303.0,10.0403,0.0145,3655.8738,0.0,0.0,0.0,0.0,0.0,0.0,0.0,0,0
35,61,560,976,576,992,-12.0,58.4,-1125.8,-1055.4,1,560,143360.0,304.0,9.9588,0.0144,3248.3686,0.0,0.0,0.0,0.0,0.0,0.0,0.0,0,0
36,61,576,976,592,992,58.4,128.8,-1125.8,-1055.4,1,536,137216.0,297.0,9.7606,0.0143,3153.9591,0.0,0.0,0.0,0.0,0.0,0.0,0.0,0,0
37,61,592,976,608,992,128.8,199.2,-1125.8,-1055.4,1,480,122880.0,241.0,7.6476,0.0142,1406.2621,0.0,0.0,0.0,0.0,0.0,0.0,0.0,0,0
30,62,480,992,496,1008,-364.0,-293.6,-1196.2,-1125.8,1,441,112896.0,325.0,9.6726,0.0144,4111.8189,89.0,0.0,89.0,41.0,0.0,0.0,0.0,22,6
31,62,496,992,512,1008,-293.6,-223.2,-1196.2,-1125.8,1,432,110592.0,323.0,9.4076,0.0144,3936.3774,21.0,0.0,21.0,5.0,0.0,0.0,0.0,26,5
32,62,512,992,528,1008,-223.2,-152.8,-1196.2,-1125.8,1,480,122880.0,299.0,9.5969,0.0143,3993.9585,27.0,0.0,27.0,1.0,0.0,0.0,0.0,8,2
33,62,528,992,544,1008,-152.8,-82.4,-1196.2,-1125.8,1,502,128512.0,299.0,9.6835,0.0143,3756.4946,0.0,0.0,0.0,0.0,0.0,0.0,0.0,0,0
34,62,544,992,560,1008,-82.4,-12.0,-1196.2,-1125.8,1,508,130048.0,299.0,9.689,0.0142,3428.5952,0.0,0.0,0.0,0.0,0.0,0.0,0.0,0,0
35,62,560,992,576,1008,-12.0,58.4,-1196.2,-1125.8,1,505,129280.0,299.0,9.64,0.0141,2972.1807,0.0,0.0,0.0,0.0,0.0,0.0,0.0,0,0
36,62,576,992,592,1008,58.4,128.8,-1196.2,-1125.8,1,458,117248.0,245.0,7.5901,0.014,1664.2944,0.0,0.0,0.0,0.0,0.0,0.0,0.0,0,0
37,62,592,992,608,1008,128.8,199.2,-1196.2,-1125.8,1,419,107264.0,236.0,7.4615,0.0139,1266.8407,0.0,0.0,0.0,0.0,0.0,0.0,0.0,0,0
