col,row,px_left,px_top,px_right,px_bottom,world_x_min,world_x_max,world_y_min,world_y_max,walkable,connectivity,isovist_area_px,isovist_perimeter,integration_hh_t,integration_hh_m,choice_t,occ_all,occ_ct,occ_t,occ_early,kills,kills_ct,kills_t,flow,visits_rounds
5,1,80,16,96,32,-2124.0,-2053.6,3098.2,3168.6,1,225,57600.0,131.0,5.5779,0.0117,52.2697,376.0,181.0,195.0,0.0,0.0,0.0,0.0,41,10
6,1,96,16,112,32,-2053.6,-1983.2,3098.2,3168.6,1,208,53248.0,119.0,5.5135,0.0118,31.8091,18.0,0.0,18.0,0.0,1.0,0.0,1.0,7,3
5,2,80,32,96,48,-2124.0,-2053.6,3027.8,3098.2,1,270,69120.0,163.0,6.3098,0.0119,109.7533,701.0,367.0,334.0,0.0,3.0,1.0,2.0,130,22
6,2,96,32,112,48,-2053.6,-1983.2,3027.8,3098.2,1,234,59904.0,129.0,5.587,0.012,44.4885,33.0,6.0,27.0,0.0,1.0,0.0,1.0,30,11
7,2,112,32,128,48,-1983.2,-1912.8,3027.8,3098.2,1,204,52224.0,117.0,5.5064,0.0121,29.7483,1.0,0.0,1.0,0.0,0.0,0.0,0.0,2,1
8,2,128,32,144,48,-1912.8,-1842.4,3027.8,3098.2,1,154,39424.0,110.0,5.4195,0.0122,15.08,0.0,0.0,0.0,0.0,0.0,0.0,0.0,0,0
50,2,800,32,816,48,1044.0,1114.4,3027.8,3098.2,1,294,75264.0,157.0,6.2729,0.0127,28.4904,1046.0,764.0,282.0,27.0,0.0,0.0,0.0,106,23
51,2,816,32,832,48,1114.4,1184.8,3027.8,3098.2,1,324,82944.0,165.0,6.3659,0.0127,51.3127,346.0,290.0,56.0,0.0,1.0,1.0,0.0,109,22
52,2,832,32,848,48,1184.8,1255.2,3027.8,3098.2,1,368,94208.0,196.0,7.3028,0.0126,410.8119,55.0,33.0,22.0,0.0,1.0,1.0,0.0,37,14
53,2,848,32,864,48,1255.2,1325.6,3027.8,3098.2,1,380,97280.0,193.0,6.7355,0.0124,143.776,90.0,85.0,5.0,0.0,0.0,0.0,0.0,16,6
54,2,864,32,880,48,1325.6,1396.0,3027.8,3098.2,1,401,102656.0,206.0,7.375,0.0123,212.3039,28.0,25.0,3.0,0.0,2.0,2.0,0.0,11,3
55,2,880,32,896,48,1396.0,1466.4,3027.8,3098.2,1,429,109824.0,225.0,7.4941,0.0121,294.7095,0.0,0.0,0.0,0.0,0.0,0.0,0.0,0,0
56,2,896,32,912,48,1466.4,1536.8,3027.8,3098.2,1,450,115200.0,224.0,7.5634,0.012,350.5393,0.0,0.0,0.0,0.0,0.0,0.0,0.0,0,0
57,2,912,32,928,48,1536.8,1607.2,3027.8,3098.2,1,454,116224.0,225.0,7.5767,0.0118,374.4257,0.0,0.0,0.0,0.0,0.0,0.0,0.0,0,0
5,3,80,48,96,64,-2124.0,-2053.6,2957.4,3027.8,1,358,91648.0,199.0,6.8566,0.0121,231.2826,1016.0,752.0,264.0,9.0,3.0,3.0,0.0,242,34
6,3,96,48,112,64,-2053.6,-1983.2,2957.4,3027.8,1,304,77824.0,168.0,6.3944,0.0122,126.2856,146.0,84.0,62.0,2.0,0.0,0.0,0.0,123,28
7,3,112,48,128,64,-1983.2,-1912.8,2957.4,3027.8,1,244,62464.0,135.0,5.6291,0.0124,50.1494,118.0,28.0,90.0,0.0,0.0,0.0,0.0,37,7
8,3,128,48,144,64,-1912.8,-1842.4,2957.4,3027.8,1,186,47616.0,114.0,5.4748,0.0125,24.554,26.0,0.0,26.0,0.0,0.0,0.0,0.0,6,1
50,3,800,48,816,64,1044.0,1114.4,2957.4,3027.8,1,300,76800.0,158.0,6.2867,0.013,33.338,391.0,165.0,226.0,8.0,0.0,0.0,0.0,120,30
51,3,816,48,832,64,1114.4,1184.8,2957.4,3027.8,1,352,90112.0,197.0,7.2382,0.0129,374.7322,203.0,190.0,13.0,10.0,1.0,1.0,0.0,77,20
52,3,832,48,848,64,1184.8,1255.2,2957.4,3027.8,1,390,99840.0,193.0,6.7621,0.0128,154.7113,45.0,28.0,17.0,0.0,1.0,0.0,1.0,48,18
53,3,848,48,864,64,1255.2,1325.6,2957.4,3027.8,1,420,107520.0,227.0,7.4647,0.0127,255.5925,45.0,18.0,27.0,0.0,0.0,0.0,0.0,40,14
54,3,864,48,880,64,1325.6,1396.0,2957.4,3027.8,1,457,116992.0,228.0,7.5868,0.0125,346.4677,117.0,104.0,13.0,0.0,1.0,1.0,0.0,32,10
55,3,880,48,896,64,1396.0,1466.4,2957.4,3027.8,1,464,118784.0,227.0,7.6103,0.0123,366.7999,13.0,4.0,9.0,0.0,0.0,0.0,0.0,16,5
56,3,896,48,912,64,1466.4,1536.8,2957.4,3027.8,1,464,118784.0,226.0,7.6103,0.0122,367.6006,7.0,2.0,5.0,0.0,0.0,0.0,0.0,6,3
57,3,912,48,928,64,1536.8,1607.2,2957.4,3027.8,1,466,119296.0,227.0,7.6171,0.012,394.74,0.0,0.0,0.0,0.0,0.0,0.0,0.0,0,0
5,4,80,64,96,80,-2124.0,-2053.6,2887.0,2957.4,1,380,97280.0,200.0,6.9313,0.0122,258.6845,2445.0,2295.0,150.0,38.0,13.0,9.0,4.0,526,55
6,4,96,64,112,80,-2053.6,-1983.2,2887.0,2957.4,1,379,97024.0,198.0,6.9257,0.0124,228.2657,854.0,834.0,20.0,66.0,3.0,3.0,0.0,591,56
7,4,112,64,128,80,-1983.2,-1912.8,2887.0,2957.4,1,377,96512.0,198.0,6.9229,0.0126,223.2645,98.0,69.0,29.0,10.0,1.0,0.0,1.0,141,50
8,4,128,64,144,80,-1912.8,-1842.4,2887.0,2957.4,1,306,78336.0,168.0,6.4015,0.0127,126.6775,13.0,0.0,13.0,0.0,0.0,0.0,0.0,5,2
50,4,800,64,816,80,1044.0,1114.4,2887.0,2957.4,1,317,81152.0,164.0,6.3494,0.0133,50.4379,159.0,100.0,59.0,5.0,0.0,0.0,0.0,122,34
51,4,816,64,832,80,1114.4,1184.8,2887.0,2957.4,1,392,100352.0,204.0,6.7834,0.0132,164.9253,113.0,64.0,49.0,2.0,2.0,0.0,2.0,91,32
52,4,832,64,848,80,1184.8,1255.2,2887.0,2957.4,1,461,118016.0,229.0,7.6002,0.0131,349.8622,66.0,29.0,37.0,0.0,0.0,0.0,0.0,74,23
53,4,848,64,864,80,1255.2,1325.6,2887.0,2957.4,1,472,120832.0,231.0,7.6374,0.0129,367.188,153.0,122.0,31.0,0.0,1.0,0.0,1.0,66,18
54,4,864,64,880,80,1325.6,1396.0,2887.0,2957.4,1,476,121856.0,228.0,7.651,0.0127,363.0483,71.0,34.0,37.0,0.0,0.0,0.0,0.0,65,19
55,4,880,64,896,80,1396.0,1466.4,2887.0,2957.4,1,480,122880.0,228.0,7.6647,0.0125,380.559,18.0,3.0,15.0,0.0,0.0,0.0,0.0,22,6
56,4,896,64,912,80,1466.4,1536.8,2887.0,2957.4,1,479,122624.0,227.0,7.6613,0.0124,396.0998,3.0,2.0,1.0,0.0,0.0,0.0,0.0,4,2
57,4,912,64,928,80,1536.8,1607.2,2887.0,2957.4,1,478,122368.0,229.0,7.6578,0.0122,425.8713,0.0,0.0,0.0,0.0,0.0,0.0,0.0,0,0
5,5,80,80,96,96,-2124.0,-2053.6,2816.6,2887.0,1,387,99072.0,200.0,6.951,0.0124,256.1061,0.0,0.0,0.0,0.0,0.0,0.0,0.0,0,0
6,5,96,80,112,96,-2053.6,-1983.2,2816.6,2887.0,1,386,98816.0,198.0,6.9482,0.0126,225.5535,30.0,17.0,13.0,0.0,0.0,0.0,0.0,44,15
7,5,112,80,128,96,-1983.2,-1912.8,2816.6,2887.0,1,385,98560.0,197.0,6.9453,0.0128,223.6688,236.0,209.0,27.0,10.0,0.0,0.0,0.0,272,69
8,5,128,80,144,96,-1912.8,-1842.4,2816.6,2887.0,1,386,98816.0,198.0,6.9482,0.013,232.2096,199.0,194.0,5.0,30.0,0.0,0.0,0.0,211,59
9,5,144,80,160,96,-1842.4,-1772.0,2816.6,2887.0,1,382,97792.0,198.0,6.9369,0.0131,211.4573,233.0,229.0,4.0,53.0,0.0,0.0,0.0,213,61
10,5,160,80,176,96,-1772.0,-1701.6,2816.6,2887.0,1,370,94720.0,195.0,6.8979,0.0133,178.3528,265.0,262.0,3.0,53.0,0.0,0.0,0.0,212,68
11,5,176,80,192,96,-1701.6,-1631.2,2816.6,2887.0,1,359,91904.0,189.0,6.8703,0.0135,159.1705,2181.0,2140.0,41.0,297.0,3.0,2.0,1.0,1056,114
12,5,192,80,208,96,-1631.2,-1560.8,2816.6,2887.0,1,346,88576.0,177.0,6.611,0.0136,151.6575,1753.0,1712.0,41.0,212.0,3.0,2.0,1.0,1585,112
13,5,208,80,224,96,-1560.8,-1490.4,2816.6,2887.0,1,335,85760.0,180.0,6.5806,0.0138,180.3205,682.0,665.0,17.0,152.0,0.0,0.0,0.0,793,103
50,5,800,80,816,96,1044.0,1114.4,2816.6,2887.0,1,447,114432.0,239.0,7.8793,0.0136,553.4173,361.0,273.0,88.0,5.0,1.0,0.0,1.0,130,45
51,5,816,80,832,96,1114.4,1184.8,2816.6,2887.0,1,478,122368.0,232.0,7.6578,0.0135,372.6245,165.0,98.0,67.0,0.0,2.0,2.0,0.0,154,47
52,5,832,80,848,96,1184.8,1255.2,2816.6,2887.0,1,488,124928.0,231.0,7.6922,0.0133,377.8446,108.0,46.0,62.0,0.0,5.0,3.0,2.0,112,41
53,5,848,80,864,96,1255.2,1325.6,2816.6,2887.0,1,488,124928.0,233.0,7.6922,0.0131,373.5567,63.0,47.0,16.0,0.0,2.0,0.0,2.0,33,13
54,5,864,80,880,96,1325.6,1396.0,2816.6,2887.0,1,490,125440.0,231.0,7.6991,0.0129,387.4369,30.0,3.0,27.0,0.0,0.0,0.0,0.0,32,10
55,5,880,80,896,96,1396.0,1466.4,2816.6,2887.0,1,491,125696.0,232.0,7.7025,0.0127,401.7464,29.0,4.0,25.0,0.0,0.0,0.0,0.0,44,15
56,5,896,80,912,96,1466.4,1536.8,2816.6,2887.0,1,490,125440.0,230.0,7.6991,0.0126,416.6295,7.0,2.0,5.0,0.0,0.0,0.0,0.0,10,4
57,5,912,80,928,96,1536.8,1607.2,2816.6,2887.0,1,485,124160.0,230.0,7.6818,0.0124,418.0259,0.0,0.0,0.0,0.0,0.0,0.0,0.0,0,0
5,6,80,96,96,112,-2124.0,-2053.6,2746.2,2816.6,1,392,100352.0,203.0,6.9707,0.0126,281.6727,0.0,0.0,0.0,0.0,0.0,0.0,0.0,0,0
6,6,96,96,112,112,-2053.6,-1983.2,2746.2,2816.6,1,392,100352.0,201.0,6.9679,0.0128,235.5154,25.0,11.0,14.0,0.0,0.0,0.0,0.0,27,10
7,6,112,96,128,112,-1983.2,-1912.8,2746.2,2816.6,1,393,100608.0,200.0,6.9679,0.013,237.3486,77.0,60.0,17.0,0.0,0.0,0.0,0.0,74,31
8,6,128,96,144,112,-1912.8,-1842.4,2746.2,2816.6,1,392,100352.0,200.0,6.9651,0.0132,233.1135,116.0,111.0,5.0,6.0,0.0,0.0,0.0,142,47
9,6,144,96,160,112,-1842.4,-1772.0,2746.2,2816.6,1,390,99840.0,199.0,6.9594,0.0133,223.8021,147.0,135.0,12.0,12.0,1.0,1.0,0.0,167,56
10,6,160,96,176,112,-1772.0,-1701.6,2746.2,2816.6,1,385,98560.0,200.0,6.9453,0.0135,205.8437,306.0,296.0,10.0,17.0,0.0,0.0,0.0,181,62
11,6,176,96,192,112,-1701.6,-1631.2,2746.2,2816.6,1,379,97024.0,197.0,6.9397,0.0137,185.0649,364.0,324.0,40.0,34.0,1.0,0.0,1.0,382,105
12,6,192,96,208,112,-1631.2,-1560.8,2746.2,2816.6,1,371,94976.0,194.0,6.9174,0.0139,158.1586,1135.0,1108.0,27.0,83.0,0.0,0.0,0.0,451,85
13,6,208,96,224,112,-1560.8,-1490.4,2746.2,2816.6,1,367,93952.0,193.0,6.9313,0.014,260.9339,673.0,594.0,79.0,82.0,0.0,0.0,0.0,693,108
14,6,224,96,240,112,-1490.4,-1420.0,2746.2,2816.6,1,356,91136.0,191.0,6.8648,0.0142,200.0861,646.0,474.0,172.0,149.0,3.0,2.0,1.0,612,113
15,6,240,96,256,112,-1420.0,-1349.6,2746.2,2816.6,1,333,85248.0,169.0,6.5655,0.0143,148.0013,836.0,150.0,686.0,18.0,3.0,1.0,2.0,176,41
39,6,624,96,640,112,269.6,340.0,2746.2,2816.6,1,343,87808.0,215.0,7.7652,0.0151,397.9291,23.0,23.0,0.0,0.0,0.0,0.0,0.0,2,1
40,6,640,96,656,112,340.0,410.4,2746.2,2816.6,1,374,95744.0,247.0,8.2187,0.0151,623.5846,0.0,0.0,0.0,0.0,0.0,0.0,0.0,0,0
41,6,656,96,672,112,410.4,480.8,2746.2,2816.6,1,397,101632.0,268.0,8.3792,0.0151,863.0822,34.0,18.0,16.0,0.0,0.0,0.0,0.0,14,4
42,6,672,96,688,112,480.8,551.2,2746.2,2816.6,1,388,99328.0,270.0,8.3385,0.015,757.5131,113.0,62.0,51.0,0.0,1.0,1.0,0.0,80,24
43,6,688,96,704,112,551.2,621.6,2746.2,2816.6,1,371,94976.0,196.0,7.9522,0.0149,343.3698,407.0,247.0,160.0,0.0,1.0,1.0,0.0,81,23
44,6,704,96,720,112,621.6,692.0,2746.2,2816.6,1,371,94976.0,187.0,7.455,0.0148,265.4136,0.0,0.0,0.0,0.0,0.0,0.0,0.0,0,0
45,6,720,96,736,112,692.0,762.4,2746.2,2816.6,1,374,95744.0,194.0,7.4908,0.0147,265.0308,89.0,81.0,8.0,0.0,0.0,0.0,0.0,9,4
46,6,736,96,752,112,762.4,832.8,2746.2,2816.6,1,381,97536.0,212.0,7.634,0.0146,293.8735,247.0,135.0,112.0,0.0,5.0,3.0,2.0,45,15
47,6,752,96,768,112,832.8,903.2,2746.2,2816.6,1,404,103424.0,234.0,7.7407,0.0144,404.5355,90.0,57.0,33.0,0.0,0.0,0.0,0.0,32,13
48,6,768,96,784,112,903.2,973.6,2746.2,2816.6,1,434,111104.0,243.0,7.8468,0.0142,556.548,28.0,15.0,13.0,0.0,0.0,0.0,0.0,37,13
49,6,784,96,800,112,973.6,1044.0,2746.2,2816.6,1,463,118528.0,243.0,7.9412,0.0141,461.0658,178.0,150.0,28.0,0.0,1.0,1.0,0.0,63,21
50,6,800,96,816,112,1044.0,1114.4,2746.2,2816.6,1,480,122880.0,236.0,7.6647,0.0139,370.2125,215.0,127.0,88.0,3.0,5.0,1.0,4.0,187,57
51,6,816,96,832,112,1114.4,1184.8,2746.2,2816.6,1,488,124928.0,234.0,7.6922,0.0137,372.012,354.0,206.0,148.0,1.0,5.0,4.0,1.0,267,68
52,6,832,96,848,112,1184.8,1255.2,2746.2,2816.6,1,499,127744.0,236.0,7.7303,0.0135,397.3075,417.0,318.0,99.0,4.0,4.0,3.0,1.0,337,72
53,6,848,96,864,112,1255.2,1325.6,2746.2,2816.6,1,496,126976.0,232.0,7.7198,0.0133,387.5506,574.0,440.0,134.0,0.0,6.0,4.0,2.0,264,67
54,6,864,96,880,112,1325.6,1396.0,2746.2,2816.6,1,502,128512.0,235.0,7.7407,0.0131,412.7821,57.0,21.0,36.0,0.0,1.0,0.0,1.0,56,21
55,6,880,96,896,112,1396.0,1466.4,2746.2,2816.6,1,499,127744.0,235.0,7.7303,0.0129,405.8023,44.0,8.0,36.0,0.0,2.0,1.0,1.0,46,15
56,6,896,96,912,112,1466.4,1536.8,2746.2,2816.6,1,493,126208.0,234.0,7.7129,0.0127,408.2258,12.0,0.0,12.0,0.0,0.0,0.0,0.0,12,5
57,6,912,96,928,112,1536.8,1607.2,2746.2,2816.6,1,492,125952.0,234.0,7.7094,0.0126,442.4172,10.0,2.0,8.0,0.0,0.0,0.0,0.0,9,4
5,7,80,112,96,128,-2124.0,-2053.6,2675.8,2746.2,1,409,104704.0,240.0,8.2187,0.0128,501.1681,0.0,0.0,0.0,0.0,0.0,0.0,0.0,0,0
6,7,96,112,112,128,-2053.6,-1983.2,2675.8,2746.2,1,407,104192.0,231.0,8.1991,0.013,442.9405,33.0,20.0,13.0,0.0,0.0,0.0,0.0,26,12
7,7,112,112,128,128,-1983.2,-1912.8,2675.8,2746.2,1,404,103424.0,222.0,8.1215,0.0132,362.6117,74.0,53.0,21.0,4.0,0.0,0.0,0.0,72,25
8,7,128,112,144,128,-1912.8,-1842.4,2675.8,2746.2,1,400,102400.0,210.0,7.7828,0.0134,294.7353,85.0,83.0,2.0,4.0,0.0,0.0,0.0,104,23
9,7,144,112,160,128,-1842.4,-1772.0,2675.8,2746.2,1,394,100864.0,204.0,6.9764,0.0136,230.5443,501.0,497.0,4.0,66.0,1.0,1.0,0.0,193,51
10,7,160,112,176,128,-1772.0,-1701.6,2675.8,2746.2,1,392,100352.0,203.0,6.9707,0.0137,207.1738,209.0,197.0,12.0,13.0,2.0,2.0,0.0,180,65
11,7,176,112,192,128,-1701.6,-1631.2,2675.8,2746.2,1,386,98816.0,199.0,6.9482,0.0139,182.9403,261.0,216.0,45.0,30.0,2.0,1.0,1.0,288,88
12,7,192,112,208,128,-1631.2,-1560.8,2675.8,2746.2,1,381,97536.0,195.0,6.9341,0.0141,157.5592,193.0,169.0,24.0,19.0,0.0,0.0,0.0,249,68
13,7,208,112,224,128,-1560.8,-1490.4,2675.8,2746.2,1,378,96768.0,193.0,6.9285,0.0143,169.863,456.0,323.0,133.0,57.0,0.0,0.0,0.0,496,115
14,7,224,112,240,128,-1490.4,-1420.0,2675.8,2746.2,1,372,95232.0,191.0,6.9566,0.0144,237.242,1071.0,615.0,456.0,146.0,6.0,3.0,3.0,576,130
15,7,240,112,256,128,-1420.0,-1349.6,2675.8,2746.2,1,375,96000.0,193.0,6.9679,0.0146,183.7789,1686.0,1036.0,650.0,181.0,7.0,6.0,1.0,671,150
16,7,256,112,272,128,-1349.6,-1279.2,2675.8,2746.2,1,365,93440.0,192.0,6.9202,0.0147,188.4063,903.0,827.0,76.0,240.0,15.0,11.0,4.0,868,173
17,7,272,112,288,128,-1279.2,-1208.8,2675.8,2746.2,1,342,87552.0,174.0,6.5806,0.0148,225.7441,344.0,313.0,31.0,87.0,1.0,1.0,0.0,421,118
18,7,288,112,304,128,-1208.8,-1138.4,2675.8,2746.2,1,318,81408.0,161.0,6.4984,0.0149,243.2669,129.0,105.0,24.0,1.0,0.0,0.0,0.0,100,32
19,7,304,112,320,128,-1138.4,-1068.0,2675.8,2746.2,1,244,62464.0,107.0,5.4765,0.015,5.2797,450.0,435.0,15.0,0.0,0.0,0.0,0.0,47,15
39,7,624,112,640,128,269.6,340.0,2675.8,2746.2,1,356,91136.0,222.0,7.8325,0.0155,409.3471,28.0,28.0,0.0,0.0,0.0,0.0,0.0,4,2
40,7,640,112,656,128,340.0,410.4,2675.8,2746.2,1,395,101120.0,266.0,8.3223,0.0155,842.0872,40.0,30.0,10.0,0.0,0.0,0.0,0.0,29,11
41,7,656,112,672,128,410.4,480.8,2675.8,2746.2,1,404,103424.0,268.0,8.4079,0.0154,815.3267,177.0,35.0,142.0,0.0,2.0,0.0,2.0,139,37
42,7,672,112,688,128,480.8,551.2,2675.8,2746.2,1,397,101632.0,260.0,8.2424,0.0153,529.9618,287.0,94.0,193.0,0.0,7.0,4.0,3.0,213,56
43,7,688,112,704,128,551.2,621.6,2675.8,2746.2,1,380,97280.0,190.0,7.4647,0.0152,279.8266,380.0,60.0,320.0,0.0,3.0,0.0,3.0,178,49
44,7,704,112,720,128,621.6,692.0,2675.8,2746.2,1,379,97024.0,188.0,7.4777,0.0151,241.6918,94.0,16.0,78.0,0.0,0.0,0.0,0.0,82,31
45,7,720,112,736,128,692.0,762.4,2675.8,2746.2,1,384,98304.0,196.0,7.5105,0.015,242.9952,118.0,23.0,95.0,0.0,0.0,0.0,0.0,84,34
46,7,736,112,752,128,762.4,832.8,2675.8,2746.2,1,393,100608.0,203.0,7.5667,0.0148,254.9457,226.0,108.0,118.0,0.0,3.0,1.0,2.0,125,34
47,7,752,112,768,128,832.8,903.2,2675.8,2746.2,1,411,105216.0,231.0,7.7652,0.0147,351.3667,59.0,39.0,20.0,0.0,1.0,0.0,1.0,26,11
48,7,768,112,784,128,903.2,973.6,2675.8,2746.2,1,435,111360.0,242.0,7.8468,0.0145,422.3736,138.0,59.0,79.0,0.0,0.0,0.0,0.0,129,47
49,7,784,112,800,128,973.6,1044.0,2675.8,2746.2,1,458,117248.0,236.0,7.7863,0.0143,403.4736,208.0,93.0,115.0,6.0,0.0,0.0,0.0,239,70
50,7,800,112,816,128,1044.0,1114.4,2675.8,2746.2,1,481,123136.0,235.0,7.6681,0.0141,363.5737,201.0,111.0,90.0,2.0,1.0,0.0,1.0,266,73
51,7,816,112,832,128,1114.4,1184.8,2675.8,2746.2,1,491,125696.0,237.0,7.7025,0.0139,385.0229,248.0,152.0,96.0,2.0,2.0,0.0,2.0,255,68
52,7,832,112,848,128,1184.8,1255.2,2675.8,2746.2,1,500,128000.0,235.0,7.7337,0.0137,400.6615,177.0,120.0,57.0,0.0,1.0,1.0,0.0,184,63
53,7,848,112,864,128,1255.2,1325.6,2675.8,2746.2,1,500,128000.0,237.0,7.7372,0.0135,387.6193,237.0,142.0,95.0,0.0,1.0,1.0,0.0,205,61
54,7,864,112,880,128,1325.6,1396.0,2675.8,2746.2,1,505,129280.0,239.0,7.7582,0.0133,411.7714,204.0,145.0,59.0,0.0,0.0,0.0,0.0,169,48
55,7,880,112,896,128,1396.0,1466.4,2675.8,2746.2,1,503,128768.0,239.0,7.7512,0.0131,420.5959,66.0,25.0,41.0,0.0,1.0,0.0,1.0,60,25
56,7,896,112,912,128,1466.4,1536.8,2675.8,2746.2,1,501,128256.0,242.0,7.7512,0.0129,435.0014,18.0,0.0,18.0,0.0,0.0,0.0,0.0,20,8
57,7,912,112,928,128,1536.8,1607.2,2675.8,2746.2,1,495,126720.0,240.0,7.7303,0.0127,451.8938,13.0,2.0,11.0,0.0,0.0,0.0,0.0,13,6
5,8,80,128,96,144,-2124.0,-2053.6,2605.4,2675.8,1,426,109056.0,257.0,8.3183,0.0129,599.812,11.0,11.0,0.0,0.0,1.0,1.0,0.0,4,2
6,8,96,128,112,144,-2053.6,-1983.2,2605.4,2675.8,1,423,108288.0,257.0,8.3102,0.0131,529.2396,32.0,25.0,7.0,1.0,0.0,0.0,0.0,32,12
7,8,112,128,128,144,-1983.2,-1912.8,2605.4,2675.8,1,420,107520.0,253.0,8.2901,0.0133,530.0455,70.0,51.0,19.0,7.0,0.0,0.0,0.0,70,27
8,8,128,128,144,144,-1912.8,-1842.4,2605.4,2675.8,1,421,107776.0,252.0,8.2942,0.0136,527.8044,26.0,19.0,7.0,4.0,0.0,0.0,0.0,30,14
9,8,144,128,160,144,-1842.4,-1772.0,2605.4,2675.8,1,415,106240.0,246.0,8.2622,0.0137,427.032,106.0,98.0,8.0,9.0,0.0,0.0,0.0,136,49
10,8,160,128,176,144,-1772.0,-1701.6,2605.4,2675.8,1,408,104448.0,239.0,8.203,0.0139,388.3727,228.0,204.0,24.0,17.0,0.0,0.0,0.0,210,78
11,8,176,128,192,144,-1701.6,-1631.2,2605.4,2675.8,1,403,103168.0,228.0,8.1215,0.0141,314.6078,336.0,253.0,83.0,40.0,2.0,2.0,0.0,339,95
12,8,192,128,208,144,-1631.2,-1560.8,2605.4,2675.8,1,393,100608.0,210.0,7.967,0.0143,212.9242,386.0,313.0,73.0,43.0,0.0,0.0,0.0,470,95
13,8,208,128,224,144,-1560.8,-1490.4,2605.4,2675.8,1,386,98816.0,195.0,6.9397,0.0145,161.7052,597.0,383.0,214.0,71.0,1.0,0.0,1.0,481,117
14,8,224,128,240,144,-1490.4,-1420.0,2605.4,2675.8,1,383,98048.0,189.0,6.9341,0.0147,141.3168,710.0,555.0,155.0,58.0,1.0,0.0,1.0,512,128
15,8,240,128,256,144,-1420.0,-1349.6,2605.4,2675.8,1,377,96512.0,177.0,6.8621,0.0148,105.0136,962.0,784.0,178.0,102.0,7.0,7.0,0.0,639,134
16,8,256,128,272,144,-1349.6,-1279.2,2605.4,2675.8,1,379,97024.0,188.0,6.9651,0.015,160.2549,521.0,493.0,28.0,156.0,1.0,1.0,0.0,435,100
17,8,272,128,288,144,-1279.2,-1208.8,2605.4,2675.8,1,379,97024.0,196.0,6.9736,0.0151,213.5999,1030.0,913.0,117.0,177.0,8.0,6.0,2.0,857,166
18,8,288,128,304,144,-1208.8,-1138.4,2605.4,2675.8,1,384,98304.0,199.0,6.9877,0.0152,278.5837,478.0,415.0,63.0,148.0,1.0,1.0,0.0,586,158
19,8,304,128,320,144,-1138.4,-1068.0,2605.4,2675.8,1,347,88832.0,169.0,6.5655,0.0153,267.6322,120.0,56.0,64.0,0.0,0.0,0.0,0.0,66,19
39,8,624,128,640,144,269.6,340.0,2605.4,2675.8,1,389,99584.0,263.0,8.2861,0.0159,712.7756,1277.0,1268.0,9.0,0.0,0.0,0.0,0.0,10,17
40,8,640,128,656,144,340.0,410.4,2605.4,2675.8,1,403,103168.0,268.0,8.3547,0.0158,791.544,148.0,27.0,121.0,0.0,2.0,2.0,0.0,134,47
41,8,656,128,672,144,410.4,480.8,2605.4,2675.8,1,411,105216.0,258.0,8.2982,0.0158,607.1309,291.0,66.0,225.0,0.0,0.0,0.0,0.0,270,63
42,8,672,128,688,144,480.8,551.2,2605.4,2675.8,1,406,103936.0,260.0,8.2782,0.0157,555.7814,303.0,116.0,187.0,0.0,2.0,0.0,2.0,178,52
43,8,688,128,704,144,551.2,621.6,2605.4,2675.8,1,385,98560.0,186.0,7.4583,0.0156,258.7979,206.0,61.0,145.0,0.0,1.0,0.0,1.0,217,58
44,8,704,128,720,144,621.6,692.0,2605.4,2675.8,1,388,99328.0,190.0,7.4875,0.0154,237.1158,190.0,51.0,139.0,0.0,2.0,2.0,0.0,203,55
45,8,720,128,736,144,692.0,762.4,2605.4,2675.8,1,391,100096.0,196.0,7.5039,0.0153,218.803,193.0,64.0,129.0,0.0,1.0,0.0,1.0,238,69
46,8,736,128,752,144,762.4,832.8,2605.4,2675.8,1,396,101376.0,200.0,7.5501,0.0151,206.1268,365.0,242.0,123.0,2.0,0.0,0.0,0.0,280,74
47,8,752,128,768,144,832.8,903.2,2605.4,2675.8,1,409,104704.0,220.0,7.7303,0.015,303.9856,325.0,157.0,168.0,5.0,0.0,0.0,0.0,336,95
48,8,768,128,784,144,903.2,973.6,2605.4,2675.8,1,432,110592.0,241.0,7.829,0.0148,407.1258,414.0,274.0,140.0,10.0,0.0,0.0,0.0,382,97
49,8,784,128,800,144,973.6,1044.0,2605.4,2675.8,1,457,116992.0,230.0,7.5834,0.0146,314.5132,422.0,262.0,160.0,4.0,2.0,2.0,0.0,431,103
50,8,800,128,816,144,1044.0,1114.4,2605.4,2675.8,1,482,123392.0,240.0,7.675,0.0144,368.2113,294.0,177.0,117.0,9.0,2.0,1.0,1.0,354,94
51,8,816,128,832,144,1114.4,1184.8,2605.4,2675.8,1,491,125696.0,241.0,7.7094,0.0141,372.9831,418.0,255.0,163.0,1.0,3.0,3.0,0.0,366,94
52,8,832,128,848,144,1184.8,1255.2,2605.4,2675.8,1,502,128512.0,244.0,7.7547,0.0139,401.6118,695.0,386.0,309.0,4.0,3.0,2.0,1.0,394,86
53,8,848,128,864,144,1255.2,1325.6,2605.4,2675.8,1,503,128768.0,241.0,7.7582,0.0137,400.9847,376.0,247.0,129.0,3.0,7.0,7.0,0.0,306,83
54,8,864,128,880,144,1325.6,1396.0,2605.4,2675.8,1,511,130816.0,245.0,7.7863,0.0135,428.7061,291.0,181.0,110.0,0.0,5.0,3.0,2.0,273,68
55,8,880,128,896,144,1396.0,1466.4,2605.4,2675.8,1,512,131072.0,246.0,7.7793,0.0133,444.7279,96.0,44.0,52.0,0.0,1.0,0.0,1.0,84,30
56,8,896,128,912,144,1466.4,1536.8,2605.4,2675.8,1,511,130816.0,251.0,7.7758,0.0131,469.9731,27.0,5.0,22.0,0.0,1.0,1.0,0.0,36,13
57,8,912,128,928,144,1536.8,1607.2,2605.4,2675.8,1,506,129536.0,250.0,7.7793,0.0129,501.945,23.0,2.0,21.0,0.0,0.0,0.0,0.0,22,9
5,9,80,144,96,160,-2124.0,-2053.6,2535.0,2605.4,1,440,112640.0,254.0,8.3223,0.0131,657.8254,37.0,37.0,0.0,0.0,0.0,0.0,0.0,43,7
6,9,96,144,112,160,-2053.6,-1983.2,2535.0,2605.4,1,436,111616.0,254.0,8.3062,0.0133,585.2976,199.0,197.0,2.0,4.0,0.0,0.0,0.0,92,18
7,9,112,144,128,160,-1983.2,-1912.8,2535.0,2605.4,1,436,111616.0,254.0,8.2982,0.0135,570.0067,188.0,164.0,24.0,9.0,4.0,3.0,1.0,128,42
8,9,128,144,144,160,-1912.8,-1842.4,2535.0,2605.4,1,436,111616.0,258.0,8.3547,0.0137,631.7599,186.0,152.0,34.0,23.0,0.0,0.0,0.0,210,65
9,9,144,144,160,160,-1842.4,-1772.0,2535.0,2605.4,1,430,110080.0,256.0,8.3304,0.0139,539.49,485.0,411.0,74.0,52.0,2.0,2.0,0.0,411,99
10,9,160,144,176,160,-1772.0,-1701.6,2535.0,2605.4,1,425,108800.0,255.0,8.3142,0.0141,475.2519,330.0,256.0,74.0,38.0,1.0,0.0,1.0,277,87
11,9,176,144,192,160,-1701.6,-1631.2,2535.0,2605.4,1,420,107520.0,253.0,8.2901,0.0143,445.3384,800.0,314.0,486.0,81.0,1.0,0.0,1.0,297,87
12,9,192,144,208,160,-1631.2,-1560.8,2535.0,2605.4,1,415,106240.0,247.0,8.2424,0.0145,406.7686,439.0,376.0,63.0,76.0,1.0,0.0,1.0,298,84
13,9,208,144,224,160,-1560.8,-1490.4,2535.0,2605.4,1,409,104704.0,243.0,8.2266,0.0147,359.1255,761.0,535.0,226.0,68.0,5.0,4.0,1.0,494,114
14,9,224,144,240,160,-1490.4,-1420.0,2535.0,2605.4,1,403,103168.0,228.0,8.1292,0.0149,286.4893,222.0,85.0,137.0,18.0,1.0,1.0,0.0,216,67
15,9,240,144,256,160,-1420.0,-1349.6,2535.0,2605.4,1,396,101376.0,217.0,8.0757,0.0151,241.4366,605.0,179.0,426.0,0.0,3.0,1.0,2.0,144,36
16,9,256,144,272,160,-1349.6,-1279.2,2535.0,2605.4,1,390,99840.0,199.0,7.8865,0.0152,159.813,0.0,0.0,0.0,0.0,0.0,0.0,0.0,0,0
17,9,272,144,288,160,-1279.2,-1208.8,2535.0,2605.4,1,387,99072.0,190.0,6.9877,0.0154,149.0395,542.0,475.0,67.0,39.0,4.0,2.0,2.0,303,88
18,9,288,144,304,160,-1208.8,-1138.4,2535.0,2605.4,1,388,99328.0,197.0,6.9792,0.0155,221.708,366.0,340.0,26.0,120.0,1.0,0.0,1.0,562,148
19,9,304,144,320,160,-1138.4,-1068.0,2535.0,2605.4,1,393,100608.0,197.0,6.9934,0.0156,279.7061,307.0,265.0,42.0,102.0,0.0,0.0,0.0,441,139
20,9,320,144,336,160,-1068.0,-997.6,2535.0,2605.4,1,394,100864.0,194.0,6.9963,0.0158,301.7815,91.0,68.0,23.0,10.0,0.0,0.0,0.0,118,51
21,9,336,144,352,160,-997.6,-927.2,2535.0,2605.4,1,394,100864.0,200.0,6.9963,0.0158,385.7442,118.0,70.0,48.0,4.0,2.0,2.0,0.0,119,45
22,9,352,144,368,160,-927.2,-856.8,2535.0,2605.4,1,387,99072.0,209.0,6.9651,0.0159,540.4163,107.0,70.0,37.0,3.0,0.0,0.0,0.0,104,41
23,9,368,144,384,160,-856.8,-786.4,2535.0,2605.4,1,403,103168.0,224.0,7.5072,0.016,877.0498,177.0,135.0,42.0,7.0,1.0,0.0,1.0,132,46
24,9,384,144,400,160,-786.4,-716.0,2535.0,2605.4,1,416,106496.0,218.0,7.5401,0.0161,1293.0123,377.0,340.0,37.0,41.0,3.0,2.0,1.0,156,45
25,9,400,144,416,160,-716.0,-645.6,2535.0,2605.4,1,412,105472.0,202.0,7.3908,0.0161,1273.5874,667.0,658.0,9.0,291.0,0.0,0.0,0.0,256,53
26,9,416,144,432,160,-645.6,-575.2,2535.0,2605.4,1,444,113664.0,257.0,9.6238,0.0162,3309.4678,474.0,473.0,1.0,203.0,3.0,3.0,0.0,174,38
38,9,608,144,624,160,199.2,269.6,2535.0,2605.4,1,373,95488.0,243.0,7.9156,0.0164,558.5974,38.0,38.0,0.0,0.0,0.0,0.0,0.0,12,4
39,9,624,144,640,160,269.6,340.0,2535.0,2605.4,1,396,101376.0,268.0,8.3142,0.0163,689.4377,271.0,206.0,65.0,0.0,2.0,0.0,2.0,93,26
40,9,640,144,656,160,340.0,410.4,2535.0,2605.4,1,410,104960.0,259.0,8.2463,0.0162,605.4284,280.0,87.0,193.0,0.0,4.0,1.0,3.0,255,61
41,9,656,144,672,160,410.4,480.8,2535.0,2605.4,1,422,108032.0,263.0,8.3425,0.0161,654.9289,286.0,167.0,119.0,0.0,1.0,1.0,0.0,207,53
42,9,672,144,688,160,480.8,551.2,2535.0,2605.4,1,418,107008.0,262.0,8.3263,0.016,576.5056,35.0,30.0,5.0,0.0,0.0,0.0,0.0,44,10
43,9,688,144,704,160,551.2,621.6,2535.0,2605.4,1,393,100608.0,186.0,7.4712,0.0159,246.4165,61.0,30.0,31.0,0.0,1.0,1.0,0.0,59,22
44,9,704,144,720,160,621.6,692.0,2535.0,2605.4,1,393,100608.0,190.0,7.4843,0.0158,231.4801,159.0,54.0,105.0,1.0,2.0,0.0,2.0,194,64
45,9,720,144,736,160,692.0,762.4,2535.0,2605.4,1,395,101120.0,192.0,7.4973,0.0156,204.8027,237.0,144.0,93.0,6.0,2.0,1.0,1.0,269,85
46,9,736,144,752,160,762.4,832.8,2535.0,2605.4,1,397,101632.0,200.0,7.5401,0.0154,227.6017,213.0,137.0,76.0,5.0,1.0,1.0,0.0,260,82
47,9,752,144,768,160,832.8,903.2,2535.0,2605.4,1,404,103424.0,205.0,7.6002,0.0152,201.3391,219.0,133.0,86.0,4.0,0.0,0.0,0.0,267,82
48,9,768,144,784,160,903.2,973.6,2535.0,2605.4,1,422,108032.0,230.0,7.468,0.015,221.8126,295.0,154.0,141.0,3.0,4.0,2.0,2.0,307,82
49,9,784,144,800,160,973.6,1044.0,2535.0,2605.4,1,450,115200.0,239.0,7.5734,0.0148,287.8997,778.0,390.0,388.0,7.0,3.0,2.0,1.0,318,75
50,9,800,144,816,160,1044.0,1114.4,2535.0,2605.4,1,483,123648.0,246.0,7.6887,0.0146,362.4806,339.0,176.0,163.0,0.0,1.0,1.0,0.0,247,71
51,9,816,144,832,160,1114.4,1184.8,2535.0,2605.4,1,498,127488.0,250.0,7.7407,0.0144,408.2079,791.0,470.0,321.0,3.0,4.0,1.0,3.0,506,102
52,9,832,144,848,160,1184.8,1255.2,2535.0,2605.4,1,513,131328.0,256.0,7.967,0.0141,707.7532,632.0,314.0,318.0,5.0,0.0,0.0,0.0,366,90
53,9,848,144,864,160,1255.2,1325.6,2535.0,2605.4,1,515,131840.0,266.0,8.1757,0.0139,571.8234,1203.0,922.0,281.0,10.0,6.0,5.0,1.0,686,126
54,9,864,144,880,160,1325.6,1396.0,2535.0,2605.4,1,524,134144.0,275.0,8.2266,0.0137,658.2636,730.0,465.0,265.0,6.0,9.0,5.0,4.0,598,114
55,9,880,144,896,160,1396.0,1466.4,2535.0,2605.4,1,532,136192.0,287.0,8.5545,0.0135,783.0301,192.0,138.0,54.0,0.0,2.0,1.0,1.0,172,53
56,9,896,144,912,160,1466.4,1536.8,2535.0,2605.4,1,532,136192.0,292.0,8.5545,0.0133,851.8951,150.0,112.0,38.0,0.0,1.0,1.0,0.0,108,30
57,9,912,144,928,160,1536.8,1607.2,2535.0,2605.4,1,527,134912.0,293.0,8.5332,0.0131,847.6343,255.0,201.0,54.0,0.0,6.0,3.0,3.0,135,27
5,10,80,160,96,176,-2124.0,-2053.6,2464.6,2535.0,1,455,116480.0,255.0,8.3832,0.0133,758.7135,38.0,38.0,0.0,0.0,0.0,0.0,0.0,24,7
6,10,96,160,112,176,-2053.6,-1983.2,2464.6,2535.0,1,450,115200.0,255.0,8.3628,0.0135,683.0795,117.0,101.0,16.0,10.0,1.0,1.0,0.0,56,15
7,10,112,160,128,176,-1983.2,-1912.8,2464.6,2535.0,1,448,114688.0,253.0,8.3466,0.0137,644.522,223.0,140.0,83.0,19.0,1.0,0.0,1.0,179,52
8,10,128,160,144,176,-1912.8,-1842.4,2464.6,2535.0,1,450,115200.0,255.0,8.3547,0.0139,679.5847,1468.0,1118.0,350.0,55.0,4.0,3.0,1.0,1809,109
9,10,144,160,160,176,-1842.4,-1772.0,2464.6,2535.0,1,446,114176.0,254.0,8.3385,0.0141,609.6791,2861.0,1899.0,962.0,99.0,3.0,2.0,1.0,1909,105
10,10,160,160,176,176,-1772.0,-1701.6,2464.6,2535.0,1,443,113408.0,255.0,8.3263,0.0143,567.5591,454.0,271.0,183.0,48.0,1.0,1.0,0.0,289,84
11,10,176,160,192,176,-1701.6,-1631.2,2464.6,2535.0,1,434,111104.0,252.0,8.2901,0.0145,470.9373,861.0,222.0,639.0,26.0,0.0,0.0,0.0,272,76
12,10,192,160,208,176,-1631.2,-1560.8,2464.6,2535.0,1,434,111104.0,250.0,8.2782,0.0147,466.7415,101.0,57.0,44.0,7.0,0.0,0.0,0.0,100,38
13,10,208,160,224,176,-1560.8,-1490.4,2464.6,2535.0,1,429,109824.0,241.0,8.2384,0.0149,406.5207,195.0,110.0,85.0,11.0,0.0,0.0,0.0,231,77
14,10,224,160,240,176,-1490.4,-1420.0,2464.6,2535.0,1,423,108288.0,237.0,8.1718,0.0151,352.7785,141.0,58.0,83.0,4.0,0.0,0.0,0.0,132,45
15,10,240,160,256,176,-1420.0,-1349.6,2464.6,2535.0,1,420,107520.0,236.0,8.1601,0.0153,327.9601,165.0,80.0,85.0,0.0,1.0,0.0,1.0,69,23
16,10,256,160,272,176,-1349.6,-1279.2,2464.6,2535.0,1,413,105728.0,234.0,8.1331,0.0155,313.4656,0.0,0.0,0.0,0.0,0.0,0.0,0.0,0,0
17,10,272,160,288,176,-1279.2,-1208.8,2464.6,2535.0,1,412,105472.0,236.0,8.1757,0.0156,318.0096,260.0,226.0,34.0,22.0,0.0,0.0,0.0,182,63
18,10,288,160,304,176,-1208.8,-1138.4,2464.6,2535.0,1,409,104704.0,237.0,8.2503,0.0158,321.2528,207.0,177.0,30.0,52.0,1.0,1.0,0.0,261,94
19,10,304,160,320,176,-1138.4,-1068.0,2464.6,2535.0,1,408,104448.0,240.0,8.2821,0.0159,374.5862,285.0,244.0,41.0,80.0,1.0,0.0,1.0,411,135
20,10,320,160,336,176,-1068.0,-997.6,2464.6,2535.0,1,406,103936.0,225.0,8.1679,0.016,379.2938,279.0,239.0,40.0,81.0,0.0,0.0,0.0,388,121
21,10,336,160,352,176,-997.6,-927.2,2464.6,2535.0,1,402,102912.0,203.0,7.0249,0.0161,323.287,364.0,326.0,38.0,74.0,2.0,2.0,0.0,358,119
22,10,352,160,368,176,-927.2,-856.8,2464.6,2535.0,1,413,105728.0,211.0,7.0538,0.0162,437.6704,315.0,278.0,37.0,99.0,0.0,0.0,0.0,406,116
23,10,368,160,384,176,-856.8,-786.4,2464.6,2535.0,1,429,109824.0,231.0,7.5039,0.0163,691.2034,364.0,316.0,48.0,98.0,3.0,2.0,1.0,412,124
24,10,384,160,400,176,-786.4,-716.0,2464.6,2535.0,1,450,115200.0,233.0,7.6647,0.0164,1037.6774,499.0,447.0,52.0,80.0,2.0,2.0,0.0,401,102
25,10,400,160,416,176,-716.0,-645.6,2464.6,2535.0,1,455,116480.0,230.0,7.6715,0.0165,1195.9127,573.0,505.0,68.0,192.0,4.0,3.0,1.0,387,94
26,10,416,160,432,176,-645.6,-575.2,2464.6,2535.0,1,488,124928.0,284.0,10.0638,0.0166,2952.9404,433.0,396.0,37.0,193.0,0.0,0.0,0.0,186,57
36,10,576,160,592,176,58.4,128.8,2464.6,2535.0,1,305,78080.0,148.0,6.9118,0.0168,109.1467,32.0,32.0,0.0,0.0,0.0,0.0,0.0,10,3
37,10,592,160,608,176,128.8,199.2,2464.6,2535.0,1,355,90880.0,226.0,7.7512,0.0168,424.4681,153.0,153.0,0.0,6.0,1.0,1.0,0.0,97,16
38,10,608,160,624,176,199.2,269.6,2464.6,2535.0,1,386,98816.0,248.0,7.9192,0.0167,569.5918,24902.0,24902.0,0.0,289.0,4.0,4.0,0.0,365,236
39,10,624,160,640,176,269.6,340.0,2464.6,2535.0,1,404,103424.0,259.0,8.2109,0.0166,547.1324,325.0,165.0,160.0,56.0,1.0,0.0,1.0,312,96
40,10,640,160,656,176,340.0,410.4,2464.6,2535.0,1,420,107520.0,261.0,8.2861,0.0166,640.1598,328.0,130.0,198.0,4.0,2.0,0.0,2.0,330,81
41,10,656,160,672,176,410.4,480.8,2464.6,2535.0,1,429,109824.0,261.0,8.371,0.0165,659.8951,387.0,249.0,138.0,2.0,1.0,0.0,1.0,251,71
42,10,672,160,688,176,480.8,551.2,2464.6,2535.0,1,425,108800.0,262.0,8.3547,0.0163,598.0395,296.0,180.0,116.0,1.0,1.0,1.0,0.0,256,76
43,10,688,160,704,176,551.2,621.6,2464.6,2535.0,1,400,102400.0,191.0,7.4973,0.0162,245.0788,242.0,127.0,115.0,3.0,0.0,0.0,0.0,280,81
44,10,704,160,720,176,621.6,692.0,2464.6,2535.0,1,398,101888.0,196.0,7.4941,0.016,220.0079,256.0,191.0,65.0,6.0,0.0,0.0,0.0,276,83
45,10,720,160,736,176,692.0,762.4,2464.6,2535.0,1,398,101888.0,201.0,7.5039,0.0159,192.447,229.0,184.0,45.0,3.0,0.0,0.0,0.0,212,73
46,10,736,160,752,176,762.4,832.8,2464.6,2535.0,1,407,104192.0,214.0,7.5734,0.0157,226.5666,150.0,99.0,51.0,4.0,0.0,0.0,0.0,168,62
47,10,752,160,768,176,832.8,903.2,2464.6,2535.0,1,406,103936.0,216.0,7.7268,0.0155,289.0447,99.0,64.0,35.0,2.0,1.0,0.0,1.0,125,52
48,10,768,160,784,176,903.2,973.6,2464.6,2535.0,1,422,108032.0,246.0,7.8147,0.0152,250.6078,226.0,141.0,85.0,0.0,3.0,3.0,0.0,178,53
49,10,784,160,800,176,973.6,1044.0,2464.6,2535.0,1,461,118016.0,279.0,8.2622,0.015,479.3581,566.0,194.0,372.0,0.0,3.0,2.0,1.0,183,43
50,10,800,160,816,176,1044.0,1114.4,2464.6,2535.0,1,499,127744.0,292.0,8.4161,0.0148,633.2058,1323.0,591.0,732.0,0.0,3.0,1.0,2.0,278,65
51,10,816,160,832,176,1114.4,1184.8,2464.6,2535.0,1,521,133376.0,296.0,8.5079,0.0145,696.496,432.0,208.0,224.0,4.0,4.0,4.0,0.0,250,64
52,10,832,160,848,176,1184.8,1255.2,2464.6,2535.0,1,536,137216.0,297.0,8.5973,0.0143,787.8136,36.0,18.0,18.0,0.0,0.0,0.0,0.0,35,16
53,10,848,160,864,176,1255.2,1325.6,2464.6,2535.0,1,541,138496.0,297.0,8.6975,0.0141,864.8893,2822.0,2497.0,325.0,68.0,10.0,7.0,3.0,725,119
54,10,864,160,880,176,1325.6,1396.0,2464.6,2535.0,1,551,141056.0,296.0,8.7418,0.0139,937.019,1059.0,814.0,245.0,12.0,4.0,2.0,2.0,945,129
55,10,880,160,896,176,1396.0,1466.4,2464.6,2535.0,1,554,141824.0,295.0,8.7552,0.0137,975.7089,364.0,272.0,92.0,3.0,0.0,0.0,0.0,301,71
56,10,896,160,912,176,1466.4,1536.8,2464.6,2535.0,1,560,143360.0,297.0,8.782,0.0135,1000.1715,174.0,128.0,46.0,0.0,1.0,0.0,1.0,124,42
57,10,912,160,928,176,1536.8,1607.2,2464.6,2535.0,1,552,141312.0,296.0,8.7776,0.0133,1090.8711,266.0,197.0,69.0,0.0,1.0,1.0,0.0,184,31
4,11,64,176,80,192,-2194.4,-2124.0,2394.2,2464.6,1,442,113152.0,247.0,8.3547,0.0132,743.0576,1.0,1.0,0.0,0.0,0.0,0.0,0.0,2,1
5,11,80,176,96,192,-2124.0,-2053.6,2394.2,2464.6,1,470,120320.0,256.0,8.4451,0.0134,900.9525,30.0,18.0,12.0,6.0,2.0,0.0,2.0,19,7
6,11,96,176,112,192,-2053.6,-1983.2,2394.2,2464.6,1,467,119552.0,256.0,8.4327,0.0136,811.231,88.0,36.0,52.0,8.0,0.0,0.0,0.0,35,15
7,11,112,176,128,192,-1983.2,-1912.8,2394.2,2464.6,1,465,119040.0,254.0,8.4161,0.0139,751.0987,443.0,119.0,324.0,1.0,5.0,2.0,3.0,312,74
8,11,128,176,144,192,-1912.8,-1842.4,2394.2,2464.6,1,465,119040.0,256.0,8.4161,0.0141,766.7133,493.0,153.0,340.0,4.0,2.0,1.0,1.0,287,65
9,11,144,176,160,192,-1842.4,-1772.0,2394.2,2464.6,1,460,117760.0,255.0,8.3955,0.0143,663.3749,227.0,200.0,27.0,44.0,0.0,0.0,0.0,72,25
10,11,160,176,176,192,-1772.0,-1701.6,2394.2,2464.6,1,457,116992.0,254.0,8.3832,0.0145,638.4583,123.0,106.0,17.0,42.0,0.0,0.0,0.0,107,37
11,11,176,176,192,192,-1701.6,-1631.2,2394.2,2464.6,1,454,116224.0,252.0,8.371,0.0147,579.9508,167.0,98.0,69.0,13.0,3.0,1.0,2.0,200,69
12,11,192,176,208,192,-1631.2,-1560.8,2394.2,2464.6,1,451,115456.0,247.0,8.3344,0.0149,540.5941,121.0,92.0,29.0,22.0,0.0,0.0,0.0,152,61
13,11,208,176,224,192,-1560.8,-1490.4,2394.2,2464.6,1,446,114176.0,239.0,8.2227,0.0151,449.3923,134.0,108.0,26.0,20.0,0.0,0.0,0.0,143,60
14,11,224,176,240,192,-1490.4,-1420.0,2394.2,2464.6,1,446,114176.0,235.0,8.1874,0.0153,418.7623,123.0,72.0,51.0,3.0,0.0,0.0,0.0,132,49
15,11,240,176,256,192,-1420.0,-1349.6,2394.2,2464.6,1,442,113152.0,234.0,8.1718,0.0155,395.0258,64.0,12.0,52.0,0.0,0.0,0.0,0.0,52,16
16,11,256,176,272,192,-1349.6,-1279.2,2394.2,2464.6,1,440,112640.0,236.0,8.1835,0.0157,390.1134,0.0,0.0,0.0,0.0,0.0,0.0,0.0,0,0
17,11,272,176,288,192,-1279.2,-1208.8,2394.2,2464.6,1,435,111360.0,230.0,8.11,0.0158,349.7208,362.0,335.0,27.0,12.0,0.0,0.0,0.0,160,52
18,11,288,176,304,192,-1208.8,-1138.4,2394.2,2464.6,1,434,111104.0,231.0,8.164,0.016,347.4717,199.0,193.0,6.0,39.0,0.0,0.0,0.0,191,68
19,11,304,176,320,192,-1138.4,-1068.0,2394.2,2464.6,1,433,110848.0,238.0,8.3344,0.0162,391.6155,230.0,215.0,15.0,56.0,0.0,0.0,0.0,274,89
20,11,320,176,336,192,-1068.0,-997.6,2394.2,2464.6,1,436,111616.0,253.0,8.3955,0.0163,483.7521,323.0,293.0,30.0,144.0,1.0,0.0,1.0,425,130
21,11,336,176,352,192,-997.6,-927.2,2394.2,2464.6,1,438,112128.0,253.0,8.4038,0.0164,547.5695,387.0,364.0,23.0,208.0,0.0,0.0,0.0,518,156
22,11,352,176,368,192,-927.2,-856.8,2394.2,2464.6,1,436,111616.0,255.0,8.3955,0.0165,576.8745,285.0,262.0,23.0,123.0,1.0,0.0,1.0,371,127
23,11,368,176,384,192,-856.8,-786.4,2394.2,2464.6,1,448,114688.0,272.0,8.4534,0.0166,758.0783,282.0,252.0,30.0,106.0,1.0,1.0,0.0,367,125
24,11,384,176,400,192,-786.4,-716.0,2394.2,2464.6,1,471,120576.0,276.0,8.6189,0.0168,1073.7154,308.0,290.0,18.0,126.0,1.0,1.0,0.0,383,129
25,11,400,176,416,192,-716.0,-645.6,2394.2,2464.6,1,471,120576.0,240.0,7.6991,0.0169,1032.4464,465.0,431.0,34.0,185.0,0.0,0.0,0.0,528,148
26,11,416,176,432,192,-645.6,-575.2,2394.2,2464.6,1,514,131584.0,298.0,10.1772,0.017,2637.9221,934.0,848.0,86.0,397.0,1.0,1.0,0.0,694,161
27,11,432,176,448,192,-575.2,-504.8,2394.2,2464.6,1,524,134144.0,294.0,10.2746,0.0171,3095.2648,682.0,625.0,57.0,282.0,2.0,1.0,1.0,610,150
28,11,448,176,464,192,-504.8,-434.4,2394.2,2464.6,1,495,126720.0,276.0,9.8445,0.0172,2330.2145,452.0,404.0,48.0,235.0,0.0,0.0,0.0,502,139
29,11,464,176,480,192,-434.4,-364.0,2394.2,2464.6,1,469,120064.0,259.0,9.4647,0.0172,2058.9514,937.0,876.0,61.0,622.0,7.0,6.0,1.0,463,128
30,11,480,176,496,192,-364.0,-293.6,2394.2,2464.6,1,437,111872.0,252.0,9.2855,0.0172,1819.0001,771.0,677.0,94.0,430.0,3.0,2.0,1.0,310,108
36,11,576,176,592,192,58.4,128.8,2394.2,2464.6,1,315,80640.0,145.0,6.7888,0.0172,53.0692,26.0,23.0,3.0,0.0,0.0,0.0,0.0,25,11
37,11,592,176,608,192,128.8,199.2,2394.2,2464.6,1,373,95488.0,241.0,7.829,0.0172,511.4192,26312.0,26307.0,5.0,428.0,4.0,4.0,0.0,357,236
38,11,608,176,624,192,199.2,269.6,2394.2,2464.6,1,393,100608.0,240.0,7.8468,0.0171,409.7526,376.0,376.0,0.0,325.0,0.0,0.0,0.0,440,159
39,11,624,176,640,192,269.6,340.0,2394.2,2464.6,1,415,106240.0,255.0,8.1991,0.017,499.213,27211.0,26991.0,220.0,560.0,3.0,3.0,0.0,840,236
40,11,640,176,656,192,340.0,410.4,2394.2,2464.6,1,430,110080.0,266.0,8.3304,0.0169,671.7271,585.0,417.0,168.0,147.0,0.0,0.0,0.0,647,162
41,11,656,176,672,192,410.4,480.8,2394.2,2464.6,1,440,112640.0,273.0,8.4327,0.0168,704.8237,422.0,208.0,214.0,8.0,4.0,1.0,3.0,356,87
42,11,672,176,688,192,480.8,551.2,2394.2,2464.6,1,440,112640.0,280.0,8.4327,0.0166,668.3317,327.0,218.0,109.0,12.0,4.0,1.0,3.0,254,78
43,11,688,176,704,192,551.2,621.6,2394.2,2464.6,1,418,107008.0,227.0,7.7687,0.0165,319.7551,793.0,733.0,60.0,21.0,1.0,0.0,1.0,330,91
44,11,704,176,720,192,621.6,692.0,2394.2,2464.6,1,425,108800.0,251.0,8.0795,0.0163,348.0409,631.0,585.0,46.0,19.0,0.0,0.0,0.0,342,86
45,11,720,176,736,192,692.0,762.4,2394.2,2464.6,1,428,109568.0,255.0,8.0909,0.0161,357.8434,680.0,648.0,32.0,40.0,2.0,1.0,1.0,263,75
46,11,736,176,752,192,762.4,832.8,2394.2,2464.6,1,430,110080.0,255.0,8.2148,0.0159,311.0527,220.0,179.0,41.0,11.0,1.0,0.0,1.0,204,69
47,11,752,176,768,192,832.8,903.2,2394.2,2464.6,1,436,111616.0,246.0,8.0947,0.0157,271.6869,199.0,142.0,57.0,3.0,1.0,0.0,1.0,175,58
48,11,768,176,784,192,903.2,973.6,2394.2,2464.6,1,450,115200.0,250.0,8.203,0.0155,326.5112,185.0,109.0,76.0,3.0,0.0,0.0,0.0,140,50
49,11,784,176,800,192,973.6,1044.0,2394.2,2464.6,1,484,123904.0,291.0,8.4785,0.0152,649.7047,107.0,70.0,37.0,1.0,1.0,0.0,1.0,99,42
50,11,800,176,816,192,1044.0,1114.4,2394.2,2464.6,1,521,133376.0,297.0,8.6493,0.015,815.6229,188.0,131.0,57.0,1.0,4.0,1.0,3.0,121,44
51,11,816,176,832,192,1114.4,1184.8,2394.2,2464.6,1,548,140288.0,299.0,8.7686,0.0147,952.643,152.0,91.0,61.0,4.0,2.0,1.0,1.0,100,38
52,11,832,176,848,192,1184.8,1255.2,2394.2,2464.6,1,562,143872.0,297.0,8.8317,0.0145,1041.0098,157.0,83.0,74.0,29.0,1.0,0.0,1.0,71,30
53,11,848,176,864,192,1255.2,1325.6,2394.2,2464.6,1,566,144896.0,298.0,8.8499,0.0143,1034.9583,343.0,188.0,155.0,1.0,0.0,0.0,0.0,244,65
54,11,864,176,880,192,1325.6,1396.0,2394.2,2464.6,1,576,147456.0,298.0,8.8958,0.0141,1132.8173,1319.0,825.0,494.0,13.0,2.0,0.0,2.0,896,139
55,11,880,176,896,192,1396.0,1466.4,2394.2,2464.6,1,578,147968.0,298.0,8.905,0.0139,1170.7666,473.0,327.0,146.0,13.0,0.0,0.0,0.0,374,86
56,11,896,176,912,192,1466.4,1536.8,2394.2,2464.6,1,583,149248.0,299.0,8.9282,0.0137,1247.7606,153.0,87.0,66.0,1.0,1.0,0.0,1.0,165,50
57,11,912,176,928,192,1536.8,1607.2,2394.2,2464.6,1,581,148736.0,300.0,8.9189,0.0134,1303.9993,159.0,52.0,107.0,0.0,0.0,0.0,0.0,121,34
4,12,64,192,80,208,-2194.4,-2124.0,2323.8,2394.2,1,476,121856.0,279.0,10.2746,0.0133,4091.2535,223.0,221.0,2.0,0.0,0.0,0.0,0.0,8,4
5,12,80,192,96,208,-2124.0,-2053.6,2323.8,2394.2,1,484,123904.0,253.0,8.4451,0.0136,951.2213,52.0,18.0,34.0,0.0,1.0,0.0,1.0,46,16
6,12,96,192,112,208,-2053.6,-1983.2,2323.8,2394.2,1,482,123392.0,254.0,8.4368,0.0138,879.0051,153.0,86.0,67.0,1.0,2.0,1.0,1.0,122,44
7,12,112,192,128,208,-1983.2,-1912.8,2323.8,2394.2,1,481,123136.0,253.0,8.4244,0.014,801.7149,241.0,80.0,161.0,3.0,1.0,0.0,1.0,251,68
8,12,128,192,144,208,-1912.8,-1842.4,2323.8,2394.2,1,483,123648.0,257.0,8.491,0.0142,880.0858,569.0,93.0,476.0,17.0,2.0,1.0,1.0,184,45
9,12,144,192,160,208,-1842.4,-1772.0,2323.8,2394.2,1,477,122112.0,256.0,8.4659,0.0145,739.2937,49.0,27.0,22.0,19.0,0.0,0.0,0.0,38,15
10,12,160,192,176,208,-1772.0,-1701.6,2323.8,2394.2,1,475,121600.0,255.0,8.4576,0.0147,698.8078,78.0,57.0,21.0,24.0,0.0,0.0,0.0,70,28
11,12,176,192,192,208,-1701.6,-1631.2,2323.8,2394.2,1,472,120832.0,248.0,8.4161,0.0149,617.6876,117.0,72.0,45.0,10.0,0.0,0.0,0.0,154,61
12,12,192,192,208,208,-1631.2,-1560.8,2323.8,2394.2,1,470,120320.0,246.0,8.412,0.0151,620.0098,118.0,90.0,28.0,19.0,0.0,0.0,0.0,164,61
13,12,208,192,224,208,-1560.8,-1490.4,2323.8,2394.2,1,465,119040.0,235.0,8.2622,0.0153,486.3366,132.0,106.0,26.0,15.0,0.0,0.0,0.0,158,61
14,12,224,192,240,208,-1490.4,-1420.0,2323.8,2394.2,1,465,119040.0,235.0,8.2622,0.0155,496.2592,202.0,100.0,102.0,9.0,0.0,0.0,0.0,162,57
15,12,240,192,256,208,-1420.0,-1349.6,2323.8,2394.2,1,464,118784.0,237.0,8.2582,0.0157,486.9525,58.0,28.0,30.0,0.0,0.0,0.0,0.0,60,20
16,12,256,192,272,208,-1349.6,-1279.2,2323.8,2394.2,1,464,118784.0,233.0,8.1952,0.0159,463.4737,0.0,0.0,0.0,0.0,0.0,0.0,0.0,0,0
17,12,272,192,288,208,-1279.2,-1208.8,2323.8,2394.2,1,463,118528.0,232.0,8.1913,0.0161,459.7927,182.0,147.0,35.0,9.0,0.0,0.0,0.0,156,54
18,12,288,192,304,208,-1208.8,-1138.4,2323.8,2394.2,1,460,117760.0,231.0,8.2069,0.0162,429.472,223.0,196.0,27.0,73.0,2.0,1.0,1.0,272,96
19,12,304,192,320,208,-1138.4,-1068.0,2323.8,2394.2,1,461,118016.0,233.0,8.2702,0.0164,434.2342,404.0,384.0,20.0,219.0,0.0,0.0,0.0,513,171
20,12,320,192,336,208,-1068.0,-997.6,2323.8,2394.2,1,463,118528.0,236.0,8.3873,0.0166,459.146,462.0,442.0,20.0,184.0,2.0,2.0,0.0,521,159
21,12,336,192,352,208,-997.6,-927.2,2323.8,2394.2,1,471,120576.0,253.0,8.4827,0.0167,598.9539,385.0,371.0,14.0,119.0,0.0,0.0,0.0,432,124
22,12,352,192,368,208,-927.2,-856.8,2323.8,2394.2,1,473,121088.0,253.0,8.491,0.0168,640.0248,288.0,270.0,18.0,106.0,0.0,0.0,0.0,389,130
23,12,368,192,384,208,-856.8,-786.4,2323.8,2394.2,1,483,123648.0,261.0,8.4701,0.0169,753.561,279.0,253.0,26.0,97.0,0.0,0.0,0.0,389,126
24,12,384,192,400,208,-786.4,-716.0,2323.8,2394.2,1,513,131328.0,292.0,8.782,0.0171,1148.8889,297.0,275.0,22.0,88.0,1.0,1.0,0.0,393,129
25,12,400,192,416,208,-716.0,-645.6,2323.8,2394.2,1,537,137472.0,291.0,8.8545,0.0173,1449.7612,297.0,281.0,16.0,80.0,1.0,1.0,0.0,332,112
26,12,416,192,432,208,-645.6,-575.2,2323.8,2394.2,1,580,148480.0,356.0,10.8595,0.0174,3177.6595,311.0,271.0,40.0,96.0,1.0,1.0,0.0,347,112
27,12,432,192,448,208,-575.2,-504.8,2323.8,2394.2,1,582,148992.0,354.0,10.9705,0.0175,3487.5824,326.0,268.0,58.0,74.0,0.0,0.0,0.0,375,114
28,12,448,192,464,208,-504.8,-434.4,2323.8,2394.2,1,557,142592.0,346.0,10.6573,0.0176,2924.6503,307.0,218.0,89.0,48.0,1.0,1.0,0.0,330,106
29,12,464,192,480,208,-434.4,-364.0,2323.8,2394.2,1,518,132608.0,294.0,9.9994,0.0176,2362.3879,257.0,217.0,40.0,100.0,0.0,0.0,0.0,257,89
30,12,480,192,496,208,-364.0,-293.6,2323.8,2394.2,1,489,125184.0,276.0,9.7996,0.0177,2173.2613,319.0,287.0,32.0,222.0,1.0,0.0,1.0,361,124
36,12,576,192,592,208,58.4,128.8,2323.8,2394.2,1,356,91136.0,186.0,7.426,0.0176,277.4562,267.0,263.0,4.0,7.0,3.0,3.0,0.0,64,25
37,12,592,192,608,208,128.8,199.2,2323.8,2394.2,1,393,100608.0,245.0,7.8433,0.0175,440.0461,27001.0,26996.0,5.0,686.0,3.0,3.0,0.0,761,236
38,12,608,192,624,208,199.2,269.6,2323.8,2394.2,1,434,111104.0,296.0,8.4079,0.0174,623.9897,343.0,342.0,1.0,229.0,0.0,0.0,0.0,491,155
39,12,624,192,640,208,269.6,340.0,2323.8,2394.2,1,466,119296.0,317.0,8.9235,0.0173,936.7073,803.0,560.0,243.0,299.0,3.0,2.0,1.0,943,198
40,12,640,192,656,208,340.0,410.4,2323.8,2394.2,1,490,125440.0,328.0,9.1911,0.0172,1411.6938,27508.0,27305.0,203.0,742.0,9.0,5.0,4.0,1236,236
41,12,656,192,672,208,410.4,480.8,2323.8,2394.2,1,506,129536.0,330.0,9.3208,0.0171,1480.0824,857.0,738.0,119.0,79.0,0.0,0.0,0.0,636,131
42,12,672,192,688,208,480.8,551.2,2323.8,2394.2,1,507,129792.0,330.0,9.3259,0.0169,1421.0448,562.0,485.0,77.0,125.0,1.0,1.0,0.0,535,138
43,12,688,192,704,208,551.2,621.6,2323.8,2394.2,1,473,121088.0,256.0,8.3792,0.0168,562.9032,2056.0,2042.0,14.0,649.0,8.0,8.0,0.0,798,166
44,12,704,192,720,208,621.6,692.0,2323.8,2394.2,1,470,120320.0,256.0,8.3588,0.0166,478.9236,1280.0,1270.0,10.0,354.0,1.0,1.0,0.0,850,170
45,12,720,192,736,208,692.0,762.4,2323.8,2394.2,1,473,121088.0,256.0,8.371,0.0164,501.828,837.0,800.0,37.0,307.0,1.0,1.0,0.0,761,170
46,12,736,192,752,208,762.4,832.8,2323.8,2394.2,1,467,119552.0,244.0,8.1796,0.0162,360.2296,1142.0,1106.0,36.0,388.0,1.0,0.0,1.0,753,167
47,12,752,192,768,208,832.8,903.2,2323.8,2394.2,1,468,119808.0,241.0,8.2069,0.0159,351.0295,491.0,473.0,18.0,139.0,1.0,1.0,0.0,596,147
48,12,768,192,784,208,903.2,973.6,2323.8,2394.2,1,476,121856.0,247.0,8.2901,0.0157,389.863,596.0,580.0,16.0,158.0,4.0,2.0,2.0,547,132
49,12,784,192,800,208,973.6,1044.0,2323.8,2394.2,1,497,127232.0,280.0,8.5332,0.0154,638.0842,1395.0,1379.0,16.0,661.0,3.0,2.0,1.0,397,120
50,12,800,192,816,208,1044.0,1114.4,2323.8,2394.2,1,542,138752.0,293.0,8.7374,0.0151,950.6605,64.0,42.0,22.0,0.0,0.0,0.0,0.0,76,29
51,12,816,192,832,208,1114.4,1184.8,2323.8,2394.2,1,574,146944.0,299.0,8.8866,0.0149,1164.5659,59.0,26.0,33.0,0.0,1.0,0.0,1.0,64,22
52,12,832,192,848,208,1184.8,1255.2,2323.8,2394.2,1,589,150784.0,300.0,8.9561,0.0147,1252.4085,93.0,38.0,55.0,0.0,1.0,0.0,1.0,73,27
53,12,848,192,864,208,1255.2,1325.6,2323.8,2394.2,1,589,150784.0,299.0,8.9561,0.0145,1208.0884,683.0,458.0,225.0,43.0,2.0,2.0,0.0,301,77
54,12,864,192,880,208,1325.6,1396.0,2323.8,2394.2,1,596,152576.0,296.0,8.9795,0.0143,1269.4317,983.0,686.0,297.0,21.0,1.0,1.0,0.0,782,131
55,12,880,192,896,208,1396.0,1466.4,2323.8,2394.2,1,600,153600.0,298.0,8.9984,0.014,1310.7196,680.0,576.0,104.0,20.0,1.0,0.0,1.0,360,91
56,12,896,192,912,208,1466.4,1536.8,2323.8,2394.2,1,604,154624.0,295.0,9.0173,0.0138,1387.2363,292.0,225.0,67.0,6.0,1.0,1.0,0.0,176,54
57,12,912,192,928,208,1536.8,1607.2,2323.8,2394.2,1,607,155392.0,296.0,9.0315,0.0136,1483.3794,198.0,97.0,101.0,0.0,1.0,0.0,1.0,137,44
4,13,64,208,80,224,-2194.4,-2124.0,2253.4,2323.8,1,487,124672.0,309.0,10.374,0.0134,6139.9132,13.0,7.0,6.0,0.0,0.0,0.0,0.0,13,7
5,13,80,208,96,224,-2124.0,-2053.6,2253.4,2323.8,1,485,124160.0,253.0,8.4493,0.0137,955.7068,76.0,48.0,28.0,0.0,0.0,0.0,0.0,81,30
6,13,96,208,112,224,-2053.6,-1983.2,2253.4,2323.8,1,485,124160.0,254.0,8.4493,0.0139,913.2626,106.0,59.0,47.0,0.0,0.0,0.0,0.0,107,38
7,13,112,208,128,224,-1983.2,-1912.8,2253.4,2323.8,1,483,123648.0,252.0,8.4327,0.0142,837.0879,155.0,72.0,83.0,23.0,1.0,0.0,1.0,154,53
8,13,128,208,144,224,-1912.8,-1842.4,2253.4,2323.8,1,485,124160.0,254.0,8.441,0.0144,890.7815,188.0,105.0,83.0,15.0,0.0,0.0,0.0,158,50
9,13,144,208,160,224,-1842.4,-1772.0,2253.4,2323.8,1,481,123136.0,253.0,8.4285,0.0146,786.4876,95.0,73.0,22.0,17.0,0.0,0.0,0.0,86,34
10,13,160,208,176,224,-1772.0,-1701.6,2253.4,2323.8,1,477,122112.0,252.0,8.4079,0.0148,678.0795,127.0,88.0,39.0,20.0,1.0,1.0,0.0,138,57
11,13,176,208,192,224,-1701.6,-1631.2,2253.4,2323.8,1,477,122112.0,250.0,8.3955,0.0151,674.2762,94.0,70.0,24.0,18.0,2.0,0.0,2.0,112,48
12,13,192,208,208,224,-1631.2,-1560.8,2253.4,2323.8,1,474,121344.0,237.0,8.2782,0.0153,534.1065,92.0,69.0,23.0,15.0,1.0,1.0,0.0,108,40
13,13,208,208,224,224,-1560.8,-1490.4,2253.4,2323.8,1,472,120832.0,234.0,8.2345,0.0155,499.8449,173.0,110.0,63.0,19.0,0.0,0.0,0.0,188,64
14,13,224,208,240,224,-1490.4,-1420.0,2253.4,2323.8,1,473,121088.0,235.0,8.2384,0.0157,495.232,291.0,234.0,57.0,19.0,1.0,0.0,1.0,306,86
15,13,240,208,256,224,-1420.0,-1349.6,2253.4,2323.8,1,473,121088.0,232.0,8.1757,0.0158,482.1204,225.0,174.0,51.0,2.0,0.0,0.0,0.0,212,41
16,13,256,208,272,224,-1349.6,-1279.2,2253.4,2323.8,1,474,121344.0,232.0,8.1796,0.016,478.6175,96.0,84.0,12.0,4.0,2.0,2.0,0.0,69,29
17,13,272,208,288,224,-1279.2,-1208.8,2253.4,2323.8,1,475,121600.0,233.0,8.2384,0.0162,485.1951,411.0,362.0,49.0,142.0,0.0,0.0,0.0,518,162
18,13,288,208,304,224,-1208.8,-1138.4,2253.4,2323.8,1,478,122368.0,233.0,8.2503,0.0164,486.0416,433.0,402.0,31.0,192.0,0.0,0.0,0.0,509,165
19,13,304,208,320,224,-1138.4,-1068.0,2253.4,2323.8,1,478,122368.0,233.0,8.2782,0.0166,478.8203,303.0,285.0,18.0,89.0,1.0,1.0,0.0,327,113
20,13,320,208,336,224,-1068.0,-997.6,2253.4,2323.8,1,477,122112.0,232.0,8.2742,0.0168,454.8015,244.0,233.0,11.0,62.0,0.0,0.0,0.0,294,109
21,13,336,208,352,224,-997.6,-927.2,2253.4,2323.8,1,476,121856.0,239.0,8.4244,0.0169,599.2885,350.0,331.0,19.0,85.0,1.0,0.0,1.0,395,127
22,13,352,208,368,224,-927.2,-856.8,2253.4,2323.8,1,483,123648.0,252.0,8.4618,0.0171,566.4048,357.0,343.0,14.0,93.0,1.0,0.0,1.0,401,126
23,13,368,208,384,224,-856.8,-786.4,2253.4,2323.8,1,496,126976.0,255.0,8.4868,0.0172,707.3818,336.0,307.0,29.0,123.0,1.0,1.0,0.0,432,139
24,13,384,208,400,224,-786.4,-716.0,2253.4,2323.8,1,525,134400.0,276.0,8.6233,0.0175,978.6129,379.0,344.0,35.0,94.0,0.0,0.0,0.0,402,128
25,13,400,208,416,224,-716.0,-645.6,2253.4,2323.8,1,573,146688.0,292.0,8.9842,0.0176,1523.091,358.0,319.0,39.0,102.0,0.0,0.0,0.0,400,124
26,13,416,208,432,224,-645.6,-575.2,2253.4,2323.8,1,623,159488.0,355.0,11.1414,0.0178,3291.1864,368.0,313.0,55.0,112.0,0.0,0.0,0.0,416,132
27,13,432,208,448,224,-575.2,-504.8,2253.4,2323.8,1,648,165888.0,355.0,11.4307,0.0179,3964.7499,338.0,301.0,37.0,89.0,1.0,1.0,0.0,375,123
28,13,448,208,464,224,-504.8,-434.4,2253.4,2323.8,1,643,164608.0,351.0,11.1995,0.0179,3486.4021,282.0,257.0,25.0,84.0,0.0,0.0,0.0,364,116
29,13,464,208,480,224,-434.4,-364.0,2253.4,2323.8,1,644,164864.0,354.0,11.2657,0.018,3524.1564,419.0,375.0,44.0,128.0,2.0,2.0,0.0,506,145
30,13,480,208,496,224,-364.0,-293.6,2253.4,2323.8,1,643,164608.0,352.0,11.2509,0.0181,3510.0574,555.0,525.0,30.0,319.0,0.0,0.0,0.0,564,164
31,13,496,208,512,224,-293.6,-223.2,2253.4,2323.8,1,625,160000.0,355.0,11.1631,0.0181,2997.9188,66.0,44.0,22.0,23.0,0.0,0.0,0.0,48,20
32,13,512,208,528,224,-223.2,-152.8,2253.4,2323.8,1,574,146944.0,332.0,10.8048,0.0181,2237.0726,0.0,0.0,0.0,0.0,0.0,0.0,0.0,0,0
33,13,528,208,544,224,-152.8,-82.4,2253.4,2323.8,1,480,122880.0,261.0,8.4868,0.0181,743.7814,122.0,71.0,51.0,0.0,0.0,0.0,0.0,28,14
34,13,544,208,560,224,-82.4,-12.0,2253.4,2323.8,1,500,128000.0,256.0,8.5545,0.0181,735.6551,284.0,208.0,76.0,0.0,2.0,1.0,1.0,62,21
35,13,560,208,576,224,-12.0,58.4,2253.4,2323.8,1,520,133120.0,257.0,8.6406,0.018,744.6649,57.0,56.0,1.0,27.0,0.0,0.0,0.0,25,10
36,13,576,208,592,224,58.4,128.8,2253.4,2323.8,1,508,130048.0,258.0,8.5759,0.0179,616.3829,106.0,104.0,2.0,49.0,0.0,0.0,0.0,160,66
37,13,592,208,608,224,128.8,199.2,2253.4,2323.8,1,512,131072.0,254.0,8.4952,0.0179,541.6805,697.0,686.0,11.0,451.0,4.0,4.0,0.0,1055,214
38,13,608,208,624,224,199.2,269.6,2253.4,2323.8,1,535,136960.0,307.0,8.9984,0.0177,1301.2519,420.0,412.0,8.0,217.0,0.0,0.0,0.0,563,165
39,13,624,208,640,224,269.6,340.0,2253.4,2323.8,1,542,138752.0,316.0,9.1567,0.0176,1342.3323,816.0,488.0,328.0,204.0,4.0,1.0,3.0,968,187
40,13,640,208,656,224,340.0,410.4,2253.4,2323.8,1,555,142080.0,332.0,9.5171,0.0175,1937.7624,803.0,634.0,169.0,211.0,2.0,0.0,2.0,889,189
41,13,656,208,672,224,410.4,480.8,2253.4,2323.8,1,558,142848.0,334.0,9.5969,0.0174,1983.1765,1648.0,1518.0,130.0,707.0,1.0,0.0,1.0,1787,219
42,13,672,208,688,224,480.8,551.2,2253.4,2323.8,1,548,140288.0,333.0,9.5436,0.0172,1736.2581,1009.0,952.0,57.0,447.0,1.0,0.0,1.0,1324,203
43,13,688,208,704,224,551.2,621.6,2253.4,2323.8,1,513,131328.0,259.0,8.5502,0.017,679.4978,399.0,387.0,12.0,119.0,0.0,0.0,0.0,468,138
44,13,704,208,720,224,621.6,692.0,2253.4,2323.8,1,504,129024.0,258.0,8.5037,0.0168,629.3335,488.0,477.0,11.0,125.0,1.0,1.0,0.0,516,143
45,13,720,208,736,224,692.0,762.4,2253.4,2323.8,1,490,125440.0,246.0,8.4079,0.0166,453.6306,575.0,558.0,17.0,181.0,2.0,2.0,0.0,708,170
46,13,736,208,752,224,762.4,832.8,2253.4,2323.8,1,489,125184.0,237.0,8.2227,0.0163,381.1436,644.0,624.0,20.0,241.0,1.0,1.0,0.0,790,185
47,13,752,208,768,224,832.8,903.2,2253.4,2323.8,1,490,125440.0,239.0,8.2662,0.0161,386.8322,400.0,392.0,8.0,143.0,0.0,0.0,0.0,544,147
48,13,768,208,784,224,903.2,973.6,2253.4,2323.8,1,493,126208.0,240.0,8.3102,0.0158,407.1233,394.0,378.0,16.0,83.0,3.0,3.0,0.0,492,127
49,13,784,208,800,224,973.6,1044.0,2253.4,2323.8,1,505,129280.0,251.0,8.4368,0.0155,489.416,660.0,634.0,26.0,151.0,2.0,1.0,1.0,564,135
50,13,800,208,816,224,1044.0,1114.4,2253.4,2323.8,1,546,139776.0,289.0,8.7418,0.0153,1029.726,290.0,256.0,34.0,25.0,3.0,2.0,1.0,242,80
51,13,816,208,832,224,1114.4,1184.8,2253.4,2323.8,1,589,150784.0,297.0,8.9515,0.0151,1362.4903,325.0,295.0,30.0,35.0,2.0,2.0,0.0,277,85
52,13,832,208,848,224,1184.8,1255.2,2253.4,2323.8,1,602,154112.0,299.0,9.0125,0.0148,1422.1432,475.0,433.0,42.0,38.0,4.0,2.0,2.0,298,81
53,13,848,208,864,224,1255.2,1325.6,2253.4,2323.8,1,606,155136.0,299.0,9.0315,0.0146,1436.4047,987.0,742.0,245.0,21.0,4.0,3.0,1.0,491,125
54,13,864,208,880,224,1325.6,1396.0,2253.4,2323.8,1,611,156416.0,299.0,9.0553,0.0144,1458.0053,676.0,538.0,138.0,25.0,5.0,4.0,1.0,571,131
55,13,880,208,896,224,1396.0,1466.4,2253.4,2323.8,1,614,157184.0,301.0,9.0697,0.0142,1496.4382,356.0,289.0,67.0,21.0,1.0,1.0,0.0,327,86
56,13,896,208,912,224,1466.4,1536.8,2253.4,2323.8,1,617,157952.0,301.0,9.0841,0.014,1548.2916,151.0,84.0,67.0,3.0,2.0,1.0,1.0,154,49
57,13,912,208,928,224,1536.8,1607.2,2253.4,2323.8,1,621,158976.0,302.0,9.1033,0.0137,1677.8627,195.0,94.0,101.0,1.0,0.0,0.0,0.0,149,48
58,13,928,208,944,224,1607.2,1677.6,2253.4,2323.8,1,582,148992.0,296.0,8.9143,0.0135,1659.7157,19.0,11.0,8.0,0.0,0.0,0.0,0.0,36,12
59,13,944,208,960,224,1677.6,1748.0,2253.4,2323.8,1,515,131840.0,299.0,8.9189,0.0133,1607.4267,1.0,1.0,0.0,0.0,0.0,0.0,0.0,2,1
60,13,960,208,976,224,1748.0,1818.4,2253.4,2323.8,1,494,126464.0,346.0,9.7717,0.013,3378.4775,0.0,0.0,0.0,0.0,0.0,0.0,0.0,0,0
4,14,64,224,80,240,-2194.4,-2124.0,2183.0,2253.4,1,508,130048.0,336.0,10.5137,0.0136,9411.7781,105.0,96.0,9.0,2.0,0.0,0.0,0.0,58,22
5,14,80,224,96,240,-2124.0,-2053.6,2183.0,2253.4,1,493,126208.0,257.0,8.5079,0.0138,1075.7447,89.0,60.0,29.0,5.0,0.0,0.0,0.0,92,31
6,14,96,224,112,240,-2053.6,-1983.2,2183.0,2253.4,1,495,126720.0,255.0,8.491,0.0141,1030.1115,107.0,58.0,49.0,6.0,0.0,0.0,0.0,108,45
7,14,112,224,128,240,-1983.2,-1912.8,2183.0,2253.4,1,493,126208.0,253.0,8.4743,0.0143,917.0453,194.0,124.0,70.0,27.0,1.0,1.0,0.0,135,50
8,14,128,224,144,240,-1912.8,-1842.4,2183.0,2253.4,1,495,126720.0,255.0,8.4827,0.0145,976.4431,123.0,98.0,25.0,26.0,0.0,0.0,0.0,108,39
9,14,144,224,160,240,-1842.4,-1772.0,2183.0,2253.4,1,491,125696.0,254.0,8.4701,0.0148,839.8572,146.0,112.0,34.0,25.0,1.0,1.0,0.0,127,48
10,14,160,224,176,240,-1772.0,-1701.6,2183.0,2253.4,1,488,124928.0,252.0,8.4534,0.015,742.859,157.0,113.0,44.0,49.0,1.0,0.0,1.0,174,66
11,14,176,224,192,240,-1701.6,-1631.2,2183.0,2253.4,1,485,124160.0,245.0,8.4161,0.0152,693.0028,148.0,99.0,49.0,39.0,0.0,0.0,0.0,156,57
12,14,192,224,208,240,-1631.2,-1560.8,2183.0,2253.4,1,482,123392.0,233.0,8.2742,0.0154,545.1796,120.0,97.0,23.0,37.0,0.0,0.0,0.0,148,55
13,14,208,224,224,240,-1560.8,-1490.4,2183.0,2253.4,1,482,123392.0,233.0,8.2742,0.0156,545.1796,242.0,207.0,35.0,38.0,0.0,0.0,0.0,213,74
14,14,224,224,240,240,-1490.4,-1420.0,2183.0,2253.4,1,482,123392.0,235.0,8.2742,0.0158,538.6824,678.0,641.0,37.0,46.0,0.0,0.0,0.0,400,108
15,14,240,224,256,240,-1420.0,-1349.6,2183.0,2253.4,1,485,124160.0,233.0,8.2227,0.016,531.9189,1120.0,1071.0,49.0,29.0,1.0,0.0,1.0,575,115
16,14,256,224,272,240,-1349.6,-1279.2,2183.0,2253.4,1,486,124416.0,233.0,8.2266,0.0162,537.4751,1250.0,1140.0,110.0,275.0,3.0,3.0,0.0,1029,193
17,14,272,224,288,240,-1279.2,-1208.8,2183.0,2253.4,1,484,123904.0,230.0,8.2187,0.0164,497.5595,815.0,740.0,75.0,135.0,3.0,1.0,2.0,777,163
18,14,288,224,304,240,-1208.8,-1138.4,2183.0,2253.4,1,485,124160.0,231.0,8.2227,0.0166,492.0423,489.0,453.0,36.0,67.0,2.0,2.0,0.0,541,142
19,14,304,224,320,240,-1138.4,-1068.0,2183.0,2253.4,1,483,123648.0,232.0,8.2148,0.0167,459.7864,435.0,397.0,38.0,60.0,0.0,0.0,0.0,525,138
20,14,320,224,336,240,-1068.0,-997.6,2183.0,2253.4,1,476,121856.0,226.0,8.0567,0.0169,376.2631,397.0,371.0,26.0,76.0,0.0,0.0,0.0,444,122
21,14,336,224,352,240,-997.6,-927.2,2183.0,2253.4,1,474,121344.0,226.0,8.0416,0.0171,345.4481,330.0,302.0,28.0,63.0,0.0,0.0,0.0,395,125
22,14,352,224,368,240,-927.2,-856.8,2183.0,2253.4,1,473,121088.0,229.0,8.1369,0.0173,318.4255,302.0,293.0,9.0,86.0,0.0,0.0,0.0,390,116
23,14,368,224,384,240,-856.8,-786.4,2183.0,2253.4,1,490,125440.0,252.0,8.3997,0.0175,538.8057,326.0,315.0,11.0,107.0,0.0,0.0,0.0,405,128
24,14,384,224,400,240,-786.4,-716.0,2183.0,2253.4,1,520,133120.0,267.0,8.5375,0.0178,835.6179,434.0,425.0,9.0,149.0,0.0,0.0,0.0,502,149
25,14,400,224,416,240,-716.0,-645.6,2183.0,2253.4,1,580,148480.0,292.0,8.9749,0.018,1463.8099,405.0,389.0,16.0,162.0,2.0,2.0,0.0,529,148
26,14,416,224,432,240,-645.6,-575.2,2183.0,2253.4,1,632,161792.0,356.0,11.1995,0.0181,2836.4047,364.0,319.0,45.0,126.0,1.0,0.0,1.0,466,141
27,14,432,224,448,240,-575.2,-504.8,2183.0,2253.4,1,674,172544.0,360.0,11.632,0.0182,4087.8509,304.0,272.0,32.0,113.0,1.0,1.0,0.0,406,133
28,14,448,224,464,240,-504.8,-434.4,2183.0,2253.4,1,669,171264.0,355.0,11.3928,0.0183,3630.2988,339.0,317.0,22.0,107.0,1.0,1.0,0.0,400,122
29,14,464,224,480,240,-434.4,-364.0,2183.0,2253.4,1,678,173568.0,354.0,11.4612,0.0184,3784.9126,568.0,505.0,63.0,212.0,3.0,3.0,0.0,509,145
30,14,480,224,496,240,-364.0,-293.6,2183.0,2253.4,1,688,176128.0,358.0,11.5305,0.0184,3942.476,1011.0,974.0,37.0,361.0,4.0,4.0,0.0,1020,198
31,14,496,224,512,240,-293.6,-223.2,2183.0,2253.4,1,679,173824.0,359.0,11.5073,0.0184,3478.4826,793.0,773.0,20.0,337.0,1.0,1.0,0.0,835,195
32,14,512,224,528,240,-223.2,-152.8,2183.0,2253.4,1,635,162560.0,316.0,9.2805,0.0185,1998.77,423.0,420.0,3.0,82.0,0.0,0.0,0.0,220,81
33,14,528,224,544,240,-152.8,-82.4,2183.0,2253.4,1,600,153600.0,268.0,8.9421,0.0184,1227.2441,376.0,358.0,18.0,117.0,0.0,0.0,0.0,383,126
34,14,544,224,560,240,-82.4,-12.0,2183.0,2253.4,1,599,153344.0,266.0,8.9984,0.0184,1111.0033,538.0,518.0,20.0,174.0,1.0,1.0,0.0,669,177
35,14,560,224,576,240,-12.0,58.4,2183.0,2253.4,1,589,150784.0,262.0,8.9421,0.0183,981.7056,773.0,760.0,13.0,418.0,0.0,0.0,0.0,1062,214
36,14,576,224,592,240,58.4,128.8,2183.0,2253.4,1,565,144640.0,248.0,8.5205,0.0182,639.5512,1114.0,1093.0,21.0,714.0,1.0,1.0,0.0,1429,220
37,14,592,224,608,240,128.8,199.2,2183.0,2253.4,1,547,140032.0,247.0,8.5332,0.0181,561.7329,467.0,462.0,5.0,218.0,0.0,0.0,0.0,723,185
38,14,608,224,624,240,199.2,269.6,2183.0,2253.4,1,575,147200.0,307.0,9.1911,0.018,1702.9096,329.0,326.0,3.0,96.0,1.0,1.0,0.0,431,139
39,14,624,224,640,240,269.6,340.0,2183.0,2253.4,1,578,147968.0,319.0,9.2905,0.0179,1678.2948,799.0,449.0,350.0,66.0,7.0,1.0,6.0,845,163
40,14,640,224,656,240,340.0,410.4,2183.0,2253.4,1,585,149760.0,335.0,9.6781,0.0178,2172.8302,638.0,472.0,166.0,61.0,5.0,5.0,0.0,765,165
41,14,656,224,672,240,410.4,480.8,2183.0,2253.4,1,588,150528.0,335.0,9.7606,0.0176,2329.6213,706.0,634.0,72.0,143.0,3.0,1.0,2.0,935,185
42,14,672,224,688,240,480.8,551.2,2183.0,2253.4,1,577,147712.0,338.0,9.7054,0.0174,2053.4468,1256.0,1228.0,28.0,540.0,3.0,3.0,0.0,1728,210
43,14,688,224,704,240,551.2,621.6,2183.0,2253.4,1,533,136448.0,259.0,8.6363,0.0173,752.0684,1041.0,1019.0,22.0,558.0,1.0,0.0,1.0,1516,217
44,14,704,224,720,240,621.6,692.0,2183.0,2253.4,1,518,132608.0,257.0,8.563,0.017,633.6127,978.0,956.0,22.0,537.0,1.0,0.0,1.0,1421,217
45,14,720,224,736,240,692.0,762.4,2183.0,2253.4,1,508,130048.0,239.0,8.2982,0.0168,427.5326,769.0,753.0,16.0,426.0,0.0,0.0,0.0,1160,211
46,14,736,224,752,240,762.4,832.8,2183.0,2253.4,1,501,128256.0,232.0,8.2463,0.0165,392.1213,551.0,538.0,13.0,300.0,2.0,2.0,0.0,798,187
47,14,752,224,768,240,832.8,903.2,2183.0,2253.4,1,499,127744.0,232.0,8.2384,0.0162,392.0453,371.0,365.0,6.0,145.0,0.0,0.0,0.0,507,150
48,14,768,224,784,240,903.2,973.6,2183.0,2253.4,1,504,129024.0,236.0,8.3102,0.0159,428.8098,321.0,320.0,1.0,111.0,1.0,1.0,0.0,424,137
49,14,784,224,800,240,973.6,1044.0,2183.0,2253.4,1,508,130048.0,242.0,8.3955,0.0157,469.4019,390.0,379.0,11.0,136.0,4.0,4.0,0.0,545,149
50,14,800,224,816,240,1044.0,1114.4,2183.0,2253.4,1,539,137984.0,285.0,8.7108,0.0155,941.4688,385.0,377.0,8.0,144.0,1.0,1.0,0.0,529,146
51,14,816,224,832,240,1114.4,1184.8,2183.0,2253.4,1,601,153856.0,297.0,9.0078,0.0152,1501.5482,274.0,267.0,7.0,91.0,1.0,1.0,0.0,342,103
52,14,832,224,848,240,1184.8,1255.2,2183.0,2253.4,1,614,157184.0,299.0,9.0697,0.015,1583.3515,253.0,242.0,11.0,71.0,0.0,0.0,0.0,312,98
53,14,848,224,864,240,1255.2,1325.6,2183.0,2253.4,1,622,159232.0,299.0,9.1033,0.0148,1645.9636,265.0,203.0,62.0,21.0,2.0,1.0,1.0,311,102
54,14,864,224,880,240,1325.6,1396.0,2183.0,2253.4,1,626,160256.0,299.0,9.1227,0.0146,1662.3754,232.0,145.0,87.0,32.0,0.0,0.0,0.0,277,95
55,14,880,224,896,240,1396.0,1466.4,2183.0,2253.4,1,630,161280.0,301.0,9.1421,0.0144,1711.5563,178.0,125.0,53.0,18.0,0.0,0.0,0.0,218,71
56,14,896,224,912,240,1466.4,1536.8,2183.0,2253.4,1,634,162304.0,301.0,9.1616,0.0141,1792.9116,105.0,69.0,36.0,6.0,2.0,0.0,2.0,147,54
57,14,912,224,928,240,1536.8,1607.2,2183.0,2253.4,1,633,162048.0,302.0,9.1567,0.0139,1845.8625,83.0,52.0,31.0,16.0,0.0,0.0,0.0,104,43
58,14,928,224,944,240,1607.2,1677.6,2183.0,2253.4,1,612,156672.0,298.0,9.0553,0.0137,1886.4397,87.0,44.0,43.0,8.0,1.0,0.0,1.0,97,35
59,14,944,224,960,240,1677.6,1748.0,2183.0,2253.4,1,573,146688.0,337.0,10.1172,0.0134,2455.5281,96.0,65.0,31.0,5.0,0.0,0.0,0.0,96,30
60,14,960,224,976,240,1748.0,1818.4,2183.0,2253.4,1,575,147200.0,354.0,10.2869,0.0132,4761.015,44.0,42.0,2.0,2.0,0.0,0.0,0.0,20,6
4,15,64,240,80,256,-2194.4,-2124.0,2112.6,2183.0,1,522,133632.0,350.0,10.5331,0.0137,13965.7762,358.0,345.0,13.0,9.0,3.0,3.0,0.0,147,32
5,15,80,240,96,256,-2124.0,-2053.6,2112.6,2183.0,1,492,125952.0,257.0,8.4244,0.014,1034.203,128.0,97.0,31.0,7.0,3.0,3.0,0.0,112,42
6,15,96,240,112,256,-2053.6,-1983.2,2112.6,2183.0,1,496,126976.0,255.0,8.4161,0.0142,1032.4752,182.0,123.0,59.0,7.0,0.0,0.0,0.0,150,55
7,15,112,240,128,256,-1983.2,-1912.8,2112.6,2183.0,1,496,126976.0,255.0,8.4079,0.0144,950.9136,167.0,124.0,43.0,41.0,0.0,0.0,0.0,135,48
8,15,128,240,144,256,-1912.8,-1842.4,2112.6,2183.0,1,497,127232.0,256.0,8.491,0.0147,975.8415,82.0,62.0,20.0,16.0,0.0,0.0,0.0,100,40
9,15,144,240,160,256,-1842.4,-1772.0,2112.6,2183.0,1,493,126208.0,255.0,8.4743,0.0149,839.0801,128.0,97.0,31.0,31.0,0.0,0.0,0.0,160,58
10,15,160,240,176,256,-1772.0,-1701.6,2112.6,2183.0,1,490,125440.0,252.0,8.4493,0.0151,774.0402,182.0,145.0,37.0,72.0,0.0,0.0,0.0,178,69
11,15,176,240,192,256,-1701.6,-1631.2,2112.6,2183.0,1,489,125184.0,239.0,8.3385,0.0153,630.5255,112.0,92.0,20.0,38.0,0.0,0.0,0.0,154,62
12,15,192,240,208,256,-1631.2,-1560.8,2112.6,2183.0,1,487,124672.0,235.0,8.2942,0.0155,579.1955,134.0,117.0,17.0,50.0,0.0,0.0,0.0,158,67
13,15,208,240,224,256,-1560.8,-1490.4,2112.6,2183.0,1,488,124928.0,235.0,8.2982,0.0157,580.4446,161.0,138.0,23.0,53.0,0.0,0.0,0.0,219,90
14,15,224,240,240,256,-1490.4,-1420.0,2112.6,2183.0,1,490,125440.0,234.0,8.2424,0.0159,578.7828,335.0,292.0,43.0,86.0,0.0,0.0,0.0,436,128
15,15,240,240,256,256,-1420.0,-1349.6,2112.6,2183.0,1,490,125440.0,234.0,8.2424,0.0161,572.072,937.0,816.0,121.0,233.0,2.0,2.0,0.0,1042,189
16,15,256,240,272,256,-1349.6,-1279.2,2112.6,2183.0,1,492,125952.0,232.0,8.2503,0.0163,568.1069,362.0,322.0,40.0,47.0,0.0,0.0,0.0,371,114
17,15,272,240,288,256,-1279.2,-1208.8,2112.6,2183.0,1,492,125952.0,232.0,8.2503,0.0165,552.7593,147.0,117.0,30.0,3.0,2.0,0.0,2.0,122,34
18,15,288,240,304,256,-1208.8,-1138.4,2112.6,2183.0,1,484,123904.0,230.0,8.2187,0.0167,476.0652,443.0,375.0,68.0,4.0,2.0,1.0,1.0,192,48
19,15,304,240,320,256,-1138.4,-1068.0,2112.6,2183.0,1,475,121600.0,225.0,8.0191,0.0168,376.1834,263.0,238.0,25.0,3.0,0.0,0.0,0.0,156,45
20,15,320,240,336,256,-1068.0,-997.6,2112.6,2183.0,1,470,120320.0,226.0,8.0004,0.017,328.153,378.0,309.0,69.0,5.0,0.0,0.0,0.0,281,80
21,15,336,240,352,256,-997.6,-927.2,2112.6,2183.0,1,470,120320.0,224.0,8.0004,0.0172,304.9566,378.0,283.0,95.0,11.0,1.0,1.0,0.0,319,95
22,15,352,240,368,256,-927.2,-856.8,2112.6,2183.0,1,473,121088.0,224.0,8.0116,0.0174,293.7837,348.0,302.0,46.0,17.0,0.0,0.0,0.0,361,112
23,15,368,240,384,256,-856.8,-786.4,2112.6,2183.0,1,477,122112.0,229.0,8.1524,0.0177,290.3888,400.0,369.0,31.0,27.0,0.0,0.0,0.0,426,118
24,15,384,240,400,256,-786.4,-716.0,2112.6,2183.0,1,504,129024.0,252.0,8.4576,0.018,612.19,580.0,552.0,28.0,44.0,1.0,0.0,1.0,521,131
25,15,400,240,416,256,-716.0,-645.6,2112.6,2183.0,1,583,149248.0,296.0,8.9889,0.0183,1503.6205,600.0,571.0,29.0,102.0,0.0,0.0,0.0,636,150
26,15,416,240,432,256,-645.6,-575.2,2112.6,2183.0,1,642,164352.0,343.0,11.2435,0.0185,2760.6783,907.0,845.0,62.0,221.0,3.0,3.0,0.0,858,189
27,15,432,240,448,256,-575.2,-504.8,2112.6,2183.0,1,694,177664.0,362.0,11.7595,0.0186,4349.5959,448.0,384.0,64.0,108.0,7.0,6.0,1.0,558,162
28,15,448,240,464,256,-504.8,-434.4,2112.6,2183.0,1,696,178176.0,357.0,11.5305,0.0187,4036.3497,257.0,237.0,20.0,56.0,2.0,1.0,1.0,333,120
29,15,464,240,480,256,-434.4,-364.0,2112.6,2183.0,1,712,182272.0,359.0,11.6557,0.0187,4285.8903,306.0,270.0,36.0,74.0,1.0,1.0,0.0,342,113
30,15,480,240,496,256,-364.0,-293.6,2112.6,2183.0,1,723,185088.0,362.0,11.7354,0.0187,4470.9837,517.0,492.0,25.0,122.0,0.0,0.0,0.0,451,145
31,15,496,240,512,256,-293.6,-223.2,2112.6,2183.0,1,717,183552.0,361.0,11.7354,0.0188,4036.264,700.0,682.0,18.0,229.0,2.0,2.0,0.0,924,191
32,15,512,240,528,256,-223.2,-152.8,2112.6,2183.0,1,642,164352.0,306.0,9.2655,0.0188,2243.3919,1094.0,1071.0,23.0,498.0,0.0,0.0,0.0,1474,214
33,15,528,240,544,256,-152.8,-82.4,2112.6,2183.0,1,593,151808.0,257.0,8.8408,0.0187,1121.3072,1079.0,1058.0,21.0,541.0,1.0,1.0,0.0,1583,218
34,15,544,240,560,256,-82.4,-12.0,2112.6,2183.0,1,587,150272.0,257.0,8.8682,0.0186,968.7645,798.0,790.0,8.0,438.0,0.0,0.0,0.0,1237,208
35,15,560,240,576,256,-12.0,58.4,2112.6,2183.0,1,580,148480.0,241.0,8.5248,0.0185,736.5034,553.0,550.0,3.0,291.0,1.0,1.0,0.0,888,202
36,15,576,240,592,256,58.4,128.8,2112.6,2183.0,1,577,147712.0,242.0,8.5079,0.0184,741.4676,389.0,385.0,4.0,119.0,1.0,1.0,0.0,536,152
37,15,592,240,608,256,128.8,199.2,2112.6,2183.0,1,577,147712.0,246.0,8.5079,0.0183,793.6515,314.0,312.0,2.0,62.0,0.0,0.0,0.0,408,132
38,15,608,240,624,256,199.2,269.6,2112.6,2183.0,1,606,155136.0,308.0,9.3462,0.0183,2543.8485,240.0,238.0,2.0,34.0,0.0,0.0,0.0,324,112
39,15,624,240,640,256,269.6,340.0,2112.6,2183.0,1,608,155648.0,313.0,9.3614,0.0182,2223.4948,903.0,388.0,515.0,35.0,6.0,3.0,3.0,797,154
40,15,640,240,656,256,340.0,410.4,2112.6,2183.0,1,614,157184.0,339.0,9.8389,0.018,2805.4439,642.0,484.0,158.0,35.0,0.0,0.0,0.0,737,151
41,15,656,240,672,256,410.4,480.8,2112.6,2183.0,1,610,156160.0,339.0,9.8842,0.0179,2857.9969,624.0,552.0,72.0,97.0,4.0,1.0,3.0,746,156
42,15,672,240,688,256,480.8,551.2,2112.6,2183.0,1,599,153344.0,338.0,9.8276,0.0177,2437.2186,801.0,770.0,31.0,160.0,1.0,1.0,0.0,840,167
43,15,688,240,704,256,551.2,621.6,2112.6,2183.0,1,549,140544.0,261.0,8.6931,0.0175,896.3388,397.0,378.0,19.0,53.0,0.0,0.0,0.0,449,120
44,15,704,240,720,256,621.6,692.0,2112.6,2183.0,1,522,133632.0,239.0,8.3466,0.0172,474.3032,361.0,347.0,14.0,76.0,2.0,2.0,0.0,451,126
45,15,720,240,736,256,692.0,762.4,2112.6,2183.0,1,515,131840.0,235.0,8.3022,0.0169,428.0497,362.0,347.0,15.0,95.0,1.0,1.0,0.0,435,133
46,15,736,240,752,256,762.4,832.8,2112.6,2183.0,1,506,129536.0,231.0,8.2622,0.0166,396.6107,413.0,404.0,9.0,200.0,0.0,0.0,0.0,569,164
47,15,752,240,768,256,832.8,903.2,2112.6,2183.0,1,506,129536.0,230.0,8.2582,0.0163,414.1057,471.0,465.0,6.0,291.0,0.0,0.0,0.0,713,185
48,15,768,240,784,256,903.2,973.6,2112.6,2183.0,1,507,129792.0,230.0,8.2622,0.016,429.3908,482.0,480.0,2.0,288.0,0.0,0.0,0.0,768,195
49,15,784,240,800,256,973.6,1044.0,2112.6,2183.0,1,511,130816.0,235.0,8.3344,0.0158,467.1173,516.0,512.0,4.0,318.0,1.0,1.0,0.0,790,193
50,15,800,240,816,256,1044.0,1114.4,2112.6,2183.0,1,523,133888.0,248.0,8.4995,0.0156,574.3073,462.0,456.0,6.0,273.0,1.0,1.0,0.0,716,173
51,15,816,240,832,256,1114.4,1184.8,2112.6,2183.0,1,603,154368.0,296.0,9.0125,0.0154,1624.8318,484.0,480.0,4.0,257.0,1.0,1.0,0.0,678,173
52,15,832,240,848,256,1184.8,1255.2,2112.6,2183.0,1,623,159488.0,298.0,9.1082,0.0152,1751.5939,283.0,269.0,14.0,134.0,2.0,1.0,1.0,397,125
53,15,848,240,864,256,1255.2,1325.6,2112.6,2183.0,1,630,161280.0,298.0,9.0937,0.0149,1735.5403,198.0,146.0,52.0,46.0,1.0,1.0,0.0,271,93
54,15,864,240,880,256,1325.6,1396.0,2112.6,2183.0,1,636,162816.0,300.0,9.1227,0.0147,1772.7291,209.0,141.0,68.0,49.0,0.0,0.0,0.0,268,99
55,15,880,240,896,256,1396.0,1466.4,2112.6,2183.0,1,638,163328.0,300.0,9.1324,0.0145,1798.3642,160.0,116.0,44.0,27.0,0.0,0.0,0.0,210,73
56,15,896,240,912,256,1466.4,1536.8,2112.6,2183.0,1,640,163840.0,299.0,9.1421,0.0143,1872.1874,149.0,106.0,43.0,26.0,0.0,0.0,0.0,154,55
57,15,912,240,928,256,1536.8,1607.2,2112.6,2183.0,1,643,164608.0,301.0,9.1567,0.014,1992.9139,62.0,38.0,24.0,10.0,1.0,1.0,0.0,86,38
58,15,928,240,944,256,1607.2,1677.6,2112.6,2183.0,1,629,161024.0,315.0,9.4283,0.0138,2166.01,34.0,19.0,15.0,10.0,0.0,0.0,0.0,44,19
59,15,944,240,960,256,1677.6,1748.0,2112.6,2183.0,1,622,159232.0,365.0,10.4752,0.0135,4446.7303,187.0,168.0,19.0,28.0,2.0,2.0,0.0,114,27
60,15,960,240,976,256,1748.0,1818.4,2112.6,2183.0,1,616,157696.0,360.0,10.585,0.0133,7067.7366,183.0,143.0,40.0,28.0,0.0,0.0,0.0,114,30
4,16,64,256,80,272,-2194.4,-2124.0,2042.2,2112.6,1,526,134656.0,352.0,10.559,0.0139,15953.5152,1141.0,1138.0,3.0,23.0,0.0,0.0,0.0,109,29
5,16,80,256,96,272,-2124.0,-2053.6,2042.2,2112.6,1,509,130304.0,299.0,10.4054,0.0141,5709.883,141.0,82.0,59.0,4.0,1.0,0.0,1.0,113,46
6,16,96,256,112,272,-2053.6,-1983.2,2042.2,2112.6,1,500,128000.0,256.0,8.4327,0.0143,1117.3509,128.0,73.0,55.0,14.0,0.0,0.0,0.0,129,50
7,16,112,256,128,272,-1983.2,-1912.8,2042.2,2112.6,1,498,127488.0,256.0,8.4161,0.0145,1015.7762,146.0,108.0,38.0,17.0,0.0,0.0,0.0,132,49
8,16,128,256,144,272,-1912.8,-1842.4,2042.2,2112.6,1,500,128000.0,255.0,8.4244,0.0148,1016.7525,91.0,68.0,23.0,19.0,0.0,0.0,0.0,103,38
9,16,144,256,160,272,-1842.4,-1772.0,2042.2,2112.6,1,496,126976.0,254.0,8.4079,0.015,874.4487,153.0,122.0,31.0,51.0,1.0,0.0,1.0,184,68
10,16,160,256,176,272,-1772.0,-1701.6,2042.2,2112.6,1,494,126464.0,249.0,8.3792,0.0152,811.6043,178.0,156.0,22.0,62.0,0.0,0.0,0.0,186,64
11,16,176,256,192,272,-1701.6,-1631.2,2042.2,2112.6,1,489,125184.0,235.0,8.2266,0.0154,612.9621,183.0,155.0,28.0,50.0,0.0,0.0,0.0,219,79
12,16,192,256,208,272,-1631.2,-1560.8,2042.2,2112.6,1,490,125440.0,234.0,8.2305,0.0156,610.6571,204.0,168.0,36.0,60.0,0.0,0.0,0.0,242,78
13,16,208,256,224,272,-1560.8,-1490.4,2042.2,2112.6,1,490,125440.0,231.0,8.1679,0.0158,595.5365,222.0,191.0,31.0,67.0,2.0,1.0,1.0,281,86
14,16,224,256,240,272,-1490.4,-1420.0,2042.2,2112.6,1,491,125696.0,233.0,8.1718,0.016,604.9108,322.0,275.0,47.0,96.0,1.0,0.0,1.0,369,109
15,16,240,256,256,272,-1420.0,-1349.6,2042.2,2112.6,1,495,126720.0,234.0,8.1874,0.0161,627.5093,270.0,223.0,47.0,71.0,1.0,0.0,1.0,277,89
16,16,256,256,272,272,-1349.6,-1279.2,2042.2,2112.6,1,495,126720.0,232.0,8.1874,0.0163,615.5361,0.0,0.0,0.0,0.0,0.0,0.0,0.0,0,0
17,16,272,256,288,272,-1279.2,-1208.8,2042.2,2112.6,1,477,122112.0,225.0,7.9559,0.0165,433.9055,72.0,4.0,68.0,0.0,0.0,0.0,0.0,18,5
18,16,288,256,304,272,-1208.8,-1138.4,2042.2,2112.6,1,462,118272.0,224.0,7.901,0.0167,314.2769,575.0,375.0,200.0,9.0,2.0,0.0,2.0,63,18
19,16,304,256,320,272,-1138.4,-1068.0,2042.2,2112.6,1,459,117504.0,221.0,7.8901,0.0169,278.107,320.0,317.0,3.0,0.0,2.0,2.0,0.0,39,6
20,16,320,256,336,272,-1068.0,-997.6,2042.2,2112.6,1,459,117504.0,221.0,7.8901,0.017,289.7323,190.0,173.0,17.0,28.0,2.0,2.0,0.0,43,13
21,16,336,256,352,272,-997.6,-927.2,2042.2,2112.6,1,460,117760.0,219.0,7.8937,0.0172,300.7355,104.0,91.0,13.0,3.0,1.0,1.0,0.0,44,21
22,16,352,256,368,272,-927.2,-856.8,2042.2,2112.6,1,468,119808.0,221.0,7.9229,0.0174,358.8578,97.0,81.0,16.0,0.0,0.0,0.0,0.0,82,33
23,16,368,256,384,272,-856.8,-786.4,2042.2,2112.6,1,472,120832.0,220.0,7.9375,0.0178,345.7131,270.0,249.0,21.0,0.0,0.0,0.0,0.0,142,43
24,16,384,256,400,272,-786.4,-716.0,2042.2,2112.6,1,483,123648.0,223.0,7.9781,0.0182,372.5051,762.0,728.0,34.0,15.0,1.0,1.0,0.0,200,66
25,16,400,256,416,272,-716.0,-645.6,2042.2,2112.6,1,542,138752.0,268.0,8.5502,0.0186,1039.9395,312.0,293.0,19.0,24.0,1.0,1.0,0.0,217,70
26,16,416,256,432,272,-645.6,-575.2,2042.2,2112.6,1,642,164352.0,314.0,9.2009,0.0188,2258.5184,657.0,644.0,13.0,31.0,0.0,0.0,0.0,304,83
27,16,432,256,448,272,-575.2,-504.8,2042.2,2112.6,1,710,181760.0,367.0,11.8898,0.0189,4720.94,723.0,540.0,183.0,204.0,5.0,3.0,2.0,770,175
28,16,448,256,464,272,-504.8,-434.4,2042.2,2112.6,1,714,182784.0,359.0,11.6163,0.0191,4401.9366,219.0,174.0,45.0,39.0,2.0,0.0,2.0,254,89
29,16,464,256,480,272,-434.4,-364.0,2042.2,2112.6,1,727,186112.0,358.0,11.6478,0.0191,4606.9751,306.0,254.0,52.0,63.0,4.0,4.0,0.0,306,102
30,16,480,256,496,272,-364.0,-293.6,2042.2,2112.6,1,730,186880.0,357.0,11.6637,0.0191,4688.6512,476.0,408.0,68.0,138.0,6.0,3.0,3.0,475,134
31,16,496,256,512,272,-293.6,-223.2,2042.2,2112.6,1,716,183296.0,360.0,11.6084,0.0191,4139.9701,552.0,536.0,16.0,290.0,0.0,0.0,0.0,748,186
32,16,512,256,528,272,-223.2,-152.8,2042.2,2112.6,1,607,155392.0,288.0,8.9655,0.019,1809.6198,622.0,607.0,15.0,291.0,0.0,0.0,0.0,728,187
33,16,528,256,544,272,-152.8,-82.4,2042.2,2112.6,1,574,146944.0,252.0,8.6276,0.0189,1031.4291,376.0,361.0,15.0,123.0,0.0,0.0,0.0,452,138
34,16,544,256,560,272,-82.4,-12.0,2042.2,2112.6,1,564,144384.0,234.0,8.3547,0.0188,718.7699,472.0,455.0,17.0,78.0,0.0,0.0,0.0,411,121
35,16,560,256,576,272,-12.0,58.4,2042.2,2112.6,1,559,143104.0,234.0,8.3344,0.0186,688.1744,298.0,276.0,22.0,41.0,3.0,0.0,3.0,360,106
36,16,576,256,592,272,58.4,128.8,2042.2,2112.6,1,558,142848.0,232.0,8.3183,0.0185,678.2045,287.0,284.0,3.0,26.0,0.0,0.0,0.0,286,91
37,16,592,256,608,272,128.8,199.2,2042.2,2112.6,1,564,144384.0,235.0,8.3425,0.0184,737.3387,264.0,260.0,4.0,20.0,2.0,2.0,0.0,250,82
38,16,608,256,624,272,199.2,269.6,2042.2,2112.6,1,566,144896.0,246.0,8.4493,0.0184,850.5411,218.0,214.0,4.0,12.0,0.0,0.0,0.0,234,80
39,16,624,256,640,272,269.6,340.0,2042.2,2112.6,1,608,155648.0,308.0,9.3056,0.0184,2719.5429,931.0,534.0,397.0,11.0,5.0,3.0,2.0,762,150
40,16,640,256,656,272,340.0,410.4,2042.2,2112.6,1,615,157440.0,332.0,9.7828,0.0182,3370.1339,860.0,645.0,215.0,54.0,8.0,3.0,5.0,894,168
41,16,656,256,672,272,410.4,480.8,2042.2,2112.6,1,625,160000.0,336.0,9.9128,0.0181,4163.8174,780.0,670.0,110.0,117.0,2.0,1.0,1.0,814,168
42,16,672,256,688,272,480.8,551.2,2042.2,2112.6,1,605,154880.0,334.0,9.8052,0.0179,3216.4352,1935.0,1836.0,99.0,103.0,1.0,0.0,1.0,649,155
43,16,688,256,704,272,551.2,621.6,2042.2,2112.6,1,544,139264.0,259.0,8.5716,0.0177,910.6515,512.0,486.0,26.0,8.0,2.0,2.0,0.0,389,113
44,16,704,256,720,272,621.6,692.0,2042.2,2112.6,1,521,133376.0,229.0,8.2148,0.0173,497.3511,428.0,417.0,11.0,4.0,4.0,3.0,1.0,347,111
45,16,720,256,736,272,692.0,762.4,2042.2,2112.6,1,513,131328.0,227.0,8.2384,0.0169,411.8064,432.0,424.0,8.0,4.0,1.0,1.0,0.0,283,92
46,16,736,256,752,272,762.4,832.8,2042.2,2112.6,1,512,131072.0,229.0,8.2345,0.0166,422.6242,231.0,218.0,13.0,4.0,1.0,1.0,0.0,226,80
47,16,752,256,768,272,832.8,903.2,2042.2,2112.6,1,509,130304.0,228.0,8.2305,0.0163,423.3188,249.0,239.0,10.0,9.0,0.0,0.0,0.0,230,85
48,16,768,256,784,272,903.2,973.6,2042.2,2112.6,1,506,129536.0,226.0,8.2187,0.016,418.5888,336.0,320.0,16.0,19.0,1.0,1.0,0.0,289,92
49,16,784,256,800,272,973.6,1044.0,2042.2,2112.6,1,510,130560.0,227.0,8.2345,0.0158,448.9522,260.0,242.0,18.0,46.0,3.0,1.0,2.0,307,110
50,16,800,256,816,272,1044.0,1114.4,2042.2,2112.6,1,519,132864.0,236.0,8.3628,0.0156,525.64,361.0,345.0,16.0,160.0,1.0,1.0,0.0,532,150
51,16,816,256,832,272,1114.4,1184.8,2042.2,2112.6,1,590,151040.0,289.0,8.9004,0.0155,1595.9857,546.0,528.0,18.0,305.0,1.0,1.0,0.0,803,187
52,16,832,256,848,272,1184.8,1255.2,2042.2,2112.6,1,630,161280.0,296.0,9.0937,0.0153,1965.6887,981.0,964.0,17.0,615.0,0.0,0.0,0.0,1250,204
53,16,848,256,864,272,1255.2,1325.6,2042.2,2112.6,1,643,164608.0,298.0,9.1567,0.0151,2063.4224,667.0,583.0,84.0,237.0,3.0,3.0,0.0,854,176
54,16,864,256,880,272,1325.6,1396.0,2042.2,2112.6,1,647,165632.0,300.0,9.1763,0.0149,2040.3221,271.0,211.0,60.0,38.0,2.0,1.0,1.0,328,107
55,16,880,256,896,272,1396.0,1466.4,2042.2,2112.6,1,651,166656.0,300.0,9.196,0.0146,2086.8806,175.0,134.0,41.0,28.0,0.0,0.0,0.0,213,80
56,16,896,256,912,272,1466.4,1536.8,2042.2,2112.6,1,657,168192.0,302.0,9.2256,0.0144,2226.7022,184.0,135.0,49.0,15.0,2.0,0.0,2.0,145,57
57,16,912,256,928,272,1536.8,1607.2,2042.2,2112.6,1,657,168192.0,301.0,9.2256,0.0142,2309.5005,78.0,49.0,29.0,12.0,0.0,0.0,0.0,97,40
58,16,928,256,944,272,1607.2,1677.6,2042.2,2112.6,1,651,166656.0,347.0,10.5395,0.0139,3155.9845,88.0,77.0,11.0,34.0,0.0,0.0,0.0,59,25
59,16,944,256,960,272,1677.6,1748.0,2042.2,2112.6,1,651,166656.0,369.0,10.7575,0.0137,6125.2446,239.0,136.0,103.0,21.0,1.0,0.0,1.0,57,22
60,16,960,256,976,272,1748.0,1818.4,2042.2,2112.6,1,659,168704.0,368.0,10.8733,0.0134,11129.3979,198.0,67.0,131.0,19.0,0.0,0.0,0.0,133,38
4,17,64,272,80,288,-2194.4,-2124.0,1971.8,2042.2,1,469,120064.0,295.0,9.1616,0.014,9579.4008,57.0,32.0,25.0,4.0,2.0,0.0,2.0,43,20
5,17,80,272,96,288,-2124.0,-2053.6,1971.8,2042.2,1,488,124928.0,335.0,10.2074,0.0143,8785.7073,120.0,66.0,54.0,8.0,0.0,0.0,0.0,127,50
6,17,96,272,112,288,-2053.6,-1983.2,1971.8,2042.2,1,461,118016.0,254.0,8.0719,0.0145,994.9948,155.0,75.0,80.0,6.0,3.0,0.0,3.0,158,60
7,17,112,272,128,288,-1983.2,-1912.8,1971.8,2042.2,1,456,116736.0,256.0,8.0454,0.0147,881.2288,164.0,115.0,49.0,12.0,1.0,1.0,0.0,165,57
8,17,128,272,144,288,-1912.8,-1842.4,1971.8,2042.2,1,447,114432.0,254.0,7.9412,0.0149,808.4461,222.0,181.0,41.0,33.0,1.0,0.0,1.0,213,73
9,17,144,272,160,288,-1842.4,-1772.0,1971.8,2042.2,1,435,111360.0,252.0,7.8937,0.0151,639.1043,354.0,314.0,40.0,94.0,0.0,0.0,0.0,306,95
10,17,160,272,176,288,-1772.0,-1701.6,1971.8,2042.2,1,422,108032.0,235.0,7.6887,0.0153,545.5413,742.0,709.0,33.0,72.0,2.0,1.0,1.0,311,90
11,17,176,272,192,288,-1701.6,-1631.2,1971.8,2042.2,1,404,103424.0,225.0,7.4843,0.0155,410.1284,265.0,229.0,36.0,55.0,0.0,0.0,0.0,266,79
12,17,192,272,208,288,-1631.2,-1560.8,1971.8,2042.2,1,384,98304.0,220.0,7.356,0.0156,371.6516,164.0,140.0,24.0,56.0,0.0,0.0,0.0,182,62
13,17,208,272,224,288,-1560.8,-1490.4,1971.8,2042.2,1,349,89344.0,217.0,7.2229,0.0158,253.1221,163.0,131.0,32.0,64.0,1.0,0.0,1.0,186,72
14,17,224,272,240,288,-1490.4,-1420.0,1971.8,2042.2,1,307,78592.0,134.0,5.9759,0.016,22.1876,283.0,206.0,77.0,83.0,0.0,0.0,0.0,265,83
15,17,240,272,256,288,-1420.0,-1349.6,1971.8,2042.2,1,282,72192.0,122.0,5.9101,0.0161,10.2245,263.0,91.0,172.0,23.0,0.0,0.0,0.0,136,50
26,17,416,272,432,288,-645.6,-575.2,1971.8,2042.2,1,533,136448.0,291.0,8.1874,0.0191,1810.982,0.0,0.0,0.0,0.0,0.0,0.0,0.0,0,0
27,17,432,272,448,288,-575.2,-504.8,1971.8,2042.2,1,666,170496.0,361.0,11.2583,0.0193,4572.7824,801.0,478.0,323.0,189.0,6.0,3.0,3.0,713,155
28,17,448,272,464,288,-504.8,-434.4,1971.8,2042.2,1,682,174592.0,355.0,11.1486,0.0194,4234.7496,241.0,178.0,63.0,55.0,0.0,0.0,0.0,274,93
29,17,464,272,480,288,-434.4,-364.0,1971.8,2042.2,1,691,176896.0,355.0,11.2142,0.0195,4320.2337,345.0,259.0,86.0,74.0,2.0,2.0,0.0,384,117
30,17,480,272,496,288,-364.0,-293.6,1971.8,2042.2,1,699,178944.0,354.0,11.3028,0.0195,4488.1693,1039.0,868.0,171.0,410.0,4.0,2.0,2.0,866,188
31,17,496,272,512,288,-293.6,-223.2,1971.8,2042.2,1,682,174592.0,357.0,11.2068,0.0194,3919.1817,374.0,343.0,31.0,97.0,1.0,1.0,0.0,320,100
32,17,512,272,528,288,-223.2,-152.8,1971.8,2042.2,1,537,137472.0,252.0,8.1485,0.0192,1118.7825,252.0,185.0,67.0,17.0,2.0,2.0,0.0,93,36
33,17,528,272,544,288,-152.8,-82.4,1971.8,2042.2,1,499,127744.0,219.0,7.5834,0.019,644.3925,0.0,0.0,0.0,0.0,0.0,0.0,0.0,0,0
34,17,544,272,560,288,-82.4,-12.0,1971.8,2042.2,1,474,121344.0,212.0,7.468,0.0188,590.8521,557.0,546.0,11.0,119.0,1.0,1.0,0.0,93,24
35,17,560,272,576,288,-12.0,58.4,1971.8,2042.2,1,421,107776.0,208.0,7.275,0.0186,521.8611,315.0,314.0,1.0,2.0,1.0,1.0,0.0,90,26
39,17,624,272,640,288,269.6,340.0,1971.8,2042.2,1,328,83968.0,222.0,7.6544,0.0185,400.5294,772.0,240.0,532.0,1.0,2.0,0.0,2.0,579,104
40,17,640,272,656,288,340.0,410.4,1971.8,2042.2,1,441,112896.0,316.0,8.6319,0.0184,2326.8284,865.0,498.0,367.0,97.0,4.0,1.0,3.0,891,155
41,17,656,272,672,288,410.4,480.8,1971.8,2042.2,1,494,126464.0,320.0,8.9561,0.0182,3644.3287,753.0,496.0,257.0,98.0,2.0,2.0,0.0,490,120
42,17,672,272,688,288,480.8,551.2,1971.8,2042.2,1,481,123136.0,317.0,8.9328,0.018,3255.235,219.0,116.0,103.0,7.0,0.0,0.0,0.0,159,44
48,17,768,272,784,288,903.2,973.6,1971.8,2042.2,1,263,67328.0,113.0,5.9801,0.0159,7.3403,93.0,91.0,2.0,0.0,1.0,0.0,1.0,41,8
49,17,784,272,800,288,973.6,1044.0,1971.8,2042.2,1,285,72960.0,125.0,6.1121,0.0158,9.2076,64.0,61.0,3.0,0.0,1.0,1.0,0.0,32,11
50,17,800,272,816,288,1044.0,1114.4,1971.8,2042.2,1,364,93184.0,219.0,7.275,0.0156,220.8453,52.0,48.0,4.0,6.0,0.0,0.0,0.0,50,20
51,17,816,272,832,288,1114.4,1184.8,1971.8,2042.2,1,432,110592.0,245.0,7.6956,0.0156,481.5022,71.0,63.0,8.0,7.0,1.0,1.0,0.0,74,28
52,17,832,272,848,288,1184.8,1255.2,1971.8,2042.2,1,556,142336.0,296.0,8.4785,0.0154,1814.0431,1276.0,1263.0,13.0,942.0,1.0,1.0,0.0,313,103
53,17,848,272,864,288,1255.2,1325.6,1971.8,2042.2,1,583,149248.0,296.0,8.593,0.0152,1833.2438,2549.0,2347.0,202.0,817.0,3.0,3.0,0.0,1282,206
54,17,864,272,880,288,1325.6,1396.0,1971.8,2042.2,1,601,153856.0,299.0,8.7329,0.015,1954.128,776.0,684.0,92.0,108.0,2.0,0.0,2.0,537,142
55,17,880,272,896,288,1396.0,1466.4,1971.8,2042.2,1,612,156672.0,301.0,8.782,0.0148,1970.6941,358.0,290.0,68.0,31.0,1.0,1.0,0.0,289,93
56,17,896,272,912,288,1466.4,1536.8,1971.8,2042.2,1,624,159744.0,302.0,8.9189,0.0145,2134.942,264.0,153.0,111.0,28.0,0.0,0.0,0.0,212,66
57,17,912,272,928,288,1536.8,1607.2,1971.8,2042.2,1,632,161792.0,311.0,9.041,0.0143,2308.0561,181.0,123.0,58.0,6.0,1.0,1.0,0.0,121,44
58,17,928,272,944,288,1607.2,1677.6,1971.8,2042.2,1,657,168192.0,373.0,10.5785,0.014,4951.406,537.0,526.0,11.0,17.0,1.0,0.0,1.0,76,23
59,17,944,272,960,288,1677.6,1748.0,1971.8,2042.2,1,659,168704.0,373.0,10.7507,0.0138,8239.3726,306.0,251.0,55.0,16.0,2.0,2.0,0.0,53,22
60,17,960,272,976,288,1748.0,1818.4,1971.8,2042.2,1,644,164864.0,366.0,10.6507,0.0135,12425.1188,461.0,185.0,276.0,7.0,5.0,1.0,4.0,149,43
4,18,64,288,80,304,-2194.4,-2124.0,1901.4,1971.8,1,377,96512.0,220.0,7.2351,0.0141,288.9612,117.0,87.0,30.0,2.0,0.0,0.0,0.0,61,26
5,18,80,288,96,304,-2124.0,-2053.6,1901.4,1971.8,1,430,110080.0,344.0,9.6835,0.0144,10982.6703,124.0,60.0,64.0,11.0,0.0,0.0,0.0,125,43
6,18,96,288,112,304,-2053.6,-1983.2,1901.4,1971.8,1,379,97024.0,244.0,7.5137,0.0146,685.7003,193.0,97.0,96.0,7.0,4.0,1.0,3.0,179,67
7,18,112,288,128,304,-1983.2,-1912.8,1901.4,1971.8,1,367,93952.0,242.0,7.4485,0.0148,602.8133,217.0,153.0,64.0,20.0,1.0,1.0,0.0,263,76
8,18,128,288,144,304,-1912.8,-1842.4,1901.4,1971.8,1,344,88064.0,212.0,7.278,0.015,376.7739,554.0,473.0,81.0,86.0,3.0,1.0,2.0,455,99
9,18,144,288,160,304,-1842.4,-1772.0,1901.4,1971.8,1,320,81920.0,161.0,6.1714,0.0152,73.2214,592.0,516.0,76.0,111.0,4.0,2.0,2.0,480,110
10,18,160,288,176,304,-1772.0,-1701.6,1901.4,1971.8,1,309,79104.0,138.0,6.0136,0.0153,26.6937,416.0,313.0,103.0,55.0,4.0,2.0,2.0,382,83
11,18,176,288,192,304,-1701.6,-1631.2,1901.4,1971.8,1,302,77312.0,137.0,5.9968,0.0155,22.9276,196.0,149.0,47.0,54.0,2.0,0.0,2.0,208,64
12,18,192,288,208,304,-1631.2,-1560.8,1901.4,1971.8,1,294,75264.0,133.0,5.947,0.0156,17.4213,83.0,59.0,24.0,34.0,1.0,0.0,1.0,94,43
13,18,208,288,224,304,-1560.8,-1490.4,1901.4,1971.8,1,283,72448.0,123.0,5.9122,0.0158,10.7154,107.0,71.0,36.0,39.0,0.0,0.0,0.0,106,43
14,18,224,288,240,304,-1490.4,-1420.0,1901.4,1971.8,1,267,68352.0,119.0,5.8457,0.0159,6.3706,315.0,226.0,89.0,73.0,6.0,4.0,2.0,266,78
15,18,240,288,256,304,-1420.0,-1349.6,1901.4,1971.8,1,233,59648.0,100.0,5.3653,0.0159,2.2401,646.0,175.0,471.0,18.0,1.0,0.0,1.0,107,33
26,18,416,288,432,304,-645.6,-575.2,1901.4,1971.8,1,409,104704.0,231.0,7.4356,0.0194,1234.3668,96.0,30.0,66.0,1.0,0.0,0.0,0.0,23,10
27,18,432,288,448,304,-575.2,-504.8,1901.4,1971.8,1,535,136960.0,324.0,10.3178,0.0196,3089.0198,697.0,393.0,304.0,145.0,2.0,1.0,1.0,659,146
28,18,448,288,464,304,-504.8,-434.4,1901.4,1971.8,1,585,149760.0,337.0,10.437,0.0197,3458.129,275.0,183.0,92.0,50.0,1.0,0.0,1.0,282,84
29,18,464,288,480,304,-434.4,-364.0,1901.4,1971.8,1,607,155392.0,342.0,10.5785,0.0198,3688.7148,450.0,284.0,166.0,70.0,1.0,0.0,1.0,399,120
30,18,480,288,496,304,-364.0,-293.6,1901.4,1971.8,1,612,156672.0,344.0,10.6112,0.0198,3788.4436,751.0,478.0,273.0,221.0,1.0,0.0,1.0,636,161
31,18,496,288,512,304,-293.6,-223.2,1901.4,1971.8,1,523,133888.0,338.0,10.0403,0.0197,2611.3468,0.0,0.0,0.0,0.0,0.0,0.0,0.0,0,0
39,18,624,288,640,304,269.6,340.0,1901.4,1971.8,1,270,69120.0,174.0,7.0858,0.0185,177.9451,651.0,173.0,478.0,2.0,0.0,0.0,0.0,568,118
40,18,640,288,656,304,340.0,410.4,1901.4,1971.8,1,284,72704.0,198.0,7.4518,0.0185,268.1499,1034.0,560.0,474.0,93.0,4.0,2.0,2.0,1000,157
41,18,656,288,672,304,410.4,480.8,1901.4,1971.8,1,291,74496.0,241.0,7.9633,0.0184,624.1742,597.0,283.0,314.0,106.0,1.0,0.0,1.0,554,119
42,18,672,288,688,304,480.8,551.2,1901.4,1971.8,1,237,60672.0,274.0,7.8612,0.0182,1262.0749,359.0,67.0,292.0,12.0,0.0,0.0,0.0,140,48
52,18,832,288,848,304,1184.8,1255.2,1901.4,1971.8,1,389,99584.0,184.0,6.725,0.0155,128.1527,0.0,0.0,0.0,0.0,0.0,0.0,0.0,0,0
53,18,848,288,864,304,1255.2,1325.6,1901.4,1971.8,1,443,113408.0,198.0,6.8868,0.0153,198.0575,836.0,517.0,319.0,227.0,1.0,0.0,1.0,804,185
54,18,864,288,880,304,1325.6,1396.0,1901.4,1971.8,1,484,123904.0,279.0,8.0567,0.0151,1458.6987,461.0,350.0,111.0,193.0,1.0,0.0,1.0,610,162
55,18,880,288,896,304,1396.0,1466.4,1901.4,1971.8,1,515,131840.0,295.0,8.1757,0.0149,1578.1706,313.0,200.0,113.0,58.0,0.0,0.0,0.0,313,98
56,18,896,288,912,304,1466.4,1536.8,1901.4,1971.8,1,540,138240.0,299.0,8.2742,0.0146,1735.7388,225.0,128.0,97.0,33.0,1.0,1.0,0.0,220,67
57,18,912,288,928,304,1536.8,1607.2,1901.4,1971.8,1,566,144896.0,346.0,9.7606,0.0144,2452.3717,155.0,105.0,50.0,14.0,1.0,0.0,1.0,169,58
58,18,928,288,944,304,1607.2,1677.6,1901.4,1971.8,1,609,155904.0,372.0,10.2318,0.0141,5047.3609,179.0,146.0,33.0,46.0,1.0,1.0,0.0,105,40
59,18,944,288,960,304,1677.6,1748.0,1901.4,1971.8,1,620,158720.0,370.0,10.3928,0.0139,8601.3596,120.0,47.0,73.0,15.0,3.0,2.0,1.0,90,30
60,18,960,288,976,304,1748.0,1818.4,1901.4,1971.8,1,551,141056.0,364.0,9.9761,0.0136,8787.3697,260.0,71.0,189.0,31.0,4.0,0.0,4.0,162,45
4,19,64,304,80,320,-2194.4,-2124.0,1831.0,1901.4,1,311,79616.0,144.0,6.5756,0.0142,131.718,221.0,204.0,17.0,3.0,1.0,1.0,0.0,169,26
5,19,80,304,96,320,-2124.0,-2053.6,1831.0,1901.4,1,371,94976.0,262.0,7.6647,0.0145,6934.1763,219.0,172.0,47.0,10.0,0.0,0.0,0.0,132,47
6,19,96,304,112,320,-2053.6,-1983.2,1831.0,1901.4,1,328,83968.0,162.0,6.2071,0.0147,145.8978,326.0,143.0,183.0,20.0,5.0,0.0,5.0,322,91
7,19,112,304,128,320,-1983.2,-1912.8,1831.0,1901.4,1,320,81920.0,158.0,6.167,0.0149,96.0388,513.0,340.0,173.0,35.0,2.0,0.0,2.0,667,119
8,19,128,304,144,320,-1912.8,-1842.4,1831.0,1901.4,1,313,80128.0,157.0,6.1537,0.0151,74.5181,940.0,780.0,160.0,108.0,1.0,1.0,0.0,778,115
9,19,144,304,160,320,-1842.4,-1772.0,1831.0,1901.4,1,300,76800.0,147.0,6.0969,0.0152,44.2551,930.0,887.0,43.0,86.0,2.0,2.0,0.0,529,70
10,19,160,304,176,320,-1772.0,-1701.6,1831.0,1901.4,1,290,74240.0,133.0,5.9656,0.0153,16.3528,669.0,579.0,90.0,108.0,2.0,1.0,1.0,376,81
11,19,176,304,192,320,-1701.6,-1631.2,1831.0,1901.4,1,284,72704.0,124.0,5.9142,0.0155,12.1449,166.0,137.0,29.0,69.0,0.0,0.0,0.0,144,53
12,19,192,304,208,320,-1631.2,-1560.8,1831.0,1901.4,1,274,70144.0,121.0,5.8617,0.0156,9.1295,90.0,62.0,28.0,36.0,2.0,0.0,2.0,85,38
13,19,208,304,224,320,-1560.8,-1490.4,1831.0,1901.4,1,261,66816.0,114.0,5.6514,0.0156,4.9328,190.0,164.0,26.0,38.0,2.0,2.0,0.0,154,55
14,19,224,304,240,320,-1490.4,-1420.0,1831.0,1901.4,1,243,62208.0,103.0,5.4024,0.0157,2.6841,462.0,384.0,78.0,92.0,2.0,2.0,0.0,241,71
15,19,240,304,256,320,-1420.0,-1349.6,1831.0,1901.4,1,214,54784.0,96.0,5.3204,0.0156,1.6026,21.0,8.0,13.0,0.0,0.0,0.0,0.0,30,10
26,19,416,304,432,320,-645.6,-575.2,1831.0,1901.4,1,360,92160.0,219.0,7.2534,0.0196,1124.2483,319.0,223.0,96.0,12.0,2.0,1.0,1.0,173,40
27,19,432,304,448,320,-575.2,-504.8,1831.0,1901.4,1,466,119296.0,297.0,9.8729,0.0199,2446.6675,633.0,434.0,199.0,134.0,3.0,3.0,0.0,617,140
28,19,448,304,464,320,-504.8,-434.4,1831.0,1901.4,1,473,121088.0,316.0,9.9357,0.02,2327.3891,405.0,251.0,154.0,97.0,0.0,0.0,0.0,366,106
29,19,464,304,480,320,-434.4,-364.0,1831.0,1901.4,1,463,118528.0,331.0,9.7164,0.0201,2255.715,481.0,295.0,186.0,88.0,2.0,0.0,2.0,492,131
30,19,480,304,496,320,-364.0,-293.6,1831.0,1901.4,1,430,110080.0,297.0,9.4335,0.0201,1727.7403,894.0,383.0,511.0,173.0,0.0,0.0,0.0,581,153
31,19,496,304,512,320,-293.6,-223.2,1831.0,1901.4,1,380,97280.0,255.0,8.7329,0.02,1159.7257,0.0,0.0,0.0,0.0,0.0,0.0,0.0,0,0
39,19,624,304,640,320,269.6,340.0,1831.0,1901.4,1,238,60928.0,167.0,6.9764,0.0187,177.9728,776.0,291.0,485.0,17.0,1.0,1.0,0.0,567,125
40,19,640,304,656,320,340.0,410.4,1831.0,1901.4,1,235,60160.0,179.0,7.0917,0.0187,169.8822,871.0,484.0,387.0,113.0,0.0,0.0,0.0,887,158
41,19,656,304,672,320,410.4,480.8,1831.0,1901.4,1,224,57344.0,197.0,7.4292,0.0186,304.8304,563.0,237.0,326.0,82.0,0.0,0.0,0.0,483,107
42,19,672,304,688,320,480.8,551.2,1831.0,1901.4,1,174,44544.0,174.0,7.2382,0.0184,199.6427,113.0,38.0,75.0,0.0,0.0,0.0,0.0,82,31
52,19,832,304,848,320,1184.8,1255.2,1831.0,1901.4,1,310,79360.0,161.0,6.3424,0.0154,34.7267,0.0,0.0,0.0,0.0,0.0,0.0,0.0,0,0
53,19,848,304,864,320,1255.2,1325.6,1831.0,1901.4,1,390,99840.0,181.0,6.725,0.0153,120.3532,723.0,334.0,389.0,181.0,2.0,0.0,2.0,649,160
54,19,864,304,880,320,1325.6,1396.0,1831.0,1901.4,1,424,108544.0,191.0,6.8212,0.0152,169.4945,412.0,291.0,121.0,170.0,1.0,0.0,1.0,592,161
55,19,880,304,896,320,1396.0,1466.4,1831.0,1901.4,1,450,115200.0,197.0,6.8924,0.015,226.9723,282.0,232.0,50.0,113.0,0.0,0.0,0.0,355,117
56,19,896,304,912,320,1466.4,1536.8,1831.0,1901.4,1,468,119808.0,200.0,6.9482,0.0147,293.764,188.0,133.0,55.0,26.0,1.0,1.0,0.0,225,80
57,19,912,304,928,320,1536.8,1607.2,1831.0,1901.4,1,533,136448.0,280.0,8.5545,0.0145,1652.0734,168.0,107.0,61.0,16.0,4.0,4.0,0.0,189,66
58,19,928,304,944,320,1607.2,1677.6,1831.0,1901.4,1,578,147968.0,335.0,10.0934,0.0142,5336.0012,310.0,139.0,171.0,55.0,3.0,2.0,1.0,205,66
59,19,944,304,960,320,1677.6,1748.0,1831.0,1901.4,1,544,139264.0,354.0,9.9185,0.0139,6491.3504,299.0,168.0,131.0,29.0,6.0,5.0,1.0,234,61
60,19,960,304,976,320,1748.0,1818.4,1831.0,1901.4,1,379,97024.0,296.0,7.6171,0.0137,2539.2366,167.0,58.0,109.0,3.0,2.0,1.0,1.0,126,36
4,20,64,320,80,336,-2194.4,-2124.0,1760.6,1831.0,1,297,76032.0,129.0,5.8657,0.0143,19.7581,795.0,788.0,7.0,3.0,2.0,2.0,0.0,159,27
5,20,80,320,96,336,-2124.0,-2053.6,1760.6,1831.0,1,298,76288.0,134.0,5.8898,0.0146,20.7365,65.0,51.0,14.0,0.0,0.0,0.0,0.0,59,21
6,20,96,320,112,336,-2053.6,-1983.2,1760.6,1831.0,1,341,87296.0,233.0,7.5401,0.0149,3874.1756,484.0,157.0,327.0,17.0,9.0,2.0,7.0,420,103
7,20,112,320,128,336,-1983.2,-1912.8,1760.6,1831.0,1,310,79360.0,159.0,6.1515,0.0151,93.0179,1299.0,809.0,490.0,50.0,7.0,1.0,6.0,1259,125
8,20,128,320,144,336,-1912.8,-1842.4,1760.6,1831.0,1,299,76544.0,150.0,6.1165,0.0152,59.2605,2023.0,1158.0,865.0,31.0,7.0,3.0,4.0,886,78
9,20,144,320,160,336,-1842.4,-1772.0,1760.6,1831.0,1,285,72960.0,127.0,5.949,0.0153,13.7216,1316.0,1305.0,11.0,29.0,0.0,0.0,0.0,368,28
10,20,160,320,176,336,-1772.0,-1701.6,1760.6,1831.0,1,276,70656.0,121.0,5.8657,0.0153,9.6331,236.0,199.0,37.0,61.0,0.0,0.0,0.0,143,43
11,20,176,320,192,336,-1701.6,-1631.2,1760.6,1831.0,1,270,69120.0,120.0,5.8517,0.0154,7.9602,593.0,511.0,82.0,28.0,2.0,2.0,0.0,227,55
12,20,192,320,208,336,-1631.2,-1560.8,1760.6,1831.0,1,260,66560.0,112.0,5.6163,0.0154,5.429,299.0,227.0,72.0,28.0,1.0,0.0,1.0,178,55
13,20,208,320,224,336,-1560.8,-1490.4,1760.6,1831.0,1,247,63232.0,105.0,5.4384,0.0155,2.9472,962.0,909.0,53.0,133.0,2.0,2.0,0.0,232,64
26,20,416,320,432,336,-645.6,-575.2,1760.6,1831.0,1,271,69376.0,194.0,6.7915,0.0198,822.0601,489.0,471.0,18.0,60.0,1.0,1.0,0.0,150,33
27,20,432,320,448,336,-575.2,-504.8,1760.6,1831.0,1,397,101632.0,286.0,9.4699,0.0201,1701.8856,749.0,496.0,253.0,170.0,1.0,0.0,1.0,592,121
28,20,448,320,464,336,-504.8,-434.4,1760.6,1831.0,1,373,95488.0,291.0,9.3717,0.0203,1207.0916,554.0,357.0,197.0,111.0,1.0,0.0,1.0,524,123
29,20,464,320,480,336,-434.4,-364.0,1760.6,1831.0,1,360,92160.0,271.0,9.0173,0.0204,959.3702,576.0,314.0,262.0,149.0,3.0,0.0,3.0,576,137
30,20,480,320,496,336,-364.0,-293.6,1760.6,1831.0,1,350,89600.0,264.0,8.9655,0.0203,895.6683,709.0,435.0,274.0,129.0,3.0,1.0,2.0,570,129
31,20,496,320,512,336,-293.6,-223.2,1760.6,1831.0,1,352,90112.0,265.0,8.6537,0.0202,1381.1425,890.0,139.0,751.0,0.0,3.0,1.0,2.0,184,32
39,20,624,320,640,336,269.6,340.0,1760.6,1831.0,1,210,53760.0,165.0,6.8979,0.0189,163.329,972.0,374.0,598.0,30.0,4.0,1.0,3.0,771,141
40,20,640,320,656,336,340.0,410.4,1760.6,1831.0,1,194,49664.0,170.0,6.8924,0.0189,126.7889,757.0,422.0,335.0,127.0,1.0,1.0,0.0,820,156
41,20,656,320,672,336,410.4,480.8,1760.6,1831.0,1,196,50176.0,175.0,7.2811,0.0188,244.0118,505.0,145.0,360.0,38.0,1.0,1.0,0.0,344,95
42,20,672,320,688,336,480.8,551.2,1760.6,1831.0,1,174,44544.0,195.0,7.3972,0.0186,317.7041,130.0,64.0,66.0,0.0,0.0,0.0,0.0,48,17
52,20,832,320,848,336,1184.8,1255.2,1760.6,1831.0,1,288,73728.0,155.0,6.2592,0.0154,34.1689,7.0,0.0,7.0,0.0,0.0,0.0,0.0,6,3
53,20,848,320,864,336,1255.2,1325.6,1760.6,1831.0,1,356,91136.0,170.0,6.5009,0.0153,72.0847,552.0,256.0,296.0,160.0,1.0,0.0,1.0,590,151
54,20,864,320,880,336,1325.6,1396.0,1760.6,1831.0,1,400,102400.0,184.0,6.7541,0.0152,132.2711,393.0,246.0,147.0,151.0,0.0,0.0,0.0,557,154
55,20,880,320,896,336,1396.0,1466.4,1760.6,1831.0,1,428,109568.0,192.0,6.8293,0.015,192.0281,322.0,250.0,72.0,104.0,1.0,1.0,0.0,392,124
56,20,896,320,912,336,1466.4,1536.8,1760.6,1831.0,1,460,117760.0,244.0,8.0871,0.0148,531.461,227.0,159.0,68.0,52.0,1.0,0.0,1.0,301,98
57,20,912,320,928,336,1536.8,1607.2,1760.6,1831.0,1,555,142080.0,278.0,8.7374,0.0146,2248.5927,248.0,135.0,113.0,28.0,0.0,0.0,0.0,294,79
58,20,928,320,944,336,1607.2,1677.6,1760.6,1831.0,1,558,142848.0,273.0,8.9468,0.0143,3298.3844,233.0,107.0,126.0,17.0,2.0,2.0,0.0,216,69
59,20,944,320,960,336,1677.6,1748.0,1760.6,1831.0,1,365,93440.0,225.0,7.6715,0.014,880.3156,150.0,124.0,26.0,41.0,1.0,1.0,0.0,83,24
60,20,960,320,976,336,1748.0,1818.4,1760.6,1831.0,1,290,74240.0,126.0,6.0861,0.0137,18.7882,250.0,157.0,93.0,4.0,0.0,0.0,0.0,38,15
6,21,96,336,112,352,-2053.6,-1983.2,1690.2,1760.6,1,361,92416.0,254.0,7.6137,0.015,7073.5912,556.0,137.0,419.0,14.0,5.0,2.0,3.0,428,103
7,21,112,336,128,352,-1983.2,-1912.8,1690.2,1760.6,1,304,77824.0,150.0,6.1339,0.0152,99.1725,957.0,329.0,628.0,18.0,6.0,0.0,6.0,606,112
8,21,128,336,144,352,-1912.8,-1842.4,1690.2,1760.6,1,286,73216.0,144.0,6.0496,0.0153,50.4805,0.0,0.0,0.0,0.0,0.0,0.0,0.0,0,0
9,21,144,336,160,352,-1842.4,-1772.0,1690.2,1760.6,1,273,69888.0,121.0,5.8597,0.0153,8.9899,0.0,0.0,0.0,0.0,0.0,0.0,0.0,0,0
10,21,160,336,176,352,-1772.0,-1701.6,1690.2,1760.6,1,268,68608.0,120.0,5.8477,0.0153,7.4719,97.0,92.0,5.0,0.0,0.0,0.0,0.0,53,14
11,21,176,336,192,352,-1701.6,-1631.2,1690.2,1760.6,1,258,66048.0,111.0,5.6126,0.0153,5.0965,441.0,353.0,88.0,30.0,1.0,1.0,0.0,210,45
12,21,192,336,208,352,-1631.2,-1560.8,1690.2,1760.6,1,248,63488.0,106.0,5.4401,0.0153,3.8049,144.0,134.0,10.0,21.0,1.0,1.0,0.0,34,15
27,21,432,336,448,352,-575.2,-504.8,1690.2,1760.6,1,347,88832.0,267.0,9.2256,0.0203,1182.248,1110.0,784.0,326.0,180.0,1.0,0.0,1.0,555,108
28,21,448,336,464,352,-504.8,-434.4,1690.2,1760.6,1,336,86016.0,259.0,9.0841,0.0205,736.4902,699.0,433.0,266.0,201.0,3.0,0.0,3.0,804,164
29,21,464,336,480,352,-434.4,-364.0,1690.2,1760.6,1,327,83712.0,250.0,8.8363,0.0206,642.3411,748.0,429.0,319.0,258.0,3.0,1.0,2.0,645,154
30,21,480,336,496,352,-364.0,-293.6,1690.2,1760.6,1,337,86272.0,266.0,9.1519,0.0205,1608.2129,642.0,365.0,277.0,91.0,2.0,0.0,2.0,415,88
31,21,496,336,512,352,-293.6,-223.2,1690.2,1760.6,1,349,89344.0,277.0,8.9937,0.0204,2528.9498,824.0,752.0,72.0,123.0,2.0,2.0,0.0,167,29
39,21,624,336,640,352,269.6,340.0,1690.2,1760.6,1,185,47360.0,164.0,6.8266,0.0191,198.2654,1704.0,736.0,968.0,53.0,4.0,1.0,3.0,998,155
40,21,640,336,656,352,340.0,410.4,1690.2,1760.6,1,170,43520.0,158.0,6.8239,0.0191,128.1779,957.0,472.0,485.0,143.0,2.0,1.0,1.0,951,155
41,21,656,336,672,352,410.4,480.8,1690.2,1760.6,1,195,49920.0,199.0,7.4356,0.019,412.203,664.0,253.0,411.0,17.0,2.0,0.0,2.0,237,74
42,21,672,336,688,352,480.8,551.2,1690.2,1760.6,1,184,47104.0,199.0,7.4292,0.0187,412.4225,128.0,15.0,113.0,0.0,1.0,0.0,1.0,32,12
52,21,832,336,848,352,1184.8,1255.2,1690.2,1760.6,1,272,69632.0,153.0,6.2184,0.0153,31.6065,240.0,66.0,174.0,0.0,0.0,0.0,0.0,114,28
53,21,848,336,864,352,1255.2,1325.6,1690.2,1760.6,1,339,86784.0,164.0,6.4159,0.0153,47.3096,449.0,252.0,197.0,143.0,3.0,1.0,2.0,575,148
54,21,864,336,880,352,1325.6,1396.0,1690.2,1760.6,1,381,97536.0,178.0,6.6469,0.0152,102.5113,365.0,247.0,118.0,126.0,3.0,2.0,1.0,515,145
55,21,880,336,896,352,1396.0,1466.4,1690.2,1760.6,1,417,106752.0,189.0,6.805,0.015,175.0111,300.0,200.0,100.0,97.0,1.0,0.0,1.0,402,128
56,21,896,336,912,352,1466.4,1536.8,1690.2,1760.6,1,505,129280.0,267.0,8.4079,0.0148,1449.9583,292.0,199.0,93.0,85.0,1.0,1.0,0.0,351,110
57,21,912,336,928,352,1536.8,1607.2,1690.2,1760.6,1,584,149504.0,273.0,8.9795,0.0146,2737.6987,495.0,223.0,272.0,21.0,5.0,3.0,2.0,391,98
58,21,928,336,944,352,1607.2,1677.6,1690.2,1760.6,1,505,129280.0,262.0,8.7063,0.0144,2955.0618,83.0,43.0,40.0,1.0,2.0,1.0,1.0,65,29
6,22,96,352,112,368,-2053.6,-1983.2,1619.8,1690.2,1,364,93184.0,251.0,7.5834,0.0151,8044.6464,589.0,173.0,416.0,21.0,4.0,0.0,4.0,397,100
7,22,112,352,128,368,-1983.2,-1912.8,1619.8,1690.2,1,295,75520.0,146.0,6.0796,0.0153,98.2969,576.0,177.0,399.0,18.0,0.0,0.0,0.0,577,110
8,22,128,352,144,368,-1912.8,-1842.4,1619.8,1690.2,1,272,69632.0,123.0,5.8878,0.0153,9.463,0.0,0.0,0.0,0.0,0.0,0.0,0.0,0,0
9,22,144,352,160,368,-1842.4,-1772.0,1619.8,1690.2,1,263,67328.0,114.0,5.6551,0.0153,6.0344,0.0,0.0,0.0,0.0,0.0,0.0,0.0,0,0
10,22,160,352,176,368,-1772.0,-1701.6,1619.8,1690.2,1,256,65536.0,111.0,5.6089,0.0152,4.9963,468.0,462.0,6.0,26.0,0.0,0.0,0.0,118,21
11,22,176,352,192,368,-1701.6,-1631.2,1619.8,1690.2,1,248,63488.0,104.0,5.4109,0.0151,3.7695,970.0,391.0,579.0,14.0,9.0,2.0,7.0,269,32
12,22,192,352,208,368,-1631.2,-1560.8,1619.8,1690.2,1,225,57600.0,99.0,5.3237,0.015,2.6203,1035.0,490.0,545.0,5.0,5.0,4.0,1.0,117,23
27,22,432,352,448,368,-575.2,-504.8,1619.8,1690.2,1,332,84992.0,253.0,9.0553,0.0205,801.0739,733.0,473.0,260.0,162.0,1.0,1.0,0.0,217,52
28,22,448,352,464,368,-504.8,-434.4,1619.8,1690.2,1,336,86016.0,267.0,9.1567,0.0207,1515.2086,1224.0,570.0,654.0,226.0,11.0,3.0,8.0,995,168
29,22,464,352,480,368,-434.4,-364.0,1619.8,1690.2,1,356,91136.0,274.0,9.5224,0.0207,2222.7066,774.0,381.0,393.0,142.0,4.0,3.0,1.0,888,155
30,22,480,352,496,368,-364.0,-293.6,1619.8,1690.2,1,365,93440.0,280.0,9.5648,0.0207,2324.7486,1326.0,1292.0,34.0,99.0,2.0,2.0,0.0,80,33
31,22,496,352,512,368,-293.6,-223.2,1619.8,1690.2,1,354,90624.0,280.0,9.0697,0.0206,2183.4336,0.0,0.0,0.0,0.0,0.0,0.0,0.0,0,0
39,22,624,352,640,368,269.6,340.0,1619.8,1690.2,1,164,41984.0,162.0,6.7888,0.0193,175.8313,1793.0,1009.0,784.0,134.0,3.0,1.0,2.0,1291,167
40,22,640,352,656,368,340.0,410.4,1619.8,1690.2,1,178,45568.0,179.0,7.0567,0.0193,381.9553,1283.0,813.0,470.0,139.0,1.0,0.0,1.0,1018,146
41,22,656,352,672,368,410.4,480.8,1619.8,1690.2,1,207,52992.0,204.0,7.468,0.0191,569.5409,846.0,403.0,443.0,44.0,0.0,0.0,0.0,292,63
42,22,672,352,688,368,480.8,551.2,1619.8,1690.2,1,198,50688.0,200.0,7.4745,0.0188,543.6131,125.0,13.0,112.0,0.0,0.0,0.0,0.0,55,17
52,22,832,352,848,368,1184.8,1255.2,1619.8,1690.2,1,252,64512.0,147.0,6.167,0.0153,33.6647,103.0,38.0,65.0,0.0,0.0,0.0,0.0,87,33
53,22,848,352,864,368,1255.2,1325.6,1619.8,1690.2,1,331,84736.0,162.0,6.3896,0.0154,49.3717,378.0,221.0,157.0,130.0,0.0,0.0,0.0,503,138
54,22,864,352,880,368,1325.6,1396.0,1619.8,1690.2,1,373,95488.0,174.0,6.5306,0.0153,86.6101,346.0,250.0,96.0,120.0,1.0,0.0,1.0,479,138
55,22,880,352,896,368,1396.0,1466.4,1619.8,1690.2,1,424,108544.0,233.0,7.9339,0.0151,397.2194,279.0,198.0,81.0,107.0,0.0,0.0,0.0,406,128
56,22,896,352,912,368,1466.4,1536.8,1619.8,1690.2,1,553,141568.0,270.0,8.8363,0.015,2234.0623,354.0,252.0,102.0,98.0,3.0,3.0,0.0,418,133
57,22,912,352,928,368,1536.8,1607.2,1619.8,1690.2,1,601,153856.0,270.0,9.1519,0.0147,2777.3884,407.0,216.0,191.0,20.0,1.0,0.0,1.0,362,91
6,23,96,368,112,384,-2053.6,-1983.2,1549.4,1619.8,1,358,91648.0,244.0,7.5701,0.0153,8445.9881,465.0,186.0,279.0,10.0,4.0,3.0,1.0,372,101
7,23,112,368,128,384,-1983.2,-1912.8,1549.4,1619.8,1,287,73472.0,148.0,6.0732,0.0155,120.7815,574.0,208.0,366.0,21.0,2.0,0.0,2.0,559,111
27,23,432,368,448,384,-575.2,-504.8,1549.4,1619.8,1,360,92160.0,300.0,9.7828,0.0207,3251.7231,0.0,0.0,0.0,0.0,0.0,0.0,0.0,0,0
28,23,448,368,464,384,-504.8,-434.4,1549.4,1619.8,1,365,93440.0,279.0,9.7606,0.0208,2624.4217,438.0,75.0,363.0,13.0,2.0,0.0,2.0,88,29
29,23,464,368,480,384,-434.4,-364.0,1549.4,1619.8,1,369,94464.0,274.0,9.5809,0.0208,2248.5341,1461.0,696.0,765.0,288.0,3.0,2.0,1.0,1132,171
30,23,480,368,496,384,-364.0,-293.6,1549.4,1619.8,1,372,95232.0,284.0,9.6346,0.0207,1960.1066,479.0,184.0,295.0,93.0,1.0,0.0,1.0,306,74
31,23,496,368,512,384,-293.6,-223.2,1549.4,1619.8,1,365,93440.0,284.0,9.4231,0.0207,1846.0956,0.0,0.0,0.0,0.0,0.0,0.0,0.0,0,0
32,23,512,368,528,384,-223.2,-152.8,1549.4,1619.8,1,331,84736.0,281.0,9.1275,0.0206,1749.8352,0.0,0.0,0.0,0.0,0.0,0.0,0.0,0,0
33,23,528,368,544,384,-152.8,-82.4,1549.4,1619.8,1,247,63232.0,201.0,7.2504,0.0205,615.0522,457.0,160.0,297.0,22.0,1.0,1.0,0.0,175,58
34,23,544,368,560,384,-82.4,-12.0,1549.4,1619.8,1,235,60160.0,195.0,6.9285,0.0204,603.7355,664.0,463.0,201.0,132.0,3.0,3.0,0.0,270,60
35,23,560,368,576,384,-12.0,58.4,1549.4,1619.8,1,209,53504.0,184.0,6.805,0.0202,489.9529,734.0,115.0,619.0,13.0,1.0,1.0,0.0,197,56
39,23,624,368,640,384,269.6,340.0,1549.4,1619.8,1,183,46848.0,179.0,7.0887,0.0197,575.3468,2197.0,1609.0,588.0,366.0,1.0,1.0,0.0,1775,172
40,23,640,368,656,384,340.0,410.4,1549.4,1619.8,1,201,51456.0,191.0,7.1122,0.0195,681.5457,1121.0,738.0,383.0,137.0,2.0,1.0,1.0,865,133
41,23,656,368,672,384,410.4,480.8,1549.4,1619.8,1,247,63232.0,275.0,9.0315,0.0193,3248.2935,672.0,315.0,357.0,20.0,3.0,2.0,1.0,359,75
42,23,672,368,688,384,480.8,551.2,1549.4,1619.8,1,249,63744.0,270.0,9.0506,0.0189,3205.9961,133.0,19.0,114.0,3.0,0.0,0.0,0.0,60,19
52,23,832,368,848,384,1184.8,1255.2,1549.4,1619.8,1,209,53504.0,135.0,6.0603,0.0154,30.669,125.0,82.0,43.0,8.0,0.0,0.0,0.0,65,23
53,23,848,368,864,384,1255.2,1325.6,1549.4,1619.8,1,330,84480.0,162.0,6.3825,0.0155,51.7349,462.0,246.0,216.0,145.0,1.0,0.0,1.0,539,131
54,23,864,368,880,384,1325.6,1396.0,1549.4,1619.8,1,374,95744.0,174.0,6.5157,0.0154,84.4901,319.0,234.0,85.0,120.0,0.0,0.0,0.0,466,144
55,23,880,368,896,384,1396.0,1466.4,1549.4,1619.8,1,495,126720.0,258.0,8.371,0.0153,1408.346,303.0,220.0,83.0,130.0,0.0,0.0,0.0,419,137
56,23,896,368,912,384,1466.4,1536.8,1549.4,1619.8,1,582,148992.0,265.0,9.0506,0.0151,2330.4735,362.0,285.0,77.0,128.0,0.0,0.0,0.0,457,130
57,23,912,368,928,384,1536.8,1607.2,1549.4,1619.8,1,603,154368.0,268.0,9.1616,0.0148,2714.4169,346.0,238.0,108.0,45.0,3.0,1.0,2.0,315,84
6,24,96,384,112,400,-2053.6,-1983.2,1479.0,1549.4,1,342,87552.0,218.0,7.517,0.0155,8013.6552,544.0,198.0,346.0,18.0,1.0,1.0,0.0,393,104
7,24,112,384,128,400,-1983.2,-1912.8,1479.0,1549.4,1,264,67584.0,226.0,6.8731,0.0156,4577.8404,593.0,188.0,405.0,23.0,1.0,0.0,1.0,611,109
18,24,288,384,304,400,-1208.8,-1138.4,1479.0,1549.4,1,119,30464.0,101.0,5.377,0.018,110.588,62.0,36.0,26.0,31.0,1.0,0.0,1.0,19,5
19,24,304,384,320,400,-1138.4,-1068.0,1479.0,1549.4,1,124,31744.0,103.0,5.3889,0.0184,127.3264,121.0,72.0,49.0,35.0,0.0,0.0,0.0,63,20
20,24,320,384,336,400,-1068.0,-997.6,1479.0,1549.4,1,133,34048.0,111.0,6.0539,0.0187,221.6019,78.0,45.0,33.0,37.0,0.0,0.0,0.0,51,18
21,24,336,384,352,400,-997.6,-927.2,1479.0,1549.4,1,149,38144.0,140.0,6.2251,0.019,510.1441,143.0,46.0,97.0,24.0,1.0,1.0,0.0,141,59
22,24,352,384,368,400,-927.2,-856.8,1479.0,1549.4,1,159,40704.0,140.0,6.2229,0.0193,561.6852,214.0,48.0,166.0,31.0,1.0,1.0,0.0,212,81
23,24,368,384,384,400,-856.8,-786.4,1479.0,1549.4,1,165,42240.0,139.0,6.2592,0.0196,571.3397,395.0,156.0,239.0,89.0,3.0,3.0,0.0,320,111
24,24,384,384,400,400,-786.4,-716.0,1479.0,1549.4,1,180,46080.0,152.0,6.4813,0.02,668.0841,417.0,106.0,311.0,67.0,1.0,1.0,0.0,289,103
25,24,400,384,416,400,-716.0,-645.6,1479.0,1549.4,1,208,53248.0,163.0,6.5857,0.0203,953.8628,319.0,76.0,243.0,31.0,2.0,2.0,0.0,264,95
26,24,416,384,432,400,-645.6,-575.2,1479.0,1549.4,1,278,71168.0,243.0,8.7019,0.0206,2034.0951,457.0,77.0,380.0,20.0,0.0,0.0,0.0,349,91
27,24,432,384,448,400,-575.2,-504.8,1479.0,1549.4,1,365,93440.0,290.0,9.8108,0.0207,2867.6666,832.0,28.0,804.0,18.0,1.0,1.0,0.0,182,52
28,24,448,384,464,400,-504.8,-434.4,1479.0,1549.4,1,363,92928.0,284.0,9.7329,0.0208,1965.8355,776.0,228.0,548.0,60.0,1.0,1.0,0.0,440,113
29,24,464,384,480,400,-434.4,-364.0,1479.0,1549.4,1,369,94464.0,281.0,9.6023,0.0208,1896.8375,973.0,381.0,592.0,131.0,2.0,1.0,1.0,974,167
30,24,480,384,496,400,-364.0,-293.6,1479.0,1549.4,1,370,94720.0,287.0,9.4647,0.0208,1817.3389,669.0,167.0,502.0,35.0,7.0,1.0,6.0,329,77
31,24,496,384,512,400,-293.6,-223.2,1479.0,1549.4,1,362,92672.0,291.0,9.2905,0.0208,1634.6334,890.0,304.0,586.0,52.0,1.0,1.0,0.0,234,71
32,24,512,384,528,400,-223.2,-152.8,1479.0,1549.4,1,344,88064.0,273.0,9.1178,0.0208,1476.5479,429.0,80.0,349.0,26.0,2.0,2.0,0.0,308,85
33,24,528,384,544,400,-152.8,-82.4,1479.0,1549.4,1,305,78080.0,263.0,8.2109,0.0207,1263.2382,683.0,133.0,550.0,17.0,2.0,2.0,0.0,457,102
34,24,544,384,560,400,-82.4,-12.0,1479.0,1549.4,1,244,62464.0,200.0,7.2321,0.0207,555.7395,634.0,148.0,486.0,22.0,1.0,1.0,0.0,552,121
35,24,560,384,576,400,-12.0,58.4,1479.0,1549.4,1,205,52480.0,181.0,6.9679,0.0205,330.9287,983.0,366.0,617.0,101.0,3.0,1.0,2.0,708,128
36,24,576,384,592,400,58.4,128.8,1479.0,1549.4,1,179,45824.0,175.0,6.704,0.0204,238.8537,607.0,159.0,448.0,50.0,0.0,0.0,0.0,537,126
37,24,592,384,608,400,128.8,199.2,1479.0,1549.4,1,162,41472.0,155.0,6.4764,0.0202,137.1028,751.0,161.0,590.0,39.0,0.0,0.0,0.0,642,128
38,24,608,384,624,400,199.2,269.6,1479.0,1549.4,1,183,46848.0,210.0,7.7547,0.0201,1670.914,1257.0,355.0,902.0,56.0,2.0,1.0,1.0,922,153
39,24,624,384,640,400,269.6,340.0,1479.0,1549.4,1,257,65792.0,241.0,8.8958,0.0199,3430.1008,2315.0,1626.0,689.0,456.0,6.0,6.0,0.0,1869,178
40,24,640,384,656,400,340.0,410.4,1479.0,1549.4,1,259,66304.0,251.0,8.8866,0.0197,3658.4368,600.0,279.0,321.0,112.0,1.0,0.0,1.0,525,110
41,24,656,384,672,400,410.4,480.8,1479.0,1549.4,1,265,67840.0,261.0,9.0841,0.0194,3576.4562,381.0,200.0,181.0,21.0,1.0,1.0,0.0,238,54
42,24,672,384,688,400,480.8,551.2,1479.0,1549.4,1,272,69632.0,264.0,9.1665,0.0191,3556.4563,169.0,90.0,79.0,4.0,0.0,0.0,0.0,64,18
53,24,848,384,864,400,1255.2,1325.6,1479.0,1549.4,1,330,84480.0,159.0,6.3683,0.0156,49.3473,443.0,245.0,198.0,138.0,0.0,0.0,0.0,528,132
54,24,864,384,880,400,1325.6,1396.0,1479.0,1549.4,1,393,100608.0,220.0,7.7268,0.0155,279.8214,355.0,298.0,57.0,182.0,0.0,0.0,0.0,474,148
55,24,880,384,896,400,1396.0,1466.4,1479.0,1549.4,1,559,143104.0,259.0,8.9143,0.0154,1820.1838,324.0,242.0,82.0,134.0,0.0,0.0,0.0,442,131
56,24,896,384,912,400,1466.4,1536.8,1479.0,1549.4,1,598,153088.0,263.0,9.0985,0.0152,2278.7492,486.0,392.0,94.0,160.0,2.0,1.0,1.0,564,131
57,24,912,384,928,400,1536.8,1607.2,1479.0,1549.4,1,590,151040.0,262.0,9.0889,0.0149,2476.8138,888.0,751.0,137.0,99.0,2.0,0.0,2.0,419,85
6,25,96,400,112,416,-2053.6,-1983.2,1408.6,1479.0,1,284,72704.0,192.0,6.2251,0.0155,5163.4745,620.0,172.0,448.0,16.0,0.0,0.0,0.0,343,101
7,25,112,400,128,416,-1983.2,-1912.8,1408.6,1479.0,1,254,65024.0,233.0,6.8731,0.0158,3538.8743,543.0,88.0,455.0,35.0,1.0,0.0,1.0,581,108
18,25,288,400,304,416,-1208.8,-1138.4,1408.6,1479.0,1,122,31232.0,99.0,5.3821,0.0182,112.6141,155.0,25.0,130.0,19.0,1.0,1.0,0.0,36,9
19,25,304,400,320,416,-1138.4,-1068.0,1408.6,1479.0,1,127,32512.0,103.0,5.3973,0.0186,133.9103,334.0,111.0,223.0,62.0,4.0,3.0,1.0,166,50
20,25,320,400,336,416,-1068.0,-997.6,1408.6,1479.0,1,145,37120.0,136.0,6.2161,0.0189,434.7367,233.0,47.0,186.0,23.0,1.0,1.0,0.0,194,74
21,25,336,400,352,416,-997.6,-927.2,1408.6,1479.0,1,151,38656.0,133.0,6.1692,0.0192,387.3034,270.0,55.0,215.0,23.0,0.0,0.0,0.0,274,93
22,25,352,400,368,416,-927.2,-856.8,1408.6,1479.0,1,159,40704.0,129.0,6.1383,0.0195,312.4285,555.0,91.0,464.0,44.0,3.0,1.0,2.0,658,145
23,25,368,400,384,416,-856.8,-786.4,1408.6,1479.0,1,167,42752.0,136.0,6.187,0.0198,299.9248,759.0,152.0,607.0,43.0,2.0,1.0,1.0,759,150
24,25,384,400,400,416,-786.4,-716.0,1408.6,1479.0,1,179,45824.0,144.0,6.3471,0.0201,325.2091,718.0,184.0,534.0,55.0,0.0,0.0,0.0,707,148
25,25,400,400,416,416,-716.0,-645.6,1408.6,1479.0,1,226,57856.0,220.0,7.804,0.0204,1455.0248,622.0,138.0,484.0,50.0,0.0,0.0,0.0,610,133
26,25,416,400,432,416,-645.6,-575.2,1408.6,1479.0,1,276,70656.0,233.0,8.0041,0.0206,1368.656,845.0,177.0,668.0,57.0,0.0,0.0,0.0,812,154
27,25,432,400,448,416,-575.2,-504.8,1408.6,1479.0,1,356,91136.0,285.0,9.6672,0.0208,2043.73,1205.0,244.0,961.0,105.0,4.0,1.0,3.0,881,168
28,25,448,400,464,416,-504.8,-434.4,1408.6,1479.0,1,363,92928.0,290.0,9.7219,0.0208,1813.4273,778.0,245.0,533.0,107.0,3.0,1.0,2.0,729,153
29,25,464,400,480,416,-434.4,-364.0,1408.6,1479.0,1,365,93440.0,285.0,9.5809,0.0209,1652.1102,559.0,246.0,313.0,44.0,1.0,1.0,0.0,543,135
30,25,480,400,496,416,-364.0,-293.6,1408.6,1479.0,1,368,94208.0,289.0,9.4283,0.0209,1627.7234,156.0,72.0,84.0,3.0,2.0,0.0,2.0,99,42
31,25,496,400,512,416,-293.6,-223.2,1408.6,1479.0,1,353,90368.0,286.0,9.2306,0.0209,1338.1873,1232.0,225.0,1007.0,38.0,7.0,2.0,5.0,468,123
32,25,512,400,528,416,-223.2,-152.8,1408.6,1479.0,1,341,87296.0,271.0,9.0173,0.0209,1220.8092,454.0,100.0,354.0,9.0,1.0,1.0,0.0,404,105
33,25,528,400,544,416,-152.8,-82.4,1408.6,1479.0,1,316,80896.0,256.0,8.2662,0.0209,1079.6302,479.0,174.0,305.0,12.0,0.0,0.0,0.0,431,111
34,25,544,400,560,416,-82.4,-12.0,1408.6,1479.0,1,276,70656.0,256.0,7.993,0.0208,958.284,476.0,164.0,312.0,16.0,2.0,2.0,0.0,497,118
35,25,560,400,576,416,-12.0,58.4,1408.6,1479.0,1,197,50432.0,182.0,7.1005,0.0207,282.1784,637.0,183.0,454.0,27.0,0.0,0.0,0.0,630,131
36,25,576,400,592,416,58.4,128.8,1408.6,1479.0,1,166,42496.0,154.0,6.7197,0.0205,135.9859,664.0,212.0,452.0,29.0,0.0,0.0,0.0,641,132
37,25,592,400,608,416,128.8,199.2,1408.6,1479.0,1,158,40448.0,154.0,6.5933,0.0203,156.632,669.0,249.0,420.0,43.0,0.0,0.0,0.0,705,144
38,25,608,400,624,416,199.2,269.6,1408.6,1479.0,1,208,53248.0,193.0,7.5801,0.0201,1340.683,629.0,298.0,331.0,65.0,2.0,0.0,2.0,602,136
39,25,624,400,640,416,269.6,340.0,1408.6,1479.0,1,234,59904.0,196.0,7.5734,0.02,1596.2621,462.0,287.0,175.0,78.0,1.0,1.0,0.0,490,115
40,25,640,400,656,416,340.0,410.4,1408.6,1479.0,1,247,63232.0,239.0,8.7418,0.0198,3339.968,278.0,118.0,160.0,29.0,1.0,1.0,0.0,206,64
41,25,656,400,672,416,410.4,480.8,1408.6,1479.0,1,263,67328.0,235.0,8.3873,0.0195,3821.9839,374.0,197.0,177.0,38.0,0.0,0.0,0.0,120,23
42,25,672,400,688,416,480.8,551.2,1408.6,1479.0,1,283,72448.0,263.0,9.0841,0.0192,4162.7479,303.0,168.0,135.0,62.0,1.0,1.0,0.0,55,16
53,25,848,400,864,416,1255.2,1325.6,1408.6,1479.0,1,337,86272.0,163.0,6.3944,0.0157,62.5464,551.0,353.0,198.0,227.0,1.0,0.0,1.0,546,132
54,25,864,400,880,416,1325.6,1396.0,1408.6,1479.0,1,535,136960.0,252.0,8.6887,0.0157,1629.1983,421.0,336.0,85.0,210.0,1.0,0.0,1.0,557,159
55,25,880,400,896,416,1396.0,1466.4,1408.6,1479.0,1,594,152064.0,259.0,9.0745,0.0155,1911.8505,614.0,524.0,90.0,288.0,0.0,0.0,0.0,570,142
56,25,896,400,912,416,1466.4,1536.8,1408.6,1479.0,1,598,153088.0,264.0,9.0985,0.0152,2042.316,985.0,878.0,107.0,213.0,1.0,0.0,1.0,726,133
57,25,912,400,928,416,1536.8,1607.2,1408.6,1479.0,1,585,149760.0,259.0,9.0363,0.015,2252.8711,1300.0,1189.0,111.0,242.0,5.0,5.0,0.0,553,91
6,26,96,416,112,432,-2053.6,-1983.2,1338.2,1408.6,1,254,65024.0,189.0,6.1515,0.0156,3542.5023,320.0,138.0,182.0,19.0,4.0,0.0,4.0,268,88
7,26,112,416,128,432,-1983.2,-1912.8,1338.2,1408.6,1,232,59392.0,225.0,6.8104,0.0158,2727.8822,803.0,108.0,695.0,49.0,2.0,0.0,2.0,758,122
8,26,128,416,144,432,-1912.8,-1842.4,1338.2,1408.6,1,182,46592.0,161.0,5.7306,0.0161,244.8432,559.0,54.0,505.0,50.0,0.0,0.0,0.0,324,79
9,26,144,416,160,432,-1842.4,-1772.0,1338.2,1408.6,1,225,57600.0,157.0,5.6644,0.0163,387.2249,599.0,64.0,535.0,98.0,0.0,0.0,0.0,244,71
10,26,160,416,176,432,-1772.0,-1701.6,1338.2,1408.6,1,252,64512.0,152.0,5.7058,0.0165,421.1261,360.0,47.0,313.0,65.0,0.0,0.0,0.0,204,61
11,26,176,416,192,432,-1701.6,-1631.2,1338.2,1408.6,1,256,65536.0,145.0,5.6328,0.0165,402.7011,708.0,10.0,698.0,42.0,0.0,0.0,0.0,121,28
18,26,288,416,304,432,-1208.8,-1138.4,1338.2,1408.6,1,124,31744.0,102.0,5.3922,0.0184,126.3011,37.0,0.0,37.0,2.0,0.0,0.0,0.0,12,3
19,26,304,416,320,432,-1138.4,-1068.0,1338.2,1408.6,1,145,37120.0,139.0,6.2251,0.0187,483.7796,488.0,98.0,390.0,60.0,4.0,1.0,3.0,307,96
20,26,320,416,336,432,-1068.0,-997.6,1338.2,1408.6,1,152,38912.0,132.0,6.1648,0.019,344.4641,775.0,129.0,646.0,62.0,1.0,1.0,0.0,787,159
21,26,336,416,352,432,-997.6,-927.2,1338.2,1408.6,1,158,40448.0,132.0,6.2319,0.0193,296.2268,644.0,119.0,525.0,41.0,0.0,0.0,0.0,639,136
22,26,352,416,368,432,-927.2,-856.8,1338.2,1408.6,1,164,41984.0,140.0,6.3801,0.0196,293.3248,1035.0,318.0,717.0,78.0,5.0,3.0,2.0,543,134
23,26,368,416,384,432,-856.8,-786.4,1338.2,1408.6,1,170,43520.0,145.0,6.4813,0.0199,249.926,50.0,10.0,40.0,1.0,0.0,0.0,0.0,66,29
24,26,384,416,400,432,-786.4,-716.0,1338.2,1408.6,1,190,48640.0,195.0,7.2719,0.0202,829.0611,313.0,81.0,232.0,33.0,1.0,1.0,0.0,298,89
25,26,400,416,416,432,-716.0,-645.6,1338.2,1408.6,1,211,54016.0,206.0,7.3403,0.0204,728.5443,613.0,126.0,487.0,32.0,0.0,0.0,0.0,460,113
26,26,416,416,432,432,-645.6,-575.2,1338.2,1408.6,1,266,68096.0,213.0,7.9046,0.0207,913.8918,861.0,172.0,689.0,39.0,2.0,1.0,1.0,677,135
27,26,432,416,448,432,-575.2,-504.8,1338.2,1408.6,1,349,89344.0,287.0,9.64,0.0208,1675.4068,1295.0,167.0,1128.0,31.0,4.0,2.0,2.0,743,145
28,26,448,416,464,432,-504.8,-434.4,1338.2,1408.6,1,356,91136.0,288.0,9.6835,0.0209,1522.5988,937.0,146.0,791.0,31.0,1.0,0.0,1.0,719,155
29,26,464,416,480,432,-434.4,-364.0,1338.2,1408.6,1,355,90880.0,281.0,9.5171,0.0209,1417.2687,661.0,170.0,491.0,29.0,3.0,0.0,3.0,686,154
30,26,480,416,496,432,-364.0,-293.6,1338.2,1408.6,1,358,91648.0,282.0,9.3768,0.021,1438.3619,706.0,167.0,539.0,4.0,3.0,1.0,2.0,456,124
31,26,496,416,512,432,-293.6,-223.2,1338.2,1408.6,1,344,88064.0,277.0,9.1911,0.021,1223.7688,3544.0,376.0,3168.0,18.0,7.0,0.0,7.0,834,149
32,26,512,416,528,432,-223.2,-152.8,1338.2,1408.6,1,333,85248.0,253.0,8.593,0.021,1020.4444,327.0,76.0,251.0,3.0,3.0,2.0,1.0,330,94
33,26,528,416,544,432,-152.8,-82.4,1338.2,1408.6,1,319,81664.0,241.0,8.0079,0.0209,966.7643,781.0,291.0,490.0,40.0,2.0,2.0,0.0,704,136
34,26,544,416,560,432,-82.4,-12.0,1338.2,1408.6,1,277,70912.0,233.0,7.7268,0.0208,817.8063,1106.0,534.0,572.0,62.0,3.0,2.0,1.0,735,146
35,26,560,416,576,432,-12.0,58.4,1338.2,1408.6,1,205,52480.0,212.0,7.4518,0.0207,566.0384,1679.0,574.0,1105.0,92.0,3.0,2.0,1.0,723,141
36,26,576,416,592,432,58.4,128.8,1338.2,1408.6,1,160,40960.0,151.0,7.0538,0.0205,219.7105,1053.0,399.0,654.0,95.0,2.0,2.0,0.0,648,129
37,26,592,416,608,432,128.8,199.2,1338.2,1408.6,1,166,42496.0,179.0,7.3781,0.0203,784.3283,1000.0,406.0,594.0,69.0,3.0,2.0,1.0,651,123
38,26,608,416,624,432,199.2,269.6,1338.2,1408.6,1,210,53760.0,179.0,7.3845,0.0201,1222.8006,816.0,503.0,313.0,95.0,11.0,5.0,6.0,384,108
39,26,624,416,640,432,269.6,340.0,1338.2,1408.6,1,221,56576.0,172.0,7.278,0.0199,1231.4991,318.0,216.0,102.0,15.0,1.0,0.0,1.0,201,61
40,26,640,416,656,432,340.0,410.4,1338.2,1408.6,1,217,55552.0,173.0,7.2321,0.0197,1132.5552,74.0,41.0,33.0,4.0,0.0,0.0,0.0,41,14
41,26,656,416,672,432,410.4,480.8,1338.2,1408.6,1,251,64256.0,231.0,8.6755,0.0195,4222.0036,507.0,507.0,0.0,26.0,1.0,1.0,0.0,14,4
42,26,672,416,688,432,480.8,551.2,1338.2,1408.6,1,278,71168.0,247.0,9.0125,0.0193,3990.1896,60.0,60.0,0.0,22.0,0.0,0.0,0.0,6,3
53,26,848,416,864,432,1255.2,1325.6,1338.2,1408.6,1,376,96256.0,215.0,7.651,0.0159,248.8177,916.0,659.0,257.0,460.0,1.0,1.0,0.0,699,165
54,26,864,416,880,432,1325.6,1396.0,1338.2,1408.6,1,587,150272.0,256.0,9.0315,0.0158,1664.0528,648.0,534.0,114.0,344.0,0.0,0.0,0.0,741,167
55,26,880,416,896,432,1396.0,1466.4,1338.2,1408.6,1,605,154880.0,259.0,9.1227,0.0156,1799.2243,730.0,610.0,120.0,260.0,1.0,1.0,0.0,637,134
56,26,896,416,912,432,1466.4,1536.8,1338.2,1408.6,1,603,154368.0,264.0,9.1275,0.0153,1896.2218,566.0,492.0,74.0,118.0,3.0,3.0,0.0,438,109
57,26,912,416,928,432,1536.8,1607.2,1338.2,1408.6,1,583,149248.0,260.0,9.1567,0.015,2074.0287,341.0,273.0,68.0,54.0,2.0,1.0,1.0,246,66
6,27,96,432,112,448,-2053.6,-1983.2,1267.8,1338.2,1,237,60672.0,189.0,6.1143,0.0156,2934.4161,175.0,79.0,96.0,7.0,1.0,1.0,0.0,167,66
7,27,112,432,128,448,-1983.2,-1912.8,1267.8,1338.2,1,215,55040.0,186.0,6.0603,0.0159,2030.1255,355.0,71.0,284.0,29.0,3.0,1.0,2.0,408,98
8,27,128,432,144,448,-1912.8,-1842.4,1267.8,1338.2,1,195,49920.0,201.0,6.6392,0.0162,500.6909,436.0,52.0,384.0,41.0,1.0,1.0,0.0,398,92
9,27,144,432,160,448,-1842.4,-1772.0,1267.8,1338.2,1,234,59904.0,165.0,5.8042,0.0165,506.5068,267.0,45.0,222.0,36.0,0.0,0.0,0.0,132,41
10,27,160,432,176,448,-1772.0,-1701.6,1267.8,1338.2,1,274,70144.0,164.0,5.8777,0.0167,658.8284,720.0,27.0,693.0,100.0,1.0,0.0,1.0,230,64
11,27,176,432,192,448,-1701.6,-1631.2,1267.8,1338.2,1,286,73216.0,163.0,5.773,0.0169,637.3505,474.0,25.0,449.0,87.0,0.0,0.0,0.0,328,73
18,27,288,432,304,448,-1208.8,-1138.4,1267.8,1338.2,1,152,38912.0,142.0,6.2569,0.0186,560.7995,0.0,0.0,0.0,0.0,0.0,0.0,0.0,0,0
19,27,304,432,320,448,-1138.4,-1068.0,1267.8,1338.2,1,164,41984.0,143.0,6.4618,0.0188,345.7731,1394.0,165.0,1229.0,177.0,1.0,1.0,0.0,1033,161
20,27,320,432,336,448,-1068.0,-997.6,1267.8,1338.2,1,169,43264.0,143.0,6.4666,0.0191,313.6278,1004.0,84.0,920.0,120.0,0.0,0.0,0.0,805,154
21,27,336,432,352,448,-997.6,-927.2,1267.8,1338.2,1,176,45056.0,145.0,6.5083,0.0193,343.4791,148.0,3.0,145.0,25.0,0.0,0.0,0.0,156,60
22,27,352,432,368,448,-927.2,-856.8,1267.8,1338.2,1,164,41984.0,142.0,6.4739,0.0195,189.0123,0.0,0.0,0.0,0.0,0.0,0.0,0.0,0,0
23,27,368,432,384,448,-856.8,-786.4,1267.8,1338.2,1,162,41472.0,183.0,7.1927,0.0198,422.0025,0.0,0.0,0.0,0.0,0.0,0.0,0.0,0,0
24,27,384,432,400,448,-786.4,-716.0,1267.8,1338.2,1,164,41984.0,187.0,7.1957,0.0201,377.1067,345.0,274.0,71.0,63.0,1.0,1.0,0.0,44,17
25,27,400,432,416,448,-716.0,-645.6,1267.8,1338.2,1,173,44288.0,173.0,7.2169,0.0204,335.179,63.0,34.0,29.0,5.0,0.0,0.0,0.0,62,21
26,27,416,432,432,448,-645.6,-575.2,1267.8,1338.2,1,226,57856.0,194.0,7.7164,0.0206,544.3478,161.0,60.0,101.0,20.0,0.0,0.0,0.0,106,32
27,27,432,432,448,448,-575.2,-504.8,1267.8,1338.2,1,331,84736.0,262.0,9.5066,0.0208,1357.2725,427.0,72.0,355.0,41.0,0.0,0.0,0.0,134,41
28,27,448,432,464,448,-504.8,-434.4,1267.8,1338.2,1,341,87296.0,267.0,9.6023,0.0209,1354.6867,427.0,57.0,370.0,17.0,1.0,0.0,1.0,299,91
29,27,464,432,480,448,-434.4,-364.0,1267.8,1338.2,1,345,88320.0,264.0,9.4386,0.0209,1425.0796,569.0,91.0,478.0,26.0,1.0,0.0,1.0,587,136
30,27,480,432,496,448,-364.0,-293.6,1267.8,1338.2,1,347,88832.0,267.0,9.3006,0.021,1490.8984,1046.0,85.0,961.0,19.0,1.0,1.0,0.0,744,139
31,27,496,432,512,448,-293.6,-223.2,1267.8,1338.2,1,337,86272.0,258.0,9.113,0.021,1274.1683,774.0,66.0,708.0,9.0,2.0,0.0,2.0,573,118
32,27,512,432,528,448,-223.2,-152.8,1267.8,1338.2,1,325,83200.0,227.0,7.8111,0.021,975.6783,665.0,96.0,569.0,21.0,5.0,2.0,3.0,565,123
33,27,528,432,544,448,-152.8,-82.4,1267.8,1338.2,1,316,80896.0,226.0,7.3718,0.0209,908.899,788.0,160.0,628.0,70.0,1.0,0.0,1.0,527,114
34,27,544,432,560,448,-82.4,-12.0,1267.8,1338.2,1,244,62464.0,204.0,6.8951,0.0208,628.1778,0.0,0.0,0.0,0.0,0.0,0.0,0.0,0,0
35,27,560,432,576,448,-12.0,58.4,1267.8,1338.2,1,187,47872.0,165.0,6.4375,0.0206,411.1174,0.0,0.0,0.0,0.0,0.0,0.0,0.0,0,0
36,27,576,432,592,448,58.4,128.8,1267.8,1338.2,1,172,44032.0,199.0,6.7621,0.0203,898.6046,35.0,35.0,0.0,5.0,0.0,0.0,0.0,24,9
37,27,592,432,608,448,128.8,199.2,1267.8,1338.2,1,178,45568.0,179.0,6.5706,0.0201,845.4321,859.0,532.0,327.0,69.0,1.0,1.0,0.0,146,39
42,27,672,432,688,448,480.8,551.2,1267.8,1338.2,1,211,54016.0,178.0,7.4518,0.0194,434.5842,0.0,0.0,0.0,0.0,0.0,0.0,0.0,0,0
53,27,848,432,864,448,1255.2,1325.6,1267.8,1338.2,1,596,152576.0,256.0,9.0601,0.0162,1665.3759,1563.0,1301.0,262.0,792.0,0.0,0.0,0.0,1139,181
54,27,864,432,880,448,1325.6,1396.0,1267.8,1338.2,1,609,155904.0,258.0,9.1227,0.0159,1711.6298,1578.0,1455.0,123.0,533.0,1.0,1.0,0.0,919,179
55,27,880,432,896,448,1396.0,1466.4,1267.8,1338.2,1,612,156672.0,263.0,9.1616,0.0157,1767.7061,355.0,276.0,79.0,71.0,0.0,0.0,0.0,378,106
56,27,896,432,912,448,1466.4,1536.8,1267.8,1338.2,1,603,154368.0,266.0,9.2555,0.0154,1841.716,222.0,155.0,67.0,56.0,0.0,0.0,0.0,240,70
57,27,912,432,928,448,1536.8,1607.2,1267.8,1338.2,1,577,147712.0,260.0,9.1275,0.0151,1797.7058,232.0,162.0,70.0,23.0,2.0,1.0,1.0,184,61
4,28,64,448,80,464,-2194.4,-2124.0,1197.4,1267.8,1,93,23808.0,95.0,5.6384,0.0149,157.2771,393.0,49.0,344.0,42.0,0.0,0.0,0.0,80,15
5,28,80,448,96,464,-2124.0,-2053.6,1197.4,1267.8,1,104,26624.0,115.0,5.6328,0.0153,191.3024,325.0,33.0,292.0,12.0,0.0,0.0,0.0,120,25
6,28,96,448,112,464,-2053.6,-1983.2,1197.4,1267.8,1,227,58112.0,206.0,6.5958,0.0157,2696.201,280.0,87.0,193.0,7.0,1.0,0.0,1.0,203,57
7,28,112,448,128,464,-1983.2,-1912.8,1197.4,1267.8,1,217,55552.0,209.0,6.5907,0.016,2259.6544,158.0,37.0,121.0,4.0,0.0,0.0,0.0,193,62
8,28,128,448,144,464,-1912.8,-1842.4,1197.4,1267.8,1,197,50432.0,231.0,7.1359,0.0163,1169.3006,438.0,55.0,383.0,45.0,0.0,0.0,0.0,401,88
9,28,144,448,160,464,-1842.4,-1772.0,1197.4,1267.8,1,251,64256.0,202.0,7.2443,0.0166,1444.3721,456.0,26.0,430.0,96.0,0.0,0.0,0.0,295,81
10,28,160,448,176,464,-1772.0,-1701.6,1197.4,1267.8,1,302,77312.0,212.0,7.4453,0.0169,2052.7824,335.0,15.0,320.0,58.0,0.0,0.0,0.0,202,59
11,28,176,448,192,464,-1701.6,-1631.2,1197.4,1267.8,1,334,85504.0,224.0,7.6238,0.0171,2782.0354,449.0,33.0,416.0,114.0,0.0,0.0,0.0,361,89
12,28,192,448,208,464,-1631.2,-1560.8,1197.4,1267.8,1,317,81152.0,228.0,7.4164,0.0174,3088.9245,173.0,42.0,131.0,21.0,1.0,1.0,0.0,152,57
13,28,208,448,224,464,-1560.8,-1490.4,1197.4,1267.8,1,268,68608.0,228.0,7.3277,0.0176,3110.8073,121.0,53.0,68.0,23.0,1.0,1.0,0.0,106,43
14,28,224,448,240,464,-1490.4,-1420.0,1197.4,1267.8,1,200,51200.0,222.0,7.022,0.0178,2147.3027,76.0,11.0,65.0,44.0,0.0,0.0,0.0,86,38
15,28,240,448,256,464,-1420.0,-1349.6,1197.4,1267.8,1,166,42496.0,183.0,6.6572,0.018,1147.5842,148.0,27.0,121.0,89.0,0.0,0.0,0.0,112,48
16,28,256,448,272,464,-1349.6,-1279.2,1197.4,1267.8,1,169,43264.0,166.0,6.5731,0.0182,707.3611,220.0,5.0,215.0,64.0,0.0,0.0,0.0,164,51
17,28,272,448,288,464,-1279.2,-1208.8,1197.4,1267.8,1,167,42752.0,161.0,6.5655,0.0184,466.108,1376.0,3.0,1373.0,245.0,0.0,0.0,0.0,194,46
18,28,288,448,304,464,-1208.8,-1138.4,1197.4,1267.8,1,151,38656.0,146.0,6.4886,0.0186,275.9231,111.0,28.0,83.0,29.0,0.0,0.0,0.0,66,22
19,28,304,448,320,464,-1138.4,-1068.0,1197.4,1267.8,1,130,33280.0,119.0,5.7287,0.0188,109.7817,1578.0,213.0,1365.0,195.0,0.0,0.0,0.0,1272,169
20,28,320,448,336,464,-1068.0,-997.6,1197.4,1267.8,1,109,27904.0,107.0,5.6926,0.0189,89.8438,506.0,33.0,473.0,56.0,0.0,0.0,0.0,357,104
27,28,432,448,448,464,-575.2,-504.8,1197.4,1267.8,1,301,77056.0,229.0,8.7955,0.0207,514.3524,0.0,0.0,0.0,0.0,0.0,0.0,0.0,0,0
28,28,448,448,464,464,-504.8,-434.4,1197.4,1267.8,1,324,82944.0,243.0,8.9937,0.0208,717.0963,217.0,60.0,157.0,29.0,0.0,0.0,0.0,188,66
29,28,464,448,480,464,-434.4,-364.0,1197.4,1267.8,1,332,84992.0,237.0,8.8728,0.0209,723.2664,186.0,61.0,125.0,12.0,0.0,0.0,0.0,210,68
30,28,480,448,496,464,-364.0,-293.6,1197.4,1267.8,1,330,84480.0,238.0,8.7596,0.0209,666.6708,384.0,64.0,320.0,16.0,0.0,0.0,0.0,337,92
31,28,496,448,512,464,-293.6,-223.2,1197.4,1267.8,1,325,83200.0,233.0,8.645,0.0209,635.7781,849.0,168.0,681.0,23.0,2.0,1.0,1.0,395,102
32,28,512,448,528,464,-223.2,-152.8,1197.4,1267.8,1,312,79872.0,208.0,7.1211,0.0209,471.9299,738.0,109.0,629.0,36.0,4.0,0.0,4.0,628,124
33,28,528,448,544,464,-152.8,-82.4,1197.4,1267.8,1,291,74496.0,197.0,6.9007,0.0209,444.8013,533.0,43.0,490.0,18.0,0.0,0.0,0.0,353,86
42,28,672,448,688,464,480.8,551.2,1197.4,1267.8,1,317,81152.0,195.0,7.7233,0.0193,481.9652,0.0,0.0,0.0,0.0,0.0,0.0,0.0,0,0
49,28,784,448,800,464,973.6,1044.0,1197.4,1267.8,1,418,107008.0,173.0,7.0683,0.0172,237.3538,108.0,23.0,85.0,7.0,1.0,0.0,1.0,56,16
50,28,800,448,816,464,1044.0,1114.4,1197.4,1267.8,1,422,108032.0,174.0,7.08,0.0171,229.8729,204.0,17.0,187.0,13.0,0.0,0.0,0.0,109,21
51,28,816,448,832,464,1114.4,1184.8,1197.4,1267.8,1,429,109824.0,178.0,7.1388,0.0168,228.6604,0.0,0.0,0.0,0.0,0.0,0.0,0.0,0,0
52,28,832,448,848,464,1184.8,1255.2,1197.4,1267.8,1,462,118272.0,214.0,8.2622,0.0166,290.1849,0.0,0.0,0.0,0.0,0.0,0.0,0.0,0,0
53,28,848,448,864,464,1255.2,1325.6,1197.4,1267.8,1,594,152064.0,259.0,9.0506,0.0163,1500.5128,2795.0,2437.0,358.0,890.0,5.0,5.0,0.0,1179,186
54,28,864,448,880,464,1325.6,1396.0,1197.4,1267.8,1,613,156928.0,260.0,9.1421,0.0161,1691.3624,393.0,275.0,118.0,142.0,0.0,0.0,0.0,425,127
55,28,880,448,896,464,1396.0,1466.4,1197.4,1267.8,1,607,155392.0,263.0,9.2655,0.0158,1703.1372,153.0,84.0,69.0,22.0,2.0,2.0,0.0,156,62
56,28,896,448,912,464,1466.4,1536.8,1197.4,1267.8,1,595,152320.0,262.0,9.2108,0.0155,1622.9873,148.0,94.0,54.0,32.0,1.0,1.0,0.0,162,54
57,28,912,448,928,464,1536.8,1607.2,1197.4,1267.8,1,574,146944.0,262.0,9.113,0.0152,1646.1574,202.0,139.0,63.0,29.0,0.0,0.0,0.0,179,54
4,29,64,464,80,480,-2194.4,-2124.0,1127.0,1197.4,1,100,25600.0,120.0,6.1714,0.0149,139.2065,572.0,19.0,553.0,49.0,1.0,0.0,1.0,142,20
5,29,80,464,96,480,-2124.0,-2053.6,1127.0,1197.4,1,157,40192.0,202.0,6.9538,0.0153,1482.1545,168.0,37.0,131.0,29.0,1.0,1.0,0.0,112,32
6,29,96,464,112,480,-2053.6,-1983.2,1127.0,1197.4,1,220,56320.0,230.0,7.1388,0.0157,2581.9603,143.0,68.0,75.0,16.0,1.0,1.0,0.0,121,43
7,29,112,464,128,480,-1983.2,-1912.8,1127.0,1197.4,1,218,55808.0,249.0,7.1507,0.016,2863.2445,128.0,28.0,100.0,10.0,0.0,0.0,0.0,122,43
8,29,128,464,144,480,-1912.8,-1842.4,1127.0,1197.4,1,203,51968.0,270.0,7.8504,0.0163,2486.7979,250.0,34.0,216.0,31.0,1.0,0.0,1.0,269,77
9,29,144,464,160,480,-1842.4,-1772.0,1127.0,1197.4,1,271,69376.0,255.0,7.9633,0.0166,3161.8968,497.0,63.0,434.0,102.0,0.0,0.0,0.0,434,96
10,29,160,464,176,480,-1772.0,-1701.6,1127.0,1197.4,1,333,85248.0,246.0,7.706,0.0169,3749.5844,447.0,57.0,390.0,96.0,0.0,0.0,0.0,373,95
11,29,176,464,192,480,-1701.6,-1631.2,1127.0,1197.4,1,380,97280.0,249.0,7.829,0.0172,4315.9425,330.0,45.0,285.0,111.0,0.0,0.0,0.0,306,92
12,29,192,464,208,480,-1631.2,-1560.8,1127.0,1197.4,1,349,89344.0,242.0,7.6991,0.0174,3685.0003,259.0,37.0,222.0,44.0,0.0,0.0,0.0,262,82
13,29,208,464,224,480,-1560.8,-1490.4,1127.0,1197.4,1,279,71424.0,229.0,7.226,0.0176,2426.2806,370.0,44.0,326.0,105.0,1.0,0.0,1.0,363,105
14,29,224,464,240,480,-1490.4,-1420.0,1127.0,1197.4,1,192,49152.0,201.0,6.6675,0.0178,969.5993,455.0,78.0,377.0,138.0,1.0,1.0,0.0,425,115
15,29,240,464,256,480,-1420.0,-1349.6,1127.0,1197.4,1,155,39680.0,151.0,5.9843,0.018,382.9399,491.0,61.0,430.0,99.0,0.0,0.0,0.0,382,105
16,29,256,464,272,480,-1349.6,-1279.2,1127.0,1197.4,1,140,35840.0,140.0,5.8697,0.0182,218.9092,439.0,32.0,407.0,135.0,0.0,0.0,0.0,348,90
17,29,272,464,288,480,-1279.2,-1208.8,1127.0,1197.4,1,125,32000.0,116.0,5.8259,0.0183,145.6297,219.0,20.0,199.0,32.0,0.0,0.0,0.0,196,59
18,29,288,464,304,480,-1208.8,-1138.4,1127.0,1197.4,1,113,28928.0,108.0,5.6888,0.0185,98.0189,558.0,69.0,489.0,78.0,0.0,0.0,0.0,642,137
19,29,304,464,320,480,-1138.4,-1068.0,1127.0,1197.4,1,98,25088.0,88.0,5.5509,0.0186,71.7163,1387.0,204.0,1183.0,204.0,3.0,2.0,1.0,1259,170
20,29,320,464,336,480,-1068.0,-997.6,1127.0,1197.4,1,91,23296.0,77.0,4.7297,0.0186,56.5997,357.0,90.0,267.0,56.0,0.0,0.0,0.0,218,71
27,29,432,464,448,480,-575.2,-504.8,1127.0,1197.4,1,287,73472.0,216.0,8.6755,0.0205,373.2834,0.0,0.0,0.0,0.0,0.0,0.0,0.0,0,0
28,29,448,464,464,480,-504.8,-434.4,1127.0,1197.4,1,306,78336.0,228.0,8.8866,0.0207,458.1881,234.0,72.0,162.0,32.0,1.0,1.0,0.0,208,67
29,29,464,464,480,480,-434.4,-364.0,1127.0,1197.4,1,311,79616.0,227.0,8.7776,0.0208,455.4283,155.0,73.0,82.0,26.0,0.0,0.0,0.0,183,53
30,29,480,464,496,480,-364.0,-293.6,1127.0,1197.4,1,315,80640.0,237.0,8.6931,0.0208,527.9351,238.0,70.0,168.0,19.0,0.0,0.0,0.0,230,76
31,29,496,464,512,480,-293.6,-223.2,1127.0,1197.4,1,303,77568.0,227.0,8.5375,0.0208,477.4882,503.0,100.0,403.0,35.0,0.0,0.0,0.0,349,89
32,29,512,464,528,480,-223.2,-152.8,1127.0,1197.4,1,287,73472.0,198.0,6.9229,0.0208,350.4778,587.0,86.0,501.0,24.0,0.0,0.0,0.0,484,112
33,29,528,464,544,480,-152.8,-82.4,1127.0,1197.4,1,266,68096.0,172.0,6.6495,0.0207,261.3682,559.0,58.0,501.0,29.0,1.0,0.0,1.0,338,87
42,29,672,464,688,480,480.8,551.2,1127.0,1197.4,1,381,97536.0,202.0,7.9522,0.0191,634.0193,21.0,3.0,18.0,2.0,0.0,0.0,0.0,16,4
43,29,688,464,704,480,551.2,621.6,1127.0,1197.4,1,342,87552.0,183.0,6.9963,0.0191,288.657,349.0,212.0,137.0,35.0,1.0,0.0,1.0,89,22
44,29,704,464,720,480,621.6,692.0,1127.0,1197.4,1,364,93184.0,169.0,6.5256,0.0188,167.0098,508.0,91.0,417.0,83.0,2.0,0.0,2.0,92,28
45,29,720,464,736,480,692.0,762.4,1127.0,1197.4,1,396,101376.0,172.0,6.6495,0.0186,218.6754,371.0,223.0,148.0,1.0,1.0,0.0,1.0,45,8
46,29,736,464,752,480,762.4,832.8,1127.0,1197.4,1,425,108800.0,178.0,6.8077,0.0183,259.8197,202.0,197.0,5.0,0.0,0.0,0.0,0.0,49,5
47,29,752,464,768,480,832.8,903.2,1127.0,1197.4,1,431,110336.0,181.0,7.124,0.018,255.5782,56.0,53.0,3.0,0.0,0.0,0.0,0.0,31,5
48,29,768,464,784,480,903.2,973.6,1127.0,1197.4,1,434,111104.0,181.0,7.1329,0.0178,252.8168,950.0,473.0,477.0,57.0,2.0,1.0,1.0,113,42
49,29,784,464,800,480,973.6,1044.0,1127.0,1197.4,1,436,111616.0,181.0,7.1597,0.0175,244.7633,467.0,201.0,266.0,58.0,2.0,2.0,0.0,317,83
50,29,800,464,816,480,1044.0,1114.4,1127.0,1197.4,1,439,112384.0,182.0,7.1897,0.0173,239.8411,607.0,175.0,432.0,57.0,1.0,0.0,1.0,474,99
51,29,816,464,832,480,1114.4,1184.8,1127.0,1197.4,1,448,114688.0,200.0,7.7758,0.017,258.1931,755.0,199.0,556.0,52.0,0.0,0.0,0.0,568,117
52,29,832,464,848,480,1184.8,1255.2,1127.0,1197.4,1,498,127488.0,227.0,8.5673,0.0167,506.7219,1576.0,361.0,1215.0,64.0,8.0,1.0,7.0,751,141
53,29,848,464,864,480,1255.2,1325.6,1127.0,1197.4,1,594,152064.0,259.0,9.0506,0.0164,1470.9535,628.0,296.0,332.0,91.0,2.0,2.0,0.0,805,147
54,29,864,464,880,480,1325.6,1396.0,1127.0,1197.4,1,606,155136.0,262.0,9.2455,0.0161,1654.3705,236.0,163.0,73.0,65.0,3.0,3.0,0.0,279,90
55,29,880,464,896,480,1396.0,1466.4,1127.0,1197.4,1,598,153088.0,263.0,9.2207,0.0158,1566.6344,137.0,90.0,47.0,20.0,0.0,0.0,0.0,160,62
56,29,896,464,912,480,1466.4,1536.8,1127.0,1197.4,1,585,149760.0,261.0,9.1616,0.0155,1491.5119,121.0,91.0,30.0,22.0,0.0,0.0,0.0,132,48
57,29,912,464,928,480,1536.8,1607.2,1127.0,1197.4,1,574,146944.0,263.0,9.2905,0.0152,1803.213,393.0,276.0,117.0,28.0,2.0,2.0,0.0,162,51
4,30,64,480,80,496,-2194.4,-2124.0,1056.6,1127.0,1,111,28416.0,139.0,6.2432,0.0149,183.5355,663.0,18.0,645.0,97.0,1.0,1.0,0.0,122,27
5,30,80,480,96,496,-2124.0,-2053.6,1056.6,1127.0,1,173,44288.0,206.0,7.0077,0.0153,1462.2892,354.0,25.0,329.0,48.0,1.0,0.0,1.0,150,41
6,30,96,480,112,496,-2053.6,-1983.2,1056.6,1127.0,1,213,54528.0,219.0,7.1299,0.0156,1915.1383,199.0,43.0,156.0,32.0,1.0,0.0,1.0,158,48
7,30,112,480,128,496,-1983.2,-1912.8,1056.6,1127.0,1,212,54272.0,237.0,7.127,0.016,2246.0336,271.0,63.0,208.0,51.0,0.0,0.0,0.0,224,60
8,30,128,480,144,496,-1912.8,-1842.4,1056.6,1127.0,1,198,50688.0,249.0,7.0077,0.0163,1838.9652,459.0,88.0,371.0,42.0,1.0,0.0,1.0,350,84
9,30,144,480,160,496,-1842.4,-1772.0,1056.6,1127.0,1,267,68352.0,259.0,7.7512,0.0167,2184.2529,494.0,53.0,441.0,67.0,1.0,1.0,0.0,448,96
10,30,160,480,176,496,-1772.0,-1701.6,1056.6,1127.0,1,347,88832.0,231.0,6.9934,0.0169,2622.0953,585.0,44.0,541.0,146.0,0.0,0.0,0.0,524,104
11,30,176,480,192,496,-1701.6,-1631.2,1056.6,1127.0,1,390,99840.0,232.0,7.1063,0.0172,2987.4735,457.0,27.0,430.0,153.0,0.0,0.0,0.0,444,109
12,30,192,480,208,496,-1631.2,-1560.8,1056.6,1127.0,1,358,91648.0,223.0,6.9622,0.0174,2670.1678,779.0,48.0,731.0,261.0,1.0,0.0,1.0,842,164
13,30,208,480,224,496,-1560.8,-1490.4,1056.6,1127.0,1,262,67072.0,212.0,6.6495,0.0176,1601.7412,824.0,70.0,754.0,286.0,0.0,0.0,0.0,796,164
14,30,224,480,240,496,-1490.4,-1420.0,1056.6,1127.0,1,163,41728.0,162.0,6.167,0.0178,479.0563,735.0,71.0,664.0,252.0,0.0,0.0,0.0,698,157
15,30,240,480,256,496,-1420.0,-1349.6,1056.6,1127.0,1,134,34304.0,132.0,5.8979,0.018,179.2631,777.0,54.0,723.0,265.0,0.0,0.0,0.0,741,157
16,30,256,480,272,496,-1349.6,-1279.2,1056.6,1127.0,1,118,30208.0,111.0,5.7498,0.0181,103.0861,947.0,102.0,845.0,254.0,1.0,0.0,1.0,892,161
17,30,272,480,288,496,-1279.2,-1208.8,1056.6,1127.0,1,113,28928.0,108.0,5.7402,0.0181,121.6508,1102.0,115.0,987.0,263.0,2.0,1.0,1.0,994,169
18,30,288,480,304,496,-1208.8,-1138.4,1056.6,1127.0,1,100,25600.0,87.0,5.0363,0.0182,74.5983,1282.0,105.0,1177.0,250.0,3.0,2.0,1.0,1012,166
19,30,304,480,320,496,-1138.4,-1068.0,1056.6,1127.0,1,95,24320.0,80.0,4.7533,0.0183,63.7098,509.0,50.0,459.0,106.0,1.0,1.0,0.0,424,109
27,30,432,480,448,496,-575.2,-504.8,1056.6,1127.0,1,281,71936.0,224.0,8.7019,0.0203,474.1529,226.0,6.0,220.0,11.0,0.0,0.0,0.0,43,16
28,30,448,480,464,496,-504.8,-434.4,1056.6,1127.0,1,294,75264.0,222.0,8.7776,0.0205,371.0548,278.0,70.0,208.0,34.0,2.0,0.0,2.0,222,70
29,30,464,480,480,496,-434.4,-364.0,1056.6,1127.0,1,301,77056.0,223.0,8.724,0.0206,380.9368,128.0,59.0,69.0,23.0,0.0,0.0,0.0,131,39
30,30,480,480,496,496,-364.0,-293.6,1056.6,1127.0,1,297,76032.0,226.0,8.593,0.0207,377.146,284.0,86.0,198.0,14.0,0.0,0.0,0.0,187,70
31,30,496,480,512,496,-293.6,-223.2,1056.6,1127.0,1,281,71936.0,210.0,8.4038,0.0207,309.0414,351.0,82.0,269.0,13.0,0.0,0.0,0.0,276,90
32,30,512,480,528,496,-223.2,-152.8,1056.6,1127.0,1,273,69888.0,179.0,6.7488,0.0207,207.6024,753.0,71.0,682.0,24.0,2.0,2.0,0.0,400,103
33,30,528,480,544,496,-152.8,-82.4,1056.6,1127.0,1,257,65792.0,169.0,6.6264,0.0205,199.1614,341.0,95.0,246.0,36.0,0.0,0.0,0.0,264,78
42,30,672,480,688,496,480.8,551.2,1056.6,1127.0,1,375,96000.0,203.0,7.9302,0.019,520.3526,56.0,10.0,46.0,5.0,0.0,0.0,0.0,47,9
43,30,688,480,704,496,551.2,621.6,1056.6,1127.0,1,378,96768.0,226.0,8.529,0.019,640.2276,189.0,37.0,152.0,44.0,2.0,0.0,2.0,120,32
44,30,704,480,720,496,621.6,692.0,1056.6,1127.0,1,387,99072.0,187.0,7.2412,0.0189,323.6409,819.0,322.0,497.0,92.0,2.0,1.0,1.0,260,58
45,30,720,480,736,496,692.0,762.4,1056.6,1127.0,1,419,107264.0,182.0,6.8077,0.0187,254.9405,655.0,330.0,325.0,34.0,0.0,0.0,0.0,217,52
46,30,736,480,752,496,762.4,832.8,1056.6,1127.0,1,438,112128.0,182.0,7.1448,0.0184,275.5458,223.0,94.0,129.0,7.0,0.0,0.0,0.0,177,53
47,30,752,480,768,496,832.8,903.2,1056.6,1127.0,1,438,112128.0,183.0,7.1656,0.0182,257.6677,389.0,66.0,323.0,15.0,1.0,1.0,0.0,222,74
48,30,768,480,784,496,903.2,973.6,1056.6,1127.0,1,440,112640.0,182.0,7.1716,0.0179,254.6498,995.0,441.0,554.0,97.0,0.0,0.0,0.0,446,109
49,30,784,480,800,496,973.6,1044.0,1056.6,1127.0,1,443,113408.0,183.0,7.2017,0.0176,248.4297,434.0,159.0,275.0,56.0,0.0,0.0,0.0,458,112
50,30,800,480,816,496,1044.0,1114.4,1056.6,1127.0,1,447,114432.0,196.0,7.5368,0.0174,261.8673,371.0,115.0,256.0,23.0,0.0,0.0,0.0,342,91
51,30,816,480,832,496,1114.4,1184.8,1056.6,1127.0,1,467,119552.0,218.0,8.3955,0.0171,291.7292,437.0,118.0,319.0,32.0,0.0,0.0,0.0,386,101
52,30,832,480,848,496,1184.8,1255.2,1056.6,1127.0,1,515,131840.0,252.0,8.6668,0.0168,694.1254,311.0,115.0,196.0,14.0,0.0,0.0,0.0,294,84
53,30,848,480,864,496,1255.2,1325.6,1056.6,1127.0,1,589,150784.0,261.0,9.1616,0.0165,1449.1949,198.0,101.0,97.0,29.0,1.0,1.0,0.0,215,81
54,30,864,480,880,496,1325.6,1396.0,1056.6,1127.0,1,596,152576.0,263.0,9.196,0.0162,1532.2391,185.0,135.0,50.0,55.0,0.0,0.0,0.0,202,79
55,30,880,480,896,496,1396.0,1466.4,1056.6,1127.0,1,590,151040.0,264.0,9.1812,0.0159,1474.2583,115.0,74.0,41.0,14.0,0.0,0.0,0.0,124,46
56,30,896,480,912,496,1466.4,1536.8,1056.6,1127.0,1,579,148224.0,267.0,9.3157,0.0156,1595.979,109.0,71.0,38.0,29.0,0.0,0.0,0.0,131,49
57,30,912,480,928,496,1536.8,1607.2,1056.6,1127.0,1,563,144128.0,262.0,9.2356,0.0153,1490.9651,322.0,162.0,160.0,15.0,0.0,0.0,0.0,123,39
4,31,64,496,80,512,-2194.4,-2124.0,986.2,1056.6,1,128,32768.0,183.0,6.7066,0.0148,700.184,233.0,25.0,208.0,34.0,0.0,0.0,0.0,38,13
5,31,80,496,96,512,-2124.0,-2053.6,986.2,1056.6,1,172,44032.0,192.0,6.7355,0.0152,1283.1297,106.0,13.0,93.0,27.0,1.0,1.0,0.0,23,8
6,31,96,496,112,512,-2053.6,-1983.2,986.2,1056.6,1,203,51968.0,195.0,6.553,0.0155,1612.9389,7.0,0.0,7.0,0.0,0.0,0.0,0.0,8,4
7,31,112,496,128,512,-1983.2,-1912.8,986.2,1056.6,1,190,48640.0,193.0,6.5182,0.0159,1337.8546,12.0,0.0,12.0,4.0,0.0,0.0,0.0,7,3
8,31,128,496,144,512,-1912.8,-1842.4,986.2,1056.6,1,181,46336.0,220.0,6.5132,0.0163,1286.7631,52.0,16.0,36.0,9.0,0.0,0.0,0.0,34,13
9,31,144,496,160,512,-1842.4,-1772.0,986.2,1056.6,1,242,61952.0,253.0,7.2873,0.0166,1614.4899,1606.0,195.0,1411.0,199.0,0.0,0.0,0.0,408,81
10,31,160,496,176,512,-1772.0,-1701.6,986.2,1056.6,1,365,93440.0,236.0,7.4843,0.0169,2753.8062,1307.0,26.0,1281.0,164.0,1.0,1.0,0.0,684,104
11,31,176,496,192,512,-1701.6,-1631.2,986.2,1056.6,1,405,103680.0,229.0,7.1477,0.0172,2968.4736,1104.0,44.0,1060.0,335.0,2.0,0.0,2.0,965,142
12,31,192,496,208,512,-1631.2,-1560.8,986.2,1056.6,1,364,93184.0,216.0,6.9792,0.0174,2408.4307,1035.0,24.0,1011.0,497.0,4.0,2.0,2.0,747,159
13,31,208,496,224,512,-1560.8,-1490.4,986.2,1056.6,1,230,58880.0,199.0,6.538,0.0176,1132.9535,27.0,0.0,27.0,2.0,0.0,0.0,0.0,8,3
14,31,224,496,240,512,-1490.4,-1420.0,986.2,1056.6,1,132,33792.0,135.0,5.9718,0.0177,192.2149,82.0,22.0,60.0,7.0,0.0,0.0,0.0,64,29
15,31,240,496,256,512,-1420.0,-1349.6,986.2,1056.6,1,112,28672.0,107.0,5.8023,0.0178,80.5854,86.0,25.0,61.0,16.0,0.0,0.0,0.0,92,35
16,31,256,496,272,512,-1349.6,-1279.2,986.2,1056.6,1,107,27392.0,100.0,5.7249,0.0178,107.1491,1.0,0.0,1.0,1.0,0.0,0.0,0.0,2,1
17,31,272,496,288,512,-1279.2,-1208.8,986.2,1056.6,1,100,25600.0,84.0,5.0026,0.0179,79.5799,41.0,6.0,35.0,9.0,1.0,0.0,1.0,42,21
18,31,288,496,304,512,-1208.8,-1138.4,986.2,1056.6,1,98,25088.0,82.0,4.8052,0.0179,76.0504,75.0,4.0,71.0,9.0,1.0,0.0,1.0,56,22
27,31,432,496,448,512,-575.2,-504.8,986.2,1056.6,1,280,71680.0,245.0,8.7108,0.0201,516.3247,85.0,8.0,77.0,5.0,1.0,0.0,1.0,52,20
28,31,448,496,464,512,-504.8,-434.4,986.2,1056.6,1,289,73984.0,224.0,8.8408,0.0203,400.8196,176.0,46.0,130.0,17.0,2.0,2.0,0.0,166,60
29,31,464,496,480,512,-434.4,-364.0,986.2,1056.6,1,291,74496.0,215.0,8.6233,0.0205,333.187,120.0,33.0,87.0,11.0,0.0,0.0,0.0,136,53
30,31,480,496,496,512,-364.0,-293.6,986.2,1056.6,1,285,72960.0,214.0,8.4827,0.0205,301.8993,150.0,42.0,108.0,4.0,1.0,1.0,0.0,166,66
31,31,496,496,512,512,-293.6,-223.2,986.2,1056.6,1,269,68864.0,184.0,8.1331,0.0205,190.9878,323.0,75.0,248.0,13.0,0.0,0.0,0.0,279,89
32,31,512,496,528,512,-223.2,-152.8,986.2,1056.6,1,260,66560.0,166.0,6.6649,0.0205,126.2472,466.0,53.0,413.0,17.0,2.0,0.0,2.0,360,103
33,31,528,496,544,512,-152.8,-82.4,986.2,1056.6,1,248,63488.0,158.0,6.5882,0.0203,129.8935,222.0,44.0,178.0,44.0,0.0,0.0,0.0,210,76
42,31,672,496,688,512,480.8,551.2,986.2,1056.6,1,371,94976.0,209.0,8.3506,0.0189,516.2775,257.0,211.0,46.0,7.0,0.0,0.0,0.0,153,18
43,31,688,496,704,512,551.2,621.6,986.2,1056.6,1,401,102656.0,239.0,8.6319,0.0189,816.3348,198.0,95.0,103.0,32.0,0.0,0.0,0.0,172,44
44,31,704,496,720,512,621.6,692.0,986.2,1056.6,1,407,104192.0,201.0,7.356,0.0189,441.3731,530.0,218.0,312.0,43.0,1.0,1.0,0.0,257,59
45,31,720,496,736,512,692.0,762.4,986.2,1056.6,1,437,111872.0,191.0,7.5039,0.0187,399.9525,446.0,195.0,251.0,35.0,0.0,0.0,0.0,368,90
46,31,736,496,752,512,762.4,832.8,986.2,1056.6,1,443,113408.0,186.0,7.1806,0.0185,270.2798,412.0,194.0,218.0,39.0,1.0,1.0,0.0,368,101
47,31,752,496,768,512,832.8,903.2,986.2,1056.6,1,444,113664.0,187.0,7.2047,0.0183,264.3672,449.0,177.0,272.0,40.0,0.0,0.0,0.0,447,110
48,31,768,496,784,512,903.2,973.6,986.2,1056.6,1,448,114688.0,183.0,7.2169,0.018,259.9391,346.0,118.0,228.0,25.0,0.0,0.0,0.0,366,92
49,31,784,496,800,512,973.6,1044.0,986.2,1056.6,1,448,114688.0,197.0,7.5401,0.0177,265.0973,245.0,90.0,155.0,12.0,2.0,1.0,1.0,278,81
50,31,800,496,816,512,1044.0,1114.4,986.2,1056.6,1,458,117248.0,209.0,8.3223,0.0175,267.9496,252.0,66.0,186.0,10.0,0.0,0.0,0.0,271,70
51,31,816,496,832,512,1114.4,1184.8,986.2,1056.6,1,484,123904.0,219.0,8.4743,0.0172,378.9948,238.0,51.0,187.0,10.0,1.0,0.0,1.0,217,62
52,31,832,496,848,512,1184.8,1255.2,986.2,1056.6,1,530,135680.0,253.0,8.7374,0.0169,837.1499,158.0,58.0,100.0,17.0,1.0,0.0,1.0,180,66
53,31,848,496,864,512,1255.2,1325.6,986.2,1056.6,1,573,146688.0,260.0,9.0793,0.0166,1304.4199,155.0,97.0,58.0,33.0,0.0,0.0,0.0,165,69
54,31,864,496,880,512,1325.6,1396.0,986.2,1056.6,1,587,150272.0,262.0,9.1519,0.0162,1423.6171,130.0,100.0,30.0,38.0,0.0,0.0,0.0,154,59
55,31,880,496,896,512,1396.0,1466.4,986.2,1056.6,1,577,147712.0,264.0,9.2855,0.0159,1538.2284,115.0,61.0,54.0,8.0,0.0,0.0,0.0,114,43
56,31,896,496,912,512,1466.4,1536.8,986.2,1056.6,1,560,143360.0,259.0,9.2108,0.0156,1352.4039,121.0,65.0,56.0,20.0,0.0,0.0,0.0,119,45
57,31,912,496,928,512,1536.8,1607.2,986.2,1056.6,1,555,142080.0,265.0,9.2256,0.0153,1730.2718,510.0,253.0,257.0,13.0,3.0,2.0,1.0,165,47
58,31,928,496,944,512,1607.2,1677.6,986.2,1056.6,1,368,94208.0,194.0,7.2534,0.0149,312.3547,94.0,8.0,86.0,0.0,0.0,0.0,0.0,54,18
59,31,944,496,960,512,1677.6,1748.0,986.2,1056.6,1,332,84992.0,165.0,7.1627,0.0146,285.6591,164.0,139.0,25.0,0.0,0.0,0.0,0.0,17,8
60,31,960,496,976,512,1748.0,1818.4,986.2,1056.6,1,311,79616.0,135.0,6.1959,0.0142,34.4354,3.0,0.0,3.0,0.0,0.0,0.0,0.0,2,1
9,32,144,512,160,528,-1842.4,-1772.0,915.8,986.2,1,170,43520.0,192.0,6.4399,0.0166,885.7434,549.0,96.0,453.0,25.0,1.0,1.0,0.0,260,54
10,32,160,512,176,528,-1772.0,-1701.6,915.8,986.2,1,378,96768.0,238.0,7.6306,0.0169,2814.215,1043.0,28.0,1015.0,174.0,0.0,0.0,0.0,570,104
11,32,176,512,192,528,-1701.6,-1631.2,915.8,986.2,1,415,106240.0,226.0,7.1806,0.0171,2697.5063,1651.0,65.0,1586.0,555.0,0.0,0.0,0.0,1162,172
12,32,192,512,208,528,-1631.2,-1560.8,915.8,986.2,1,373,95488.0,217.0,7.0422,0.0173,2203.636,426.0,14.0,412.0,239.0,1.0,0.0,1.0,385,113
13,32,208,512,224,528,-1560.8,-1490.4,915.8,986.2,1,143,36608.0,154.0,6.1165,0.0175,324.4913,45.0,0.0,45.0,0.0,0.0,0.0,0.0,4,2
27,32,432,512,448,528,-575.2,-504.8,915.8,986.2,1,280,71680.0,245.0,8.7285,0.0199,541.4749,60.0,6.0,54.0,2.0,0.0,0.0,0.0,42,15
28,32,448,512,464,528,-504.8,-434.4,915.8,986.2,1,290,74240.0,242.0,8.8272,0.0201,520.5043,150.0,19.0,131.0,20.0,0.0,0.0,0.0,139,54
29,32,464,512,480,528,-434.4,-364.0,915.8,986.2,1,284,72704.0,206.0,8.5375,0.0203,287.4818,105.0,25.0,80.0,13.0,0.0,0.0,0.0,127,50
30,32,480,512,496,528,-364.0,-293.6,915.8,986.2,1,279,71424.0,197.0,8.2424,0.0204,225.7981,140.0,46.0,94.0,7.0,1.0,1.0,0.0,158,66
31,32,496,512,512,528,-293.6,-223.2,915.8,986.2,1,260,66560.0,171.0,7.8361,0.0204,110.602,348.0,81.0,267.0,14.0,1.0,1.0,0.0,296,99
32,32,512,512,528,528,-223.2,-152.8,915.8,986.2,1,253,64768.0,158.0,6.6212,0.0203,92.917,359.0,46.0,313.0,21.0,1.0,0.0,1.0,322,95
33,32,528,512,544,528,-152.8,-82.4,915.8,986.2,1,247,63232.0,155.0,6.5832,0.0201,109.0816,170.0,34.0,136.0,42.0,0.0,0.0,0.0,169,67
42,32,672,512,688,528,480.8,551.2,915.8,986.2,1,370,94720.0,213.0,8.3102,0.0188,481.4521,407.0,344.0,63.0,4.0,1.0,0.0,1.0,138,29
43,32,688,512,704,528,551.2,621.6,915.8,986.2,1,424,108544.0,246.0,8.7731,0.0188,954.4007,196.0,89.0,107.0,31.0,0.0,0.0,0.0,148,52
44,32,704,512,720,528,621.6,692.0,915.8,986.2,1,430,110080.0,212.0,7.4908,0.0188,568.7474,343.0,135.0,208.0,42.0,1.0,0.0,1.0,238,74
45,32,720,512,736,528,692.0,762.4,915.8,986.2,1,447,114432.0,197.0,7.6956,0.0187,404.0501,315.0,118.0,197.0,37.0,3.0,1.0,2.0,285,86
46,32,736,512,752,528,762.4,832.8,915.8,986.2,1,451,115456.0,192.0,7.6853,0.0185,356.1923,272.0,100.0,172.0,22.0,0.0,0.0,0.0,292,84
47,32,752,512,768,528,832.8,903.2,915.8,986.2,1,451,115456.0,189.0,7.2412,0.0183,264.6198,344.0,118.0,226.0,15.0,0.0,0.0,0.0,314,81
48,32,768,512,784,528,903.2,973.6,915.8,986.2,1,452,115712.0,197.0,7.5534,0.018,279.9402,268.0,108.0,160.0,19.0,0.0,0.0,0.0,314,86
49,32,784,512,800,528,973.6,1044.0,915.8,986.2,1,459,117504.0,208.0,8.0643,0.0178,281.9359,278.0,72.0,206.0,13.0,0.0,0.0,0.0,258,72
50,32,800,512,816,528,1044.0,1114.4,915.8,986.2,1,471,120576.0,218.0,8.412,0.0175,296.6789,206.0,36.0,170.0,15.0,1.0,0.0,1.0,212,63
51,32,816,512,832,528,1114.4,1184.8,915.8,986.2,1,486,124416.0,220.0,8.491,0.0172,431.3385,182.0,48.0,134.0,18.0,0.0,0.0,0.0,177,60
52,32,832,512,848,528,1184.8,1255.2,915.8,986.2,1,534,136704.0,255.0,8.882,0.0169,903.3169,108.0,50.0,58.0,22.0,0.0,0.0,0.0,121,48
53,32,848,512,864,528,1255.2,1325.6,915.8,986.2,1,564,144384.0,258.0,9.0363,0.0166,1202.8165,108.0,58.0,50.0,33.0,1.0,0.0,1.0,113,47
54,32,864,512,880,528,1325.6,1396.0,915.8,986.2,1,575,147200.0,265.0,9.2755,0.0163,1498.2997,133.0,100.0,33.0,37.0,1.0,1.0,0.0,131,54
55,32,880,512,896,528,1396.0,1466.4,915.8,986.2,1,564,144384.0,261.0,9.2207,0.0159,1344.1148,99.0,65.0,34.0,15.0,0.0,0.0,0.0,96,35
56,32,896,512,912,528,1466.4,1536.8,915.8,986.2,1,555,142080.0,264.0,9.2207,0.0156,1654.0032,80.0,40.0,40.0,6.0,0.0,0.0,0.0,82,32
57,32,912,512,928,528,1536.8,1607.2,915.8,986.2,1,545,139520.0,264.0,9.2306,0.0153,1520.1295,280.0,229.0,51.0,4.0,0.0,0.0,0.0,119,37
58,32,928,512,944,528,1607.2,1677.6,915.8,986.2,1,432,110592.0,250.0,8.7463,0.015,1183.4931,87.0,6.0,81.0,0.0,0.0,0.0,0.0,76,29
59,32,944,512,960,528,1677.6,1748.0,915.8,986.2,1,331,84736.0,142.0,5.7268,0.0146,23.374,29.0,7.0,22.0,0.0,0.0,0.0,0.0,36,10
60,32,960,512,976,528,1748.0,1818.4,915.8,986.2,1,323,82688.0,136.0,6.0242,0.0143,16.0836,135.0,8.0,127.0,0.0,0.0,0.0,0.0,26,6
10,33,160,528,176,544,-1772.0,-1701.6,845.4,915.8,1,399,102144.0,250.0,7.7722,0.0168,2952.3873,86.0,6.0,80.0,45.0,1.0,0.0,1.0,64,27
11,33,176,528,192,544,-1701.6,-1631.2,845.4,915.8,1,413,105728.0,226.0,7.1836,0.017,2392.262,1177.0,47.0,1130.0,476.0,1.0,0.0,1.0,1066,172
12,33,192,528,208,544,-1631.2,-1560.8,845.4,915.8,1,369,94464.0,192.0,6.1714,0.0172,1188.1764,610.0,6.0,604.0,362.0,0.0,0.0,0.0,396,122
27,33,432,528,448,544,-575.2,-504.8,845.4,915.8,1,283,72448.0,241.0,8.6887,0.0197,634.2379,6.0,0.0,6.0,0.0,0.0,0.0,0.0,2,1
28,33,448,528,464,544,-504.8,-434.4,845.4,915.8,1,290,74240.0,239.0,8.8227,0.02,521.8279,153.0,24.0,129.0,16.0,0.0,0.0,0.0,140,54
29,33,464,528,480,544,-434.4,-364.0,845.4,915.8,1,285,72960.0,218.0,8.7418,0.0201,403.0954,117.0,31.0,86.0,13.0,0.0,0.0,0.0,116,47
30,33,480,528,496,544,-364.0,-293.6,845.4,915.8,1,272,69632.0,195.0,8.2148,0.0202,196.8067,156.0,43.0,113.0,8.0,2.0,2.0,0.0,196,80
31,33,496,528,512,544,-293.6,-223.2,845.4,915.8,1,254,65024.0,164.0,6.7435,0.0203,75.5634,292.0,62.0,230.0,17.0,0.0,0.0,0.0,295,96
32,33,512,528,528,544,-223.2,-152.8,845.4,915.8,1,250,64000.0,153.0,6.5983,0.0202,69.9319,353.0,47.0,306.0,25.0,1.0,1.0,0.0,312,103
33,33,528,528,544,544,-152.8,-82.4,845.4,915.8,1,240,61440.0,147.0,6.5505,0.02,81.9524,152.0,32.0,120.0,30.0,0.0,0.0,0.0,140,56
42,33,672,528,688,544,480.8,551.2,845.4,915.8,1,373,95488.0,224.0,8.3183,0.0187,480.108,770.0,702.0,68.0,0.0,0.0,0.0,0.0,263,26
43,33,688,528,704,544,551.2,621.6,845.4,915.8,1,436,111616.0,248.0,8.8499,0.0187,955.0514,182.0,85.0,97.0,23.0,0.0,0.0,0.0,160,48
44,33,704,528,720,544,621.6,692.0,845.4,915.8,1,456,116736.0,237.0,9.0745,0.0187,811.6044,418.0,138.0,280.0,83.0,5.0,0.0,5.0,351,90
45,33,720,528,736,544,692.0,762.4,845.4,915.8,1,456,116736.0,209.0,7.7582,0.0186,503.0135,510.0,277.0,233.0,53.0,1.0,1.0,0.0,407,98
46,33,736,528,752,544,762.4,832.8,845.4,915.8,1,461,118016.0,201.0,7.7442,0.0184,429.4223,607.0,290.0,317.0,40.0,0.0,0.0,0.0,614,132
47,33,752,528,768,544,832.8,903.2,845.4,915.8,1,455,116480.0,196.0,7.5634,0.0182,292.1475,466.0,204.0,262.0,44.0,0.0,0.0,0.0,509,117
48,33,768,528,784,544,903.2,973.6,845.4,915.8,1,457,116992.0,205.0,7.8076,0.018,280.6715,356.0,123.0,233.0,25.0,1.0,1.0,0.0,330,93
49,33,784,528,800,544,973.6,1044.0,845.4,915.8,1,470,120320.0,215.0,8.3751,0.0178,296.9652,249.0,56.0,193.0,15.0,1.0,1.0,0.0,226,70
50,33,800,528,816,544,1044.0,1114.4,845.4,915.8,1,484,123904.0,221.0,8.4701,0.0175,357.394,199.0,45.0,154.0,13.0,0.0,0.0,0.0,195,64
51,33,816,528,832,544,1114.4,1184.8,845.4,915.8,1,495,126720.0,232.0,8.6843,0.0172,509.7648,155.0,61.0,94.0,28.0,1.0,1.0,0.0,169,66
52,33,832,528,848,544,1184.8,1255.2,845.4,915.8,1,528,135168.0,255.0,8.8545,0.0169,895.3327,115.0,59.0,56.0,27.0,2.0,0.0,2.0,128,53
53,33,848,528,864,544,1255.2,1325.6,845.4,915.8,1,554,141824.0,264.0,9.1665,0.0166,1263.7127,79.0,30.0,49.0,21.0,0.0,0.0,0.0,95,38
54,33,864,528,880,544,1325.6,1396.0,845.4,915.8,1,561,143616.0,264.0,9.2058,0.0163,1312.3021,145.0,103.0,42.0,28.0,1.0,0.0,1.0,145,53
55,33,880,528,896,544,1396.0,1466.4,845.4,915.8,1,553,141568.0,267.0,9.2555,0.0159,1587.0685,135.0,63.0,72.0,8.0,1.0,0.0,1.0,122,44
56,33,896,528,912,544,1466.4,1536.8,845.4,915.8,1,543,139008.0,262.0,9.2157,0.0156,1415.5935,103.0,35.0,68.0,4.0,1.0,1.0,0.0,99,40
57,33,912,528,928,544,1536.8,1607.2,845.4,915.8,1,526,134656.0,248.0,9.2455,0.0153,1433.6531,79.0,34.0,45.0,1.0,0.0,0.0,0.0,86,35
58,33,928,528,944,544,1607.2,1677.6,845.4,915.8,1,451,115456.0,220.0,7.2443,0.015,381.0873,80.0,5.0,75.0,0.0,0.0,0.0,0.0,72,27
59,33,944,528,960,544,1677.6,1748.0,845.4,915.8,1,339,86784.0,158.0,6.1383,0.0146,43.6236,49.0,3.0,46.0,0.0,0.0,0.0,0.0,46,15
60,33,960,528,976,544,1748.0,1818.4,845.4,915.8,1,325,83200.0,141.0,6.1056,0.0143,20.2512,19.0,0.0,19.0,0.0,0.0,0.0,0.0,14,4
10,34,160,544,176,560,-1772.0,-1701.6,775.0,845.4,1,410,104960.0,241.0,7.797,0.0167,2890.1617,55.0,7.0,48.0,20.0,0.0,0.0,0.0,50,23
11,34,176,544,192,560,-1701.6,-1631.2,775.0,845.4,1,397,101632.0,205.0,7.0567,0.0169,1305.3932,764.0,42.0,722.0,417.0,0.0,0.0,0.0,953,176
12,34,192,544,208,560,-1631.2,-1560.8,775.0,845.4,1,365,93440.0,168.0,6.0818,0.0171,602.0075,225.0,7.0,218.0,155.0,0.0,0.0,0.0,275,97
27,34,432,544,448,560,-575.2,-504.8,775.0,845.4,1,281,71936.0,230.0,8.6668,0.0196,557.4691,0.0,0.0,0.0,0.0,0.0,0.0,0.0,0,0
28,34,448,544,464,560,-504.8,-434.4,775.0,845.4,1,298,76288.0,236.0,8.8136,0.0198,611.3629,126.0,18.0,108.0,17.0,0.0,0.0,0.0,136,54
29,34,464,544,480,560,-434.4,-364.0,775.0,845.4,1,291,74496.0,231.0,8.791,0.02,502.8913,95.0,22.0,73.0,9.0,0.0,0.0,0.0,114,48
30,34,480,544,496,560,-364.0,-293.6,775.0,845.4,1,278,71168.0,214.0,8.7686,0.0201,456.0621,161.0,36.0,125.0,12.0,0.0,0.0,0.0,211,83
31,34,496,544,512,560,-293.6,-223.2,775.0,845.4,1,252,64512.0,161.0,6.6727,0.0201,69.3949,215.0,54.0,161.0,24.0,0.0,0.0,0.0,223,83
32,34,512,544,528,560,-223.2,-152.8,775.0,845.4,1,248,63488.0,150.0,6.5806,0.0201,68.834,365.0,55.0,310.0,33.0,2.0,0.0,2.0,329,98
33,34,528,544,544,560,-152.8,-82.4,775.0,845.4,1,238,60928.0,145.0,6.5306,0.0199,63.6086,207.0,23.0,184.0,21.0,0.0,0.0,0.0,152,60
42,34,672,544,688,560,480.8,551.2,775.0,845.4,1,377,96512.0,234.0,8.4203,0.0186,495.9769,1092.0,995.0,97.0,0.0,1.0,0.0,1.0,236,28
43,34,688,544,704,560,551.2,621.6,775.0,845.4,1,458,117248.0,254.0,9.0315,0.0186,978.4377,299.0,271.0,28.0,1.0,0.0,0.0,0.0,80,25
44,34,704,544,720,560,621.6,692.0,775.0,845.4,1,475,121600.0,247.0,9.2705,0.0186,1007.1018,748.0,232.0,516.0,136.0,4.0,0.0,4.0,771,129
45,34,720,544,736,560,692.0,762.4,775.0,845.4,1,466,119296.0,215.0,7.8076,0.0185,587.9425,865.0,518.0,347.0,53.0,2.0,0.0,2.0,584,120
46,34,736,544,752,560,762.4,832.8,775.0,845.4,1,463,118528.0,208.0,8.0454,0.0184,473.0887,277.0,158.0,119.0,15.0,2.0,1.0,1.0,234,70
47,34,752,544,768,560,832.8,903.2,775.0,845.4,1,463,118528.0,212.0,8.2622,0.0182,383.3249,817.0,422.0,395.0,24.0,1.0,1.0,0.0,260,78
48,34,768,544,784,560,903.2,973.6,775.0,845.4,1,467,119552.0,213.0,8.3588,0.018,293.8173,616.0,428.0,188.0,53.0,1.0,1.0,0.0,353,88
49,34,784,544,800,560,973.6,1044.0,775.0,845.4,1,474,121344.0,221.0,8.4244,0.0177,304.9768,307.0,148.0,159.0,19.0,1.0,0.0,1.0,222,64
50,34,800,544,816,560,1044.0,1114.4,775.0,845.4,1,483,123648.0,224.0,8.5973,0.0175,406.2293,162.0,55.0,107.0,19.0,0.0,0.0,0.0,154,55
51,34,816,544,832,560,1114.4,1184.8,775.0,845.4,1,499,127744.0,242.0,8.7152,0.0172,573.3826,116.0,59.0,57.0,22.0,2.0,0.0,2.0,122,51
52,34,832,544,848,560,1184.8,1255.2,775.0,845.4,1,527,134912.0,265.0,9.0745,0.0169,997.0705,102.0,46.0,56.0,14.0,0.0,0.0,0.0,103,43
53,34,848,544,864,560,1255.2,1325.6,775.0,845.4,1,539,137984.0,265.0,9.147,0.0166,1111.7685,139.0,66.0,73.0,3.0,1.0,0.0,1.0,105,44
54,34,864,544,880,560,1325.6,1396.0,775.0,845.4,1,549,140544.0,271.0,9.3157,0.0162,1507.5698,141.0,94.0,47.0,26.0,0.0,0.0,0.0,131,47
55,34,880,544,896,560,1396.0,1466.4,775.0,845.4,1,539,137984.0,265.0,9.2655,0.0159,1383.5531,81.0,36.0,45.0,2.0,0.0,0.0,0.0,80,33
56,34,896,544,912,560,1466.4,1536.8,775.0,845.4,1,525,134400.0,247.0,9.3006,0.0156,1613.5072,62.0,32.0,30.0,2.0,0.0,0.0,0.0,63,29
57,34,912,544,928,560,1536.8,1607.2,775.0,845.4,1,514,131584.0,226.0,7.5302,0.0153,496.5265,104.0,22.0,82.0,0.0,0.0,0.0,0.0,95,32
58,34,928,544,944,560,1607.2,1677.6,775.0,845.4,1,466,119296.0,228.0,7.4973,0.0149,451.225,108.0,12.0,96.0,0.0,2.0,0.0,2.0,100,30
59,34,944,544,960,560,1677.6,1748.0,775.0,845.4,1,375,96000.0,214.0,7.1866,0.0146,246.1439,54.0,6.0,48.0,0.0,0.0,0.0,0.0,64,22
60,34,960,544,976,560,1748.0,1818.4,775.0,845.4,1,333,85248.0,156.0,6.167,0.0143,49.8806,75.0,1.0,74.0,0.0,0.0,0.0,0.0,16,4
10,35,160,560,176,576,-1772.0,-1701.6,704.6,775.0,1,383,98048.0,181.0,5.6644,0.0166,512.463,27.0,6.0,21.0,11.0,0.0,0.0,0.0,32,14
11,35,176,560,192,576,-1701.6,-1631.2,704.6,775.0,1,389,99584.0,190.0,7.0887,0.0167,1146.5049,755.0,41.0,714.0,454.0,0.0,0.0,0.0,1014,179
12,35,192,560,208,576,-1631.2,-1560.8,704.6,775.0,1,373,95488.0,166.0,6.1186,0.0168,602.6887,176.0,5.0,171.0,103.0,0.0,0.0,0.0,198,80
27,35,432,560,448,576,-575.2,-504.8,704.6,775.0,1,286,73216.0,227.0,8.6493,0.0194,596.5804,0.0,0.0,0.0,0.0,0.0,0.0,0.0,0,0
28,35,448,560,464,576,-504.8,-434.4,704.6,775.0,1,301,77056.0,234.0,8.8317,0.0197,597.4854,142.0,25.0,117.0,20.0,1.0,1.0,0.0,152,60
29,35,464,560,480,576,-434.4,-364.0,704.6,775.0,1,298,76288.0,229.0,8.8227,0.0198,589.7941,115.0,23.0,92.0,10.0,0.0,0.0,0.0,128,55
30,35,480,560,496,576,-364.0,-293.6,704.6,775.0,1,282,72192.0,232.0,8.8136,0.02,523.0765,174.0,38.0,136.0,19.0,0.0,0.0,0.0,214,87
31,35,496,560,512,576,-293.6,-223.2,704.6,775.0,1,254,65024.0,170.0,7.7477,0.02,258.9824,195.0,29.0,166.0,26.0,0.0,0.0,0.0,194,76
32,35,512,560,528,576,-223.2,-152.8,704.6,775.0,1,245,62720.0,148.0,6.553,0.02,52.1376,388.0,77.0,311.0,41.0,2.0,0.0,2.0,371,101
33,35,528,560,544,576,-152.8,-82.4,704.6,775.0,1,237,60672.0,142.0,6.5182,0.0198,81.1943,174.0,44.0,130.0,14.0,0.0,0.0,0.0,132,54
42,35,672,560,688,576,480.8,551.2,704.6,775.0,1,387,99072.0,236.0,8.4618,0.0185,512.6452,0.0,0.0,0.0,0.0,0.0,0.0,0.0,0,0
43,35,688,560,704,576,551.2,621.6,704.6,775.0,1,488,124928.0,257.0,9.3056,0.0185,1067.5606,410.0,85.0,325.0,47.0,4.0,0.0,4.0,532,115
44,35,704,560,720,576,621.6,692.0,704.6,775.0,1,487,124672.0,251.0,9.336,0.0185,1092.3713,973.0,225.0,748.0,140.0,4.0,0.0,4.0,883,138
45,35,720,560,736,576,692.0,762.4,704.6,775.0,1,468,119808.0,220.0,7.9083,0.0184,670.5772,17.0,16.0,1.0,0.0,0.0,0.0,0.0,12,5
46,35,736,560,752,576,762.4,832.8,704.6,775.0,1,475,121600.0,226.0,8.3506,0.0183,545.0075,0.0,0.0,0.0,0.0,0.0,0.0,0.0,0,0
47,35,752,560,768,576,832.8,903.2,704.6,775.0,1,470,120320.0,218.0,8.5673,0.0181,375.4535,0.0,0.0,0.0,0.0,0.0,0.0,0.0,0,0
48,35,768,560,784,576,903.2,973.6,704.6,775.0,1,473,121088.0,223.0,8.8363,0.0179,356.1466,98.0,69.0,29.0,18.0,0.0,0.0,0.0,113,35
49,35,784,560,800,576,973.6,1044.0,704.6,775.0,1,488,124928.0,225.0,8.6146,0.0177,373.6234,333.0,196.0,137.0,19.0,1.0,0.0,1.0,268,63
50,35,800,560,816,576,1044.0,1114.4,704.6,775.0,1,491,125696.0,229.0,8.6843,0.0174,462.4395,133.0,63.0,70.0,8.0,0.0,0.0,0.0,119,42
51,35,816,560,832,576,1114.4,1184.8,704.6,775.0,1,498,127488.0,261.0,9.0125,0.0171,706.4088,72.0,39.0,33.0,12.0,2.0,0.0,2.0,75,32
52,35,832,560,848,576,1184.8,1255.2,704.6,775.0,1,516,132096.0,267.0,9.0985,0.0168,904.4805,194.0,26.0,168.0,4.0,0.0,0.0,0.0,48,21
53,35,848,560,864,576,1255.2,1325.6,704.6,775.0,1,530,135680.0,272.0,9.3056,0.0165,1296.9022,166.0,114.0,52.0,11.0,0.0,0.0,0.0,116,34
54,35,864,560,880,576,1325.6,1396.0,704.6,775.0,1,534,136704.0,272.0,9.336,0.0162,1311.5744,158.0,131.0,27.0,17.0,0.0,0.0,0.0,140,46
55,35,880,560,896,576,1396.0,1466.4,704.6,775.0,1,522,133632.0,249.0,9.2755,0.0159,1036.9946,60.0,33.0,27.0,0.0,0.0,0.0,0.0,61,27
56,35,896,560,912,576,1466.4,1536.8,704.6,775.0,1,519,132864.0,235.0,7.5801,0.0155,528.6228,53.0,29.0,24.0,0.0,0.0,0.0,0.0,62,29
57,35,912,560,928,576,1536.8,1607.2,704.6,775.0,1,515,131840.0,239.0,7.5834,0.0152,538.9188,73.0,36.0,37.0,0.0,0.0,0.0,0.0,50,20
58,35,928,560,944,576,1607.2,1677.6,704.6,775.0,1,478,122368.0,241.0,7.5435,0.0149,481.588,69.0,5.0,64.0,0.0,0.0,0.0,0.0,42,17
59,35,944,560,960,576,1677.6,1748.0,704.6,775.0,1,399,102144.0,224.0,7.2626,0.0146,302.9668,319.0,99.0,220.0,0.0,0.0,0.0,0.0,103,23
60,35,960,560,976,576,1748.0,1818.4,704.6,775.0,1,343,87808.0,176.0,6.2523,0.0142,88.5729,50.0,2.0,48.0,0.0,0.0,0.0,0.0,13,6
8,36,128,576,144,592,-1912.8,-1842.4,634.2,704.6,1,342,87552.0,129.0,5.1933,0.0158,12.9225,111.0,0.0,111.0,11.0,0.0,0.0,0.0,12,5
9,36,144,576,160,592,-1842.4,-1772.0,634.2,704.6,1,369,94464.0,173.0,5.6477,0.0162,511.052,39.0,0.0,39.0,9.0,0.0,0.0,0.0,28,9
10,36,160,576,176,592,-1772.0,-1701.6,634.2,704.6,1,375,96000.0,166.0,5.6384,0.0164,512.4472,159.0,7.0,152.0,48.0,0.0,0.0,0.0,86,33
11,36,176,576,192,592,-1701.6,-1631.2,634.2,704.6,1,386,98816.0,191.0,7.0975,0.0166,1011.3954,631.0,33.0,598.0,407.0,0.0,0.0,0.0,918,177
12,36,192,576,208,592,-1631.2,-1560.8,634.2,704.6,1,375,96000.0,176.0,6.9062,0.0166,779.1035,227.0,22.0,205.0,117.0,0.0,0.0,0.0,296,99
13,36,208,576,224,592,-1560.8,-1490.4,634.2,704.6,1,344,88064.0,159.0,6.0242,0.0165,492.9386,21.0,1.0,20.0,5.0,0.0,0.0,0.0,28,11
14,36,224,576,240,592,-1490.4,-1420.0,634.2,704.6,1,303,77568.0,119.0,5.1574,0.0162,4.5567,176.0,0.0,176.0,100.0,0.0,0.0,0.0,21,12
27,36,432,576,448,592,-575.2,-504.8,634.2,704.6,1,291,74496.0,225.0,8.6755,0.0193,612.6528,100.0,6.0,94.0,1.0,1.0,0.0,1.0,43,19
28,36,448,576,464,592,-504.8,-434.4,634.2,704.6,1,304,77824.0,233.0,8.8454,0.0195,621.7976,202.0,23.0,179.0,27.0,0.0,0.0,0.0,205,78
29,36,464,576,480,592,-434.4,-364.0,634.2,704.6,1,300,76800.0,230.0,8.8866,0.0197,590.7919,149.0,26.0,123.0,13.0,2.0,1.0,1.0,164,62
30,36,480,576,496,592,-364.0,-293.6,634.2,704.6,1,291,74496.0,231.0,8.8591,0.0199,620.2513,173.0,21.0,152.0,21.0,0.0,0.0,0.0,187,72
31,36,496,576,512,592,-293.6,-223.2,634.2,704.6,1,270,69120.0,195.0,7.8648,0.0199,468.5282,319.0,79.0,240.0,37.0,0.0,0.0,0.0,335,109
32,36,512,576,528,592,-223.2,-152.8,634.2,704.6,1,245,62720.0,149.0,6.5706,0.0199,73.5725,361.0,91.0,270.0,38.0,0.0,0.0,0.0,364,107
33,36,528,576,544,592,-152.8,-82.4,634.2,704.6,1,235,60160.0,142.0,6.5132,0.0198,59.188,133.0,27.0,106.0,18.0,0.0,0.0,0.0,122,51
42,36,672,576,688,592,480.8,551.2,634.2,704.6,1,413,105728.0,245.0,8.7063,0.0185,625.4169,302.0,30.0,272.0,87.0,3.0,1.0,2.0,133,46
43,36,688,576,704,592,551.2,621.6,634.2,704.6,1,504,129024.0,262.0,9.4231,0.0185,1113.5073,1151.0,186.0,965.0,250.0,4.0,0.0,4.0,916,139
44,36,704,576,720,592,621.6,692.0,634.2,704.6,1,491,125696.0,252.0,9.3563,0.0184,1043.0916,456.0,53.0,403.0,101.0,0.0,0.0,0.0,315,75
45,36,720,576,736,592,692.0,762.4,634.2,704.6,1,483,123648.0,249.0,9.1812,0.0183,784.4366,159.0,22.0,137.0,13.0,0.0,0.0,0.0,9,2
46,36,736,576,752,592,762.4,832.8,634.2,704.6,1,482,123392.0,235.0,8.6799,0.0182,589.8078,0.0,0.0,0.0,0.0,0.0,0.0,0.0,0,0
47,36,752,576,768,592,832.8,903.2,634.2,704.6,1,480,122880.0,231.0,8.8958,0.018,432.0871,0.0,0.0,0.0,0.0,0.0,0.0,0.0,0,0
48,36,768,576,784,592,903.2,973.6,634.2,704.6,1,485,124160.0,236.0,9.0173,0.0178,432.4183,0.0,0.0,0.0,0.0,0.0,0.0,0.0,0,0
49,36,784,576,800,592,973.6,1044.0,634.2,704.6,1,490,125440.0,239.0,9.2009,0.0176,559.2708,399.0,346.0,53.0,25.0,1.0,1.0,0.0,152,37
50,36,800,576,816,592,1044.0,1114.4,634.2,704.6,1,490,125440.0,244.0,9.0315,0.0173,572.5399,232.0,164.0,68.0,7.0,0.0,0.0,0.0,112,36
51,36,816,576,832,592,1114.4,1184.8,634.2,704.6,1,489,125184.0,275.0,9.0889,0.017,711.9454,107.0,74.0,33.0,3.0,0.0,0.0,0.0,72,30
52,36,832,576,848,592,1184.8,1255.2,634.2,704.6,1,511,130816.0,282.0,9.2356,0.0167,1118.7828,96.0,66.0,30.0,0.0,0.0,0.0,0.0,68,26
53,36,848,576,864,592,1255.2,1325.6,634.2,704.6,1,521,133376.0,289.0,9.3512,0.0164,1605.1943,542.0,347.0,195.0,39.0,0.0,0.0,0.0,133,42
54,36,864,576,880,592,1325.6,1396.0,634.2,704.6,1,512,131072.0,250.0,7.6476,0.0161,516.9877,186.0,158.0,28.0,8.0,1.0,1.0,0.0,110,35
55,36,880,576,896,592,1396.0,1466.4,634.2,704.6,1,520,133120.0,250.0,7.6784,0.0158,558.3713,102.0,63.0,39.0,0.0,1.0,0.0,1.0,72,28
56,36,896,576,912,592,1466.4,1536.8,634.2,704.6,1,522,133632.0,249.0,7.6818,0.0155,579.2827,104.0,55.0,49.0,0.0,0.0,0.0,0.0,90,32
57,36,912,576,928,592,1536.8,1607.2,634.2,704.6,1,519,132864.0,245.0,7.6818,0.0152,585.7028,180.0,164.0,16.0,0.0,0.0,0.0,0.0,100,21
58,36,928,576,944,592,1607.2,1677.6,634.2,704.6,1,488,124928.0,242.0,7.5801,0.0148,532.0033,77.0,7.0,70.0,0.0,1.0,0.0,1.0,63,11
59,36,944,576,960,592,1677.6,1748.0,634.2,704.6,1,423,108288.0,239.0,7.3718,0.0145,391.1788,358.0,23.0,335.0,0.0,0.0,0.0,0.0,111,21
60,36,960,576,976,592,1748.0,1818.4,634.2,704.6,1,369,94464.0,222.0,7.1776,0.0142,261.7123,20.0,1.0,19.0,0.0,0.0,0.0,0.0,10,5
6,37,96,592,112,608,-2053.6,-1983.2,563.8,634.2,1,350,89600.0,132.0,5.7096,0.0151,22.9358,229.0,0.0,229.0,0.0,1.0,0.0,1.0,8,7
7,37,112,592,128,608,-1983.2,-1912.8,563.8,634.2,1,356,91136.0,134.0,5.6588,0.0155,19.2455,24.0,0.0,24.0,0.0,0.0,0.0,0.0,15,6
8,37,128,592,144,608,-1912.8,-1842.4,563.8,634.2,1,370,94720.0,174.0,5.9926,0.0158,500.4125,59.0,4.0,55.0,4.0,0.0,0.0,0.0,39,15
9,37,144,592,160,608,-1842.4,-1772.0,563.8,634.2,1,372,95232.0,157.0,5.5943,0.016,141.1131,82.0,2.0,80.0,14.0,0.0,0.0,0.0,58,14
10,37,160,592,176,608,-1772.0,-1701.6,563.8,634.2,1,372,95232.0,160.0,5.5834,0.0162,75.1922,148.0,19.0,129.0,36.0,1.0,0.0,1.0,154,48
11,37,176,592,192,608,-1701.6,-1631.2,563.8,634.2,1,382,97792.0,195.0,7.1034,0.0164,1148.803,358.0,11.0,347.0,253.0,0.0,0.0,0.0,536,141
12,37,192,592,208,608,-1631.2,-1560.8,563.8,634.2,1,375,96000.0,179.0,7.0163,0.0164,848.6469,367.0,13.0,354.0,247.0,0.0,0.0,0.0,530,148
13,37,208,592,224,608,-1560.8,-1490.4,563.8,634.2,1,359,91904.0,163.0,6.0796,0.0163,583.0448,29.0,0.0,29.0,5.0,0.0,0.0,0.0,32,12
14,37,224,592,240,608,-1490.4,-1420.0,563.8,634.2,1,323,82688.0,145.0,5.7058,0.0162,229.5409,57.0,0.0,57.0,28.0,0.0,0.0,0.0,50,13
15,37,240,592,256,608,-1420.0,-1349.6,563.8,634.2,1,297,76032.0,118.0,5.1466,0.0159,4.1517,158.0,0.0,158.0,11.0,0.0,0.0,0.0,60,9
16,37,256,592,272,608,-1349.6,-1279.2,563.8,634.2,1,282,72192.0,111.0,5.0437,0.0155,1.7043,174.0,0.0,174.0,13.0,0.0,0.0,0.0,48,7
26,37,416,592,432,608,-645.6,-575.2,563.8,634.2,1,171,43776.0,169.0,6.3706,0.0188,254.2737,653.0,31.0,622.0,19.0,0.0,0.0,0.0,152,41
27,37,432,592,448,608,-575.2,-504.8,563.8,634.2,1,299,76544.0,238.0,8.7865,0.0192,712.0836,470.0,20.0,450.0,24.0,0.0,0.0,0.0,204,61
28,37,448,592,464,608,-504.8,-434.4,563.8,634.2,1,310,79360.0,237.0,8.9096,0.0194,681.8349,109.0,16.0,93.0,11.0,1.0,0.0,1.0,126,51
29,37,464,592,480,608,-434.4,-364.0,563.8,634.2,1,309,79104.0,233.0,8.9328,0.0196,682.1785,119.0,19.0,100.0,18.0,1.0,0.0,1.0,139,53
30,37,480,592,496,608,-364.0,-293.6,563.8,634.2,1,296,75776.0,231.0,8.8912,0.0198,646.5588,161.0,19.0,142.0,20.0,1.0,1.0,0.0,190,72
31,37,496,592,512,608,-293.6,-223.2,563.8,634.2,1,278,71168.0,189.0,7.8468,0.0198,551.4897,286.0,99.0,187.0,41.0,3.0,3.0,0.0,264,91
32,37,512,592,528,608,-223.2,-152.8,563.8,634.2,1,271,69376.0,188.0,7.8684,0.0198,551.1948,288.0,51.0,237.0,32.0,0.0,0.0,0.0,308,97
33,37,528,592,544,608,-152.8,-82.4,563.8,634.2,1,235,60160.0,142.0,6.5132,0.0197,56.9707,102.0,10.0,92.0,16.0,0.0,0.0,0.0,104,44
42,37,672,592,688,608,480.8,551.2,563.8,634.2,1,479,122624.0,257.0,9.2207,0.0185,878.415,278.0,62.0,216.0,73.0,2.0,0.0,2.0,138,38
43,37,688,592,704,608,551.2,621.6,563.8,634.2,1,506,129536.0,263.0,9.4335,0.0184,1060.1784,821.0,162.0,659.0,164.0,0.0,0.0,0.0,728,127
44,37,704,592,720,608,621.6,692.0,563.8,634.2,1,504,129024.0,271.0,9.4231,0.0184,1115.6215,419.0,37.0,382.0,85.0,0.0,0.0,0.0,360,97
45,37,720,592,736,608,692.0,762.4,563.8,634.2,1,496,126976.0,267.0,9.3768,0.0182,902.8109,272.0,5.0,267.0,13.0,0.0,0.0,0.0,48,14
46,37,736,592,752,608,762.4,832.8,563.8,634.2,1,492,125952.0,249.0,9.0937,0.0181,586.0047,0.0,0.0,0.0,0.0,0.0,0.0,0.0,0,0
47,37,752,592,768,608,832.8,903.2,563.8,634.2,1,495,126720.0,259.0,9.196,0.0179,636.6842,0.0,0.0,0.0,0.0,0.0,0.0,0.0,0,0
48,37,768,592,784,608,903.2,973.6,563.8,634.2,1,505,129280.0,265.0,9.3056,0.0177,638.4282,4.0,4.0,0.0,0.0,0.0,0.0,0.0,4,1
49,37,784,592,800,608,973.6,1044.0,563.8,634.2,1,505,129280.0,270.0,9.4386,0.0175,744.9858,81.0,62.0,19.0,1.0,0.0,0.0,0.0,60,18
50,37,800,592,816,608,1044.0,1114.4,563.8,634.2,1,483,123648.0,277.0,9.3922,0.0172,752.2707,41.0,16.0,25.0,3.0,1.0,1.0,0.0,52,19
51,37,816,592,832,608,1114.4,1184.8,563.8,634.2,1,492,125952.0,292.0,9.1519,0.0169,942.2537,69.0,47.0,22.0,2.0,0.0,0.0,0.0,52,20
52,37,832,592,848,608,1184.8,1255.2,563.8,634.2,1,502,128512.0,291.0,9.2455,0.0166,1253.4754,35.0,11.0,24.0,0.0,0.0,0.0,0.0,37,16
53,37,848,592,864,608,1255.2,1325.6,563.8,634.2,1,502,128512.0,252.0,7.6171,0.0163,506.5561,148.0,111.0,37.0,4.0,0.0,0.0,0.0,77,27
54,37,864,592,880,608,1325.6,1396.0,563.8,634.2,1,514,131584.0,251.0,7.6613,0.016,566.2087,133.0,58.0,75.0,2.0,0.0,0.0,0.0,96,33
55,37,880,592,896,608,1396.0,1466.4,563.8,634.2,1,521,133376.0,246.0,7.6818,0.0157,602.6783,135.0,79.0,56.0,0.0,0.0,0.0,0.0,126,27
56,37,896,592,912,608,1466.4,1536.8,563.8,634.2,1,522,133632.0,245.0,7.6887,0.0154,616.2795,281.0,218.0,63.0,0.0,1.0,1.0,0.0,226,30
57,37,912,592,928,608,1536.8,1607.2,563.8,634.2,1,523,133888.0,244.0,7.6922,0.0151,623.8572,397.0,368.0,29.0,0.0,0.0,0.0,0.0,119,22
58,37,928,592,944,608,1607.2,1677.6,563.8,634.2,1,493,126208.0,243.0,7.5969,0.0148,565.2397,35.0,24.0,11.0,0.0,0.0,0.0,0.0,12,5
59,37,944,592,960,608,1677.6,1748.0,563.8,634.2,1,439,112384.0,241.0,7.4228,0.0144,436.9388,70.0,31.0,39.0,0.0,0.0,0.0,0.0,14,3
60,37,960,592,976,608,1748.0,1818.4,563.8,634.2,1,389,99584.0,224.0,7.2382,0.0141,328.5687,25.0,4.0,21.0,0.0,0.0,0.0,0.0,6,2
6,38,96,608,112,624,-2053.6,-1983.2,493.4,563.8,1,367,93952.0,147.0,6.1186,0.0151,337.3805,25.0,9.0,16.0,0.0,0.0,0.0,0.0,11,7
7,38,112,608,128,624,-1983.2,-1912.8,493.4,563.8,1,379,97024.0,174.0,6.1317,0.0154,502.3339,23.0,3.0,20.0,7.0,0.0,0.0,0.0,22,11
8,38,128,608,144,624,-1912.8,-1842.4,493.4,563.8,1,378,96768.0,162.0,5.9864,0.0156,187.0142,114.0,3.0,111.0,29.0,0.0,0.0,0.0,20,10
9,38,144,608,160,624,-1842.4,-1772.0,493.4,563.8,1,378,96768.0,163.0,5.6053,0.0159,97.73,26.0,0.0,26.0,0.0,0.0,0.0,0.0,16,7
10,38,160,608,176,624,-1772.0,-1701.6,493.4,563.8,1,378,96768.0,162.0,5.5998,0.0161,70.7662,103.0,19.0,84.0,19.0,0.0,0.0,0.0,126,49
11,38,176,608,192,624,-1701.6,-1631.2,493.4,563.8,1,379,97024.0,188.0,7.1122,0.0162,942.0018,184.0,8.0,176.0,140.0,0.0,0.0,0.0,300,106
12,38,192,608,208,624,-1631.2,-1560.8,493.4,563.8,1,377,96512.0,189.0,7.0712,0.0162,1115.7708,442.0,11.0,431.0,335.0,0.0,0.0,0.0,680,167
13,38,208,608,224,624,-1560.8,-1490.4,493.4,563.8,1,362,92672.0,168.0,6.8621,0.0161,657.3051,9.0,1.0,8.0,0.0,0.0,0.0,0.0,12,6
14,38,224,608,240,624,-1490.4,-1420.0,493.4,563.8,1,341,87296.0,157.0,6.0157,0.016,495.4151,19.0,0.0,19.0,7.0,0.0,0.0,0.0,22,8
15,38,240,608,256,624,-1420.0,-1349.6,493.4,563.8,1,309,79104.0,141.0,5.6532,0.0158,165.548,40.0,0.0,40.0,5.0,0.0,0.0,0.0,52,10
16,38,256,608,272,624,-1349.6,-1279.2,493.4,563.8,1,289,73984.0,122.0,5.4109,0.0155,65.5597,49.0,0.0,49.0,0.0,0.0,0.0,0.0,40,5
26,38,416,608,432,624,-645.6,-575.2,493.4,563.8,1,233,59648.0,201.0,7.3845,0.0187,561.8756,337.0,5.0,332.0,22.0,0.0,0.0,0.0,180,55
27,38,432,608,448,624,-575.2,-504.8,493.4,563.8,1,338,86528.0,270.0,9.0697,0.019,1237.4771,130.0,21.0,109.0,12.0,0.0,0.0,0.0,115,44
28,38,448,608,464,624,-504.8,-434.4,493.4,563.8,1,351,89856.0,278.0,9.2605,0.0193,1218.6496,78.0,3.0,75.0,8.0,0.0,0.0,0.0,80,33
29,38,464,608,480,624,-434.4,-364.0,493.4,563.8,1,341,87296.0,269.0,9.2755,0.0195,1097.6013,103.0,22.0,81.0,26.0,3.0,1.0,2.0,100,37
30,38,480,608,496,624,-364.0,-293.6,493.4,563.8,1,321,82176.0,252.0,9.1714,0.0196,968.825,124.0,13.0,111.0,20.0,1.0,0.0,1.0,145,62
31,38,496,608,512,624,-293.6,-223.2,493.4,563.8,1,306,78336.0,220.0,7.967,0.0197,842.4018,314.0,49.0,265.0,44.0,0.0,0.0,0.0,306,98
32,38,512,608,528,624,-223.2,-152.8,493.4,563.8,1,295,75520.0,191.0,7.9375,0.0197,766.2508,402.0,50.0,352.0,41.0,1.0,0.0,1.0,402,111
33,38,528,608,544,624,-152.8,-82.4,493.4,563.8,1,282,72192.0,187.0,7.9156,0.0197,811.1241,160.0,24.0,136.0,27.0,0.0,0.0,0.0,205,70
42,38,672,608,688,624,480.8,551.2,493.4,563.8,1,497,127232.0,261.0,9.3512,0.0185,890.0949,423.0,232.0,191.0,39.0,0.0,0.0,0.0,176,40
43,38,688,608,704,624,551.2,621.6,493.4,563.8,1,522,133632.0,294.0,9.6781,0.0184,1158.6395,582.0,69.0,513.0,140.0,1.0,0.0,1.0,549,104
44,38,704,608,720,624,621.6,692.0,493.4,563.8,1,530,135680.0,314.0,9.7219,0.0183,1266.541,537.0,68.0,469.0,127.0,0.0,0.0,0.0,553,117
45,38,720,608,736,624,692.0,762.4,493.4,563.8,1,533,136448.0,310.0,9.7329,0.0182,1356.4046,404.0,17.0,387.0,40.0,0.0,0.0,0.0,154,36
46,38,736,608,752,624,762.4,832.8,493.4,563.8,1,520,133120.0,283.0,9.2805,0.018,888.7995,0.0,0.0,0.0,0.0,0.0,0.0,0.0,0,0
47,38,752,608,768,624,832.8,903.2,493.4,563.8,1,522,133632.0,283.0,9.4179,0.0178,879.5154,0.0,0.0,0.0,0.0,0.0,0.0,0.0,0,0
48,38,768,608,784,624,903.2,973.6,493.4,563.8,1,523,133888.0,278.0,9.5489,0.0176,905.5312,7.0,7.0,0.0,0.0,0.0,0.0,0.0,2,1
49,38,784,608,800,624,973.6,1044.0,493.4,563.8,1,503,128768.0,273.0,9.387,0.0173,809.3669,36.0,14.0,22.0,2.0,0.0,0.0,0.0,30,10
50,38,800,608,816,624,1044.0,1114.4,493.4,563.8,1,486,124416.0,283.0,9.4179,0.0171,950.9412,41.0,18.0,23.0,0.0,0.0,0.0,0.0,30,12
51,38,816,608,832,624,1114.4,1184.8,493.4,563.8,1,484,123904.0,292.0,9.4751,0.0168,1195.5328,28.0,19.0,9.0,2.0,0.0,0.0,0.0,25,11
52,38,832,608,848,624,1184.8,1255.2,493.4,563.8,1,490,125440.0,250.0,7.5701,0.0165,493.462,20.0,5.0,15.0,2.0,0.0,0.0,0.0,24,10
53,38,848,608,864,624,1255.2,1325.6,493.4,563.8,1,505,129280.0,247.0,7.6306,0.0162,555.6046,217.0,138.0,79.0,9.0,0.0,0.0,0.0,101,25
54,38,864,608,880,624,1325.6,1396.0,493.4,563.8,1,517,132352.0,245.0,7.675,0.0159,614.6545,417.0,305.0,112.0,0.0,2.0,2.0,0.0,182,33
55,38,880,608,896,624,1396.0,1466.4,493.4,563.8,1,529,135424.0,245.0,7.7129,0.0156,673.7358,417.0,260.0,157.0,0.0,0.0,0.0,0.0,290,32
56,38,896,608,912,624,1466.4,1536.8,493.4,563.8,1,526,134656.0,244.0,7.6991,0.0153,675.349,448.0,307.0,141.0,0.0,1.0,0.0,1.0,307,24
57,38,912,608,928,624,1536.8,1607.2,493.4,563.8,1,526,134656.0,243.0,7.6991,0.015,689.4317,212.0,171.0,41.0,0.0,0.0,0.0,0.0,46,13
58,38,928,608,944,624,1607.2,1677.6,493.4,563.8,1,504,129024.0,242.0,7.6374,0.0147,640.4945,7.0,2.0,5.0,0.0,0.0,0.0,0.0,4,2
59,38,944,608,960,624,1677.6,1748.0,493.4,563.8,1,456,116736.0,243.0,7.481,0.0143,528.927,8.0,8.0,0.0,0.0,1.0,1.0,0.0,4,2
60,38,960,608,976,624,1748.0,1818.4,493.4,563.8,1,409,104704.0,228.0,7.3028,0.014,428.6959,0.0,0.0,0.0,0.0,0.0,0.0,0.0,0,0
6,39,96,624,112,640,-2053.6,-1983.2,423.0,493.4,1,381,97536.0,169.0,6.2049,0.015,488.1259,124.0,44.0,80.0,0.0,0.0,0.0,0.0,17,7
7,39,112,624,128,640,-1983.2,-1912.8,423.0,493.4,1,390,99840.0,164.0,6.1034,0.0153,276.1204,32.0,8.0,24.0,2.0,0.0,0.0,0.0,22,6
8,39,128,624,144,640,-1912.8,-1842.4,423.0,493.4,1,385,98560.0,162.0,6.0625,0.0155,135.3073,150.0,91.0,59.0,2.0,0.0,0.0,0.0,23,8
9,39,144,624,160,640,-1842.4,-1772.0,423.0,493.4,1,385,98560.0,163.0,5.949,0.0157,77.7243,114.0,33.0,81.0,5.0,0.0,0.0,0.0,37,14
10,39,160,624,176,640,-1772.0,-1701.6,423.0,493.4,1,380,97280.0,162.0,5.6107,0.0159,49.593,83.0,18.0,65.0,15.0,0.0,0.0,0.0,115,46
11,39,176,624,192,640,-1701.6,-1631.2,423.0,493.4,1,371,94976.0,158.0,5.5816,0.016,41.9552,115.0,2.0,113.0,93.0,0.0,0.0,0.0,186,72
12,39,192,624,208,640,-1631.2,-1560.8,423.0,493.4,1,376,96256.0,185.0,7.0654,0.016,856.8122,458.0,10.0,448.0,365.0,0.0,0.0,0.0,744,171
13,39,208,624,224,640,-1560.8,-1490.4,423.0,493.4,1,366,93696.0,174.0,6.8758,0.016,682.0615,53.0,6.0,47.0,4.0,0.0,0.0,0.0,40,17
14,39,224,624,240,640,-1490.4,-1420.0,423.0,493.4,1,345,88320.0,160.0,6.039,0.0159,518.8108,21.0,0.0,21.0,3.0,0.0,0.0,0.0,23,8
15,39,240,624,256,640,-1420.0,-1349.6,423.0,493.4,1,321,82176.0,149.0,5.8023,0.0157,326.1593,31.0,0.0,31.0,8.0,0.0,0.0,0.0,32,10
16,39,256,624,272,640,-1349.6,-1279.2,423.0,493.4,1,296,75776.0,137.0,5.6144,0.0155,158.9086,165.0,34.0,131.0,16.0,0.0,0.0,0.0,15,7
24,39,384,624,400,640,-786.4,-716.0,423.0,493.4,1,155,39680.0,135.0,5.8637,0.0176,63.6981,35.0,4.0,31.0,1.0,0.0,0.0,0.0,17,7
25,39,400,624,416,640,-716.0,-645.6,423.0,493.4,1,219,56064.0,175.0,6.4813,0.0182,528.4446,591.0,31.0,560.0,127.0,1.0,0.0,1.0,107,35
26,39,416,624,432,640,-645.6,-575.2,423.0,493.4,1,277,70912.0,215.0,7.5534,0.0186,849.7026,200.0,12.0,188.0,19.0,0.0,0.0,0.0,158,62
27,39,432,624,448,640,-575.2,-504.8,423.0,493.4,1,358,91648.0,271.0,9.1714,0.0189,1492.6275,108.0,7.0,101.0,4.0,1.0,0.0,1.0,100,43
28,39,448,624,464,640,-504.8,-434.4,423.0,493.4,1,377,96512.0,280.0,9.3973,0.0191,1596.4332,91.0,6.0,85.0,7.0,0.0,0.0,0.0,78,30
29,39,464,624,480,640,-434.4,-364.0,423.0,493.4,1,379,97024.0,277.0,9.4751,0.0193,1663.1877,68.0,16.0,52.0,13.0,1.0,1.0,0.0,77,31
30,39,480,624,496,640,-364.0,-293.6,423.0,493.4,1,358,91648.0,244.0,8.053,0.0194,1374.4112,109.0,18.0,91.0,12.0,0.0,0.0,0.0,142,59
31,39,496,624,512,640,-293.6,-223.2,423.0,493.4,1,356,91136.0,228.0,8.0416,0.0195,1426.5478,233.0,46.0,187.0,24.0,0.0,0.0,0.0,274,94
32,39,512,624,528,640,-223.2,-152.8,423.0,493.4,1,366,93696.0,229.0,8.203,0.0195,1563.1683,367.0,32.0,335.0,47.0,1.0,1.0,0.0,381,113
33,39,528,624,544,640,-152.8,-82.4,423.0,493.4,1,374,95744.0,231.0,8.3263,0.0195,1777.7553,1105.0,76.0,1029.0,126.0,0.0,0.0,0.0,609,136
34,39,544,624,560,640,-82.4,-12.0,423.0,493.4,1,249,63744.0,183.0,6.7888,0.0194,573.8032,967.0,56.0,911.0,137.0,1.0,0.0,1.0,516,119
35,39,560,624,576,640,-12.0,58.4,423.0,493.4,1,220,56320.0,151.0,6.4063,0.0192,91.6158,392.0,37.0,355.0,52.0,0.0,0.0,0.0,190,66
36,39,576,624,592,640,58.4,128.8,423.0,493.4,1,254,65024.0,180.0,6.7861,0.0189,254.611,191.0,36.0,155.0,48.0,0.0,0.0,0.0,112,44
37,39,592,624,608,640,128.8,199.2,423.0,493.4,1,291,74496.0,188.0,6.9821,0.0188,368.028,146.0,26.0,120.0,37.0,0.0,0.0,0.0,80,32
38,39,608,624,624,640,199.2,269.6,423.0,493.4,1,310,79360.0,192.0,7.0567,0.0188,428.315,87.0,7.0,80.0,22.0,0.0,0.0,0.0,40,16
39,39,624,624,640,640,269.6,340.0,423.0,493.4,1,335,85760.0,200.0,7.1716,0.0187,479.3533,56.0,4.0,52.0,29.0,0.0,0.0,0.0,28,9
40,39,640,624,656,640,340.0,410.4,423.0,493.4,1,383,98048.0,206.0,7.3434,0.0187,545.9828,19.0,7.0,12.0,3.0,0.0,0.0,0.0,16,5
41,39,656,624,672,640,410.4,480.8,423.0,493.4,1,487,124672.0,228.0,7.8612,0.0186,679.1812,27.0,4.0,23.0,0.0,0.0,0.0,0.0,4,2
42,39,672,624,688,640,480.8,551.2,423.0,493.4,1,546,139776.0,314.0,9.794,0.0185,1358.4285,410.0,191.0,219.0,33.0,0.0,0.0,0.0,179,35
43,39,688,624,704,640,551.2,621.6,423.0,493.4,1,561,143616.0,320.0,9.8956,0.0184,1559.3854,437.0,53.0,384.0,93.0,1.0,0.0,1.0,338,80
44,39,704,624,720,640,621.6,692.0,423.0,493.4,1,557,142592.0,323.0,9.8729,0.0182,1477.2033,657.0,97.0,560.0,190.0,1.0,0.0,1.0,698,126
45,39,720,624,736,640,692.0,762.4,423.0,493.4,1,556,142336.0,318.0,9.8672,0.0181,1540.1428,620.0,62.0,558.0,60.0,0.0,0.0,0.0,238,61
46,39,736,624,752,640,762.4,832.8,423.0,493.4,1,546,139776.0,309.0,9.744,0.0179,1251.2882,0.0,0.0,0.0,0.0,0.0,0.0,0.0,0,0
47,39,752,624,768,640,832.8,903.2,423.0,493.4,1,542,138752.0,290.0,9.5969,0.0177,1087.7364,0.0,0.0,0.0,0.0,0.0,0.0,0.0,0,0
48,39,768,624,784,640,903.2,973.6,423.0,493.4,1,525,134400.0,289.0,9.5862,0.0174,1080.0346,2.0,0.0,2.0,1.0,0.0,0.0,0.0,4,2
49,39,784,624,800,640,973.6,1044.0,423.0,493.4,1,487,124672.0,278.0,9.4076,0.0172,971.5749,26.0,14.0,12.0,8.0,1.0,0.0,1.0,22,7
50,39,800,624,816,640,1044.0,1114.4,423.0,493.4,1,466,119296.0,283.0,9.3259,0.0169,1060.9138,41.0,28.0,13.0,1.0,0.0,0.0,0.0,30,10
51,39,816,624,832,640,1114.4,1184.8,423.0,493.4,1,468,119808.0,252.0,7.8361,0.0167,482.0384,31.0,19.0,12.0,4.0,0.0,0.0,0.0,24,9
52,39,832,624,848,640,1184.8,1255.2,423.0,493.4,1,488,124928.0,249.0,7.9229,0.0164,576.3813,9.0,8.0,1.0,0.0,0.0,0.0,0.0,8,4
53,39,848,624,864,640,1255.2,1325.6,423.0,493.4,1,503,128768.0,246.0,7.6238,0.0161,571.4621,72.0,62.0,10.0,3.0,0.0,0.0,0.0,35,13
54,39,864,624,880,640,1325.6,1396.0,423.0,493.4,1,512,131072.0,246.0,7.6578,0.0158,619.3553,90.0,44.0,46.0,0.0,0.0,0.0,0.0,55,16
55,39,880,624,896,640,1396.0,1466.4,423.0,493.4,1,521,133376.0,244.0,7.6853,0.0155,654.3781,126.0,52.0,74.0,0.0,0.0,0.0,0.0,86,13
56,39,896,624,912,640,1466.4,1536.8,423.0,493.4,1,522,133632.0,243.0,7.6887,0.0152,666.3136,31.0,16.0,15.0,0.0,0.0,0.0,0.0,42,11
57,39,912,624,928,640,1536.8,1607.2,423.0,493.4,1,523,133888.0,242.0,7.6922,0.0148,678.4593,91.0,12.0,79.0,0.0,1.0,0.0,1.0,22,4
58,39,928,624,944,640,1607.2,1677.6,423.0,493.4,1,502,128512.0,242.0,7.6306,0.0145,625.331,46.0,3.0,43.0,0.0,0.0,0.0,0.0,6,2
59,39,944,624,960,640,1677.6,1748.0,423.0,493.4,1,456,116736.0,236.0,7.4777,0.0142,512.7557,2.0,2.0,0.0,0.0,0.0,0.0,0.0,2,1
60,39,960,624,976,640,1748.0,1818.4,423.0,493.4,1,415,106240.0,230.0,7.3466,0.0139,398.7473,0.0,0.0,0.0,0.0,0.0,0.0,0.0,0,0
6,40,96,640,112,656,-2053.6,-1983.2,352.6,423.0,1,388,99328.0,169.0,6.4496,0.0149,394.618,73.0,12.0,61.0,0.0,0.0,0.0,0.0,30,7
7,40,112,640,128,656,-1983.2,-1912.8,352.6,423.0,1,396,101376.0,161.0,6.1825,0.0151,162.1764,37.0,7.0,30.0,5.0,0.0,0.0,0.0,28,9
8,40,128,640,144,656,-1912.8,-1842.4,352.6,423.0,1,396,101376.0,161.0,6.0883,0.0154,112.5815,24.0,2.0,22.0,4.0,0.0,0.0,0.0,26,11
9,40,144,640,160,656,-1842.4,-1772.0,352.6,423.0,1,395,101120.0,167.0,6.0883,0.0156,92.994,41.0,10.0,31.0,1.0,0.0,0.0,0.0,40,17
10,40,160,640,176,656,-1772.0,-1701.6,352.6,423.0,1,385,98560.0,164.0,5.9511,0.0157,49.9872,72.0,19.0,53.0,15.0,0.0,0.0,0.0,94,37
11,40,176,640,192,656,-1701.6,-1631.2,352.6,423.0,1,377,96512.0,160.0,5.5979,0.0158,43.043,79.0,7.0,72.0,55.0,1.0,1.0,0.0,128,56
12,40,192,640,208,656,-1631.2,-1560.8,352.6,423.0,1,379,97024.0,191.0,7.0975,0.0158,1067.6758,470.0,6.0,464.0,396.0,0.0,0.0,0.0,766,171
13,40,208,640,224,656,-1560.8,-1490.4,352.6,423.0,1,371,94976.0,180.0,7.002,0.0158,865.2755,61.0,7.0,54.0,21.0,0.0,0.0,0.0,58,24
14,40,224,640,240,656,-1490.4,-1420.0,352.6,423.0,1,349,89344.0,164.0,6.8131,0.0157,616.7522,14.0,4.0,10.0,3.0,0.0,0.0,0.0,16,6
15,40,240,640,256,656,-1420.0,-1349.6,352.6,423.0,1,331,84736.0,154.0,5.9864,0.0156,419.8229,31.0,0.0,31.0,25.0,0.0,0.0,0.0,14,7
16,40,256,640,272,656,-1349.6,-1279.2,352.6,423.0,1,303,77568.0,143.0,5.6813,0.0154,247.2156,5.0,3.0,2.0,0.0,0.0,0.0,0.0,4,2
25,40,400,640,416,656,-716.0,-645.6,352.6,423.0,1,239,61184.0,173.0,6.548,0.0181,601.2803,395.0,122.0,273.0,36.0,2.0,1.0,1.0,126,36
26,40,416,640,432,656,-645.6,-575.2,352.6,423.0,1,296,75776.0,216.0,7.6578,0.0184,956.2072,117.0,9.0,108.0,24.0,0.0,0.0,0.0,128,45
27,40,432,640,448,656,-575.2,-504.8,352.6,423.0,1,359,91904.0,268.0,9.1763,0.0187,1585.793,58.0,9.0,49.0,5.0,0.0,0.0,0.0,70,32
28,40,448,640,464,656,-504.8,-434.4,352.6,423.0,1,385,98560.0,279.0,9.4386,0.0189,1788.4625,55.0,4.0,51.0,7.0,0.0,0.0,0.0,68,30
29,40,464,640,480,656,-434.4,-364.0,352.6,423.0,1,385,98560.0,277.0,9.5066,0.0191,1802.9539,68.0,2.0,66.0,11.0,1.0,0.0,1.0,88,36
30,40,480,640,496,656,-364.0,-293.6,352.6,423.0,1,360,92160.0,233.0,7.9707,0.0193,1450.1757,112.0,23.0,89.0,16.0,0.0,0.0,0.0,125,51
31,40,496,640,512,656,-293.6,-223.2,352.6,423.0,1,364,93184.0,225.0,8.0228,0.0193,1545.2627,176.0,25.0,151.0,24.0,2.0,1.0,1.0,176,63
32,40,512,640,528,656,-223.2,-152.8,352.6,423.0,1,371,94976.0,226.0,8.053,0.0193,1677.949,232.0,19.0,213.0,32.0,2.0,0.0,2.0,220,71
33,40,528,640,544,656,-152.8,-82.4,352.6,423.0,1,378,96768.0,230.0,8.1254,0.0193,1933.0089,354.0,32.0,322.0,50.0,0.0,0.0,0.0,312,92
34,40,544,640,560,656,-82.4,-12.0,352.6,423.0,1,329,84224.0,232.0,8.1485,0.0192,1581.3524,694.0,45.0,649.0,148.0,0.0,0.0,0.0,594,126
35,40,560,640,576,656,-12.0,58.4,352.6,423.0,1,263,67328.0,169.0,6.5083,0.0191,202.5144,508.0,50.0,458.0,98.0,0.0,0.0,0.0,501,124
36,40,576,640,592,656,58.4,128.8,352.6,423.0,1,289,73984.0,188.0,6.8593,0.019,275.4579,229.0,37.0,192.0,60.0,0.0,0.0,0.0,246,83
37,40,592,640,608,656,128.8,199.2,352.6,423.0,1,349,89344.0,201.0,7.1567,0.0189,527.1265,134.0,22.0,112.0,44.0,0.0,0.0,0.0,144,55
38,40,608,640,624,656,199.2,269.6,352.6,423.0,1,377,96512.0,207.0,7.275,0.0189,576.3113,85.0,23.0,62.0,26.0,0.0,0.0,0.0,89,34
39,40,624,640,640,656,269.6,340.0,352.6,423.0,1,421,107776.0,215.0,7.4777,0.0188,626.5007,58.0,24.0,34.0,11.0,0.0,0.0,0.0,48,19
40,40,640,640,656,656,340.0,410.4,352.6,423.0,1,476,121856.0,228.0,7.8218,0.0187,689.4687,43.0,18.0,25.0,6.0,1.0,1.0,0.0,38,15
41,40,656,640,672,656,410.4,480.8,352.6,423.0,1,512,131072.0,246.0,8.2742,0.0186,790.3237,179.0,147.0,32.0,17.0,0.0,0.0,0.0,17,7
42,40,672,640,688,656,480.8,551.2,352.6,423.0,1,556,142336.0,319.0,9.8502,0.0184,1408.9857,753.0,246.0,507.0,25.0,0.0,0.0,0.0,317,29
43,40,688,640,704,656,551.2,621.6,352.6,423.0,1,565,144640.0,323.0,9.907,0.0183,1505.036,390.0,61.0,329.0,62.0,1.0,0.0,1.0,270,61
44,40,704,640,720,656,621.6,692.0,352.6,423.0,1,566,144896.0,328.0,9.9242,0.0181,1525.4404,926.0,146.0,780.0,254.0,1.0,0.0,1.0,957,138
45,40,720,640,736,656,692.0,762.4,352.6,423.0,1,564,144384.0,322.0,9.9877,0.0179,1547.6639,858.0,39.0,819.0,169.0,2.0,1.0,1.0,331,77
46,40,736,640,752,656,762.4,832.8,352.6,423.0,1,555,142080.0,322.0,10.052,0.0178,1488.166,0.0,0.0,0.0,0.0,0.0,0.0,0.0,0,0
47,40,752,640,768,656,832.8,903.2,352.6,423.0,1,538,137728.0,293.0,9.6238,0.0175,1161.3367,0.0,0.0,0.0,0.0,0.0,0.0,0.0,0,0
48,40,768,640,784,656,903.2,973.6,352.6,423.0,1,497,127232.0,286.0,9.4699,0.0173,1113.5642,4.0,3.0,1.0,0.0,0.0,0.0,0.0,4,2
49,40,784,640,800,656,973.6,1044.0,352.6,423.0,1,445,113920.0,248.0,9.1861,0.0171,637.0015,87.0,82.0,5.0,0.0,0.0,0.0,0.0,32,5
50,40,800,640,816,656,1044.0,1114.4,352.6,423.0,1,447,114432.0,248.0,7.7863,0.0168,456.1505,75.0,68.0,7.0,0.0,0.0,0.0,0.0,28,6
51,40,816,640,832,656,1114.4,1184.8,352.6,423.0,1,465,119040.0,246.0,7.7722,0.0165,475.121,17.0,16.0,1.0,2.0,0.0,0.0,0.0,14,4
52,40,832,640,848,656,1184.8,1255.2,352.6,423.0,1,481,123136.0,246.0,7.8793,0.0162,549.6337,20.0,5.0,15.0,0.0,0.0,0.0,0.0,16,8
53,40,848,640,864,656,1255.2,1325.6,352.6,423.0,1,493,126208.0,245.0,7.9375,0.0159,610.4803,47.0,33.0,14.0,1.0,0.0,0.0,0.0,26,8
54,40,864,640,880,656,1325.6,1396.0,352.6,423.0,1,507,129792.0,243.0,7.6408,0.0156,610.6375,28.0,13.0,15.0,0.0,0.0,0.0,0.0,20,9
55,40,880,640,896,656,1396.0,1466.4,352.6,423.0,1,516,132096.0,243.0,7.6681,0.0153,647.4977,55.0,6.0,49.0,0.0,0.0,0.0,0.0,31,9
56,40,896,640,912,656,1466.4,1536.8,352.6,423.0,1,517,132352.0,241.0,7.6715,0.015,654.7621,26.0,13.0,13.0,0.0,0.0,0.0,0.0,14,6
57,40,912,640,928,656,1536.8,1607.2,352.6,423.0,1,519,132864.0,241.0,7.6784,0.0147,676.9697,1.0,1.0,0.0,0.0,0.0,0.0,0.0,2,1
58,40,928,640,944,656,1607.2,1677.6,352.6,423.0,1,500,128000.0,241.0,7.6238,0.0144,614.9904,3.0,3.0,0.0,0.0,0.0,0.0,0.0,4,1
59,40,944,640,960,656,1677.6,1748.0,352.6,423.0,1,460,117760.0,237.0,7.4908,0.0141,518.0934,0.0,0.0,0.0,0.0,0.0,0.0,0.0,0,0
60,40,960,640,976,656,1748.0,1818.4,352.6,423.0,1,418,107008.0,236.0,7.3591,0.0138,414.2099,0.0,0.0,0.0,0.0,0.0,0.0,0.0,0,0
6,41,96,656,112,672,-2053.6,-1983.2,282.2,352.6,1,390,99840.0,162.0,6.4207,0.0148,179.5872,21.0,4.0,17.0,2.0,0.0,0.0,0.0,20,6
7,41,112,656,128,672,-1983.2,-1912.8,282.2,352.6,1,398,101888.0,163.0,6.4424,0.015,129.1518,21.0,2.0,19.0,2.0,0.0,0.0,0.0,20,9
8,41,128,656,144,672,-1912.8,-1842.4,282.2,352.6,1,403,103168.0,162.0,6.2004,0.0152,107.8331,22.0,3.0,19.0,0.0,0.0,0.0,0.0,22,10
9,41,144,656,160,672,-1842.4,-1772.0,282.2,352.6,1,402,102912.0,165.0,6.1034,0.0154,73.6563,41.0,16.0,25.0,4.0,0.0,0.0,0.0,54,21
10,41,160,656,176,672,-1772.0,-1701.6,282.2,352.6,1,393,100608.0,164.0,6.0178,0.0156,57.3436,49.0,10.0,39.0,9.0,0.0,0.0,0.0,68,29
11,41,176,656,192,672,-1701.6,-1631.2,282.2,352.6,1,385,98560.0,160.0,5.6218,0.0157,48.2738,49.0,3.0,46.0,38.0,0.0,0.0,0.0,86,41
12,41,192,656,208,672,-1631.2,-1560.8,282.2,352.6,1,379,97024.0,186.0,7.1093,0.0157,942.4374,403.0,5.0,398.0,343.0,0.0,0.0,0.0,674,154
13,41,208,656,224,672,-1560.8,-1490.4,282.2,352.6,1,374,95744.0,187.0,7.0567,0.0157,1042.8085,133.0,6.0,127.0,85.0,0.0,0.0,0.0,194,74
14,41,224,656,240,672,-1490.4,-1420.0,282.2,352.6,1,355,90880.0,171.0,6.8293,0.0156,646.0123,15.0,2.0,13.0,3.0,0.0,0.0,0.0,18,4
15,41,240,656,256,672,-1420.0,-1349.6,282.2,352.6,1,334,85504.0,157.0,6.0115,0.0155,468.7632,13.0,2.0,11.0,6.0,0.0,0.0,0.0,16,8
16,41,256,656,272,672,-1349.6,-1279.2,282.2,352.6,1,306,78336.0,147.0,5.8737,0.0153,313.5799,7.0,5.0,2.0,0.0,0.0,0.0,0.0,8,2
25,41,400,656,416,672,-716.0,-645.6,282.2,352.6,1,250,64000.0,176.0,6.6085,0.0179,736.3354,169.0,99.0,70.0,9.0,0.0,0.0,0.0,78,20
26,41,416,656,432,672,-645.6,-575.2,282.2,352.6,1,308,78848.0,215.0,7.7025,0.0182,1112.0517,122.0,19.0,103.0,20.0,0.0,0.0,0.0,132,43
27,41,432,656,448,672,-575.2,-504.8,282.2,352.6,1,349,89344.0,230.0,7.8793,0.0185,1396.6588,142.0,9.0,133.0,25.0,2.0,1.0,1.0,140,55
28,41,448,656,464,672,-504.8,-434.4,282.2,352.6,1,393,100608.0,282.0,9.4803,0.0188,2108.4844,89.0,17.0,72.0,10.0,0.0,0.0,0.0,93,35
29,41,464,656,480,672,-434.4,-364.0,282.2,352.6,1,393,100608.0,280.0,9.5383,0.0189,2201.719,124.0,13.0,111.0,22.0,0.0,0.0,0.0,146,59
30,41,480,656,496,672,-364.0,-293.6,282.2,352.6,1,365,93440.0,223.0,7.9855,0.019,1688.7495,96.0,19.0,77.0,18.0,0.0,0.0,0.0,108,46
31,41,496,656,512,672,-293.6,-223.2,282.2,352.6,1,368,94208.0,223.0,8.0079,0.019,1838.8681,156.0,33.0,123.0,16.0,2.0,0.0,2.0,152,57
32,41,512,656,528,672,-223.2,-152.8,282.2,352.6,1,378,96768.0,225.0,8.0492,0.019,2221.1479,451.0,84.0,367.0,26.0,4.0,2.0,2.0,238,72
33,41,528,656,544,672,-152.8,-82.4,282.2,352.6,1,383,98048.0,227.0,8.0681,0.019,2944.5368,428.0,62.0,366.0,38.0,2.0,0.0,2.0,284,85
34,41,544,656,560,672,-82.4,-12.0,282.2,352.6,1,360,92160.0,227.0,7.9818,0.0189,2926.194,1209.0,53.0,1156.0,297.0,2.0,0.0,2.0,492,113
35,41,560,656,576,672,-12.0,58.4,282.2,352.6,1,276,70656.0,180.0,6.6572,0.0189,1236.2061,732.0,58.0,674.0,223.0,0.0,0.0,0.0,599,135
36,41,576,656,592,672,58.4,128.8,282.2,352.6,1,307,78592.0,170.0,6.6443,0.0189,300.7675,725.0,72.0,653.0,187.0,0.0,0.0,0.0,730,161
37,41,592,656,608,672,128.8,199.2,282.2,352.6,1,394,100864.0,210.0,7.3246,0.0189,669.756,285.0,46.0,239.0,76.0,0.0,0.0,0.0,383,115
38,41,608,656,624,672,199.2,269.6,282.2,352.6,1,430,110080.0,216.0,7.5072,0.0189,694.9715,175.0,44.0,131.0,32.0,0.0,0.0,0.0,194,72
39,41,624,656,640,672,269.6,340.0,282.2,352.6,1,471,120576.0,226.0,7.7617,0.0188,723.6748,92.0,23.0,69.0,29.0,0.0,0.0,0.0,96,39
40,41,640,656,656,672,340.0,410.4,282.2,352.6,1,498,127488.0,241.0,8.2187,0.0187,783.6937,49.0,17.0,32.0,15.0,0.0,0.0,0.0,43,19
41,41,656,656,672,672,410.4,480.8,282.2,352.6,1,521,133376.0,248.0,8.5545,0.0186,827.3892,59.0,21.0,38.0,14.0,0.0,0.0,0.0,28,11
42,41,672,656,688,672,480.8,551.2,282.2,352.6,1,559,143104.0,319.0,9.8672,0.0184,1429.957,642.0,296.0,346.0,8.0,1.0,0.0,1.0,234,21
43,41,688,656,704,672,551.2,621.6,282.2,352.6,1,576,147456.0,328.0,9.9703,0.0182,1609.9112,326.0,20.0,306.0,97.0,0.0,0.0,0.0,292,77
44,41,704,656,720,672,621.6,692.0,282.2,352.6,1,574,146944.0,333.0,10.0462,0.018,1573.7113,1788.0,186.0,1602.0,633.0,0.0,0.0,0.0,1159,153
45,41,720,656,736,672,692.0,762.4,282.2,352.6,1,576,147456.0,331.0,10.2257,0.0178,1757.942,419.0,5.0,414.0,50.0,0.0,0.0,0.0,175,44
46,41,736,656,752,672,762.4,832.8,282.2,352.6,1,563,144128.0,326.0,10.1172,0.0176,1661.4683,0.0,0.0,0.0,0.0,0.0,0.0,0.0,0,0
47,41,752,656,768,672,832.8,903.2,282.2,352.6,1,512,131072.0,302.0,9.7274,0.0174,1330.8079,0.0,0.0,0.0,0.0,0.0,0.0,0.0,0,0
48,41,768,656,784,672,903.2,973.6,282.2,352.6,1,433,110848.0,234.0,7.6681,0.0172,400.8527,0.0,0.0,0.0,0.0,0.0,0.0,0.0,0,0
49,41,784,656,800,672,973.6,1044.0,282.2,352.6,1,433,110848.0,238.0,7.7407,0.0169,469.895,22.0,15.0,7.0,0.0,0.0,0.0,0.0,6,2
50,41,800,656,816,672,1044.0,1114.4,282.2,352.6,1,442,113152.0,249.0,7.7687,0.0166,461.0455,18.0,15.0,3.0,0.0,0.0,0.0,0.0,12,2
51,41,816,656,832,672,1114.4,1184.8,282.2,352.6,1,459,117504.0,246.0,7.7582,0.0163,498.1701,21.0,6.0,15.0,0.0,0.0,0.0,0.0,15,5
52,41,832,656,848,672,1184.8,1255.2,282.2,352.6,1,478,122368.0,245.0,7.8865,0.016,593.4697,46.0,42.0,4.0,0.0,0.0,0.0,0.0,16,4
53,41,848,656,864,672,1255.2,1325.6,282.2,352.6,1,489,125184.0,243.0,7.9119,0.0157,606.341,186.0,179.0,7.0,0.0,0.0,0.0,0.0,26,5
54,41,864,656,880,672,1325.6,1396.0,282.2,352.6,1,501,128256.0,241.0,7.6205,0.0154,607.5712,24.0,3.0,21.0,0.0,0.0,0.0,0.0,20,3
55,41,880,656,896,672,1396.0,1466.4,282.2,352.6,1,512,131072.0,241.0,7.6544,0.0151,655.8512,7.0,3.0,4.0,0.0,0.0,0.0,0.0,8,3
56,41,896,656,912,672,1466.4,1536.8,282.2,352.6,1,514,131584.0,239.0,7.6613,0.0148,670.9698,12.0,12.0,0.0,0.0,0.0,0.0,0.0,2,1
57,41,912,656,928,672,1536.8,1607.2,282.2,352.6,1,515,131840.0,239.0,7.6647,0.0145,680.7782,0.0,0.0,0.0,0.0,0.0,0.0,0.0,0,0
58,41,928,656,944,672,1607.2,1677.6,282.2,352.6,1,500,128000.0,237.0,7.6137,0.0143,646.9707,43.0,43.0,0.0,0.0,0.0,0.0,0.0,2,1
59,41,944,656,960,672,1677.6,1748.0,282.2,352.6,1,461,118016.0,236.0,7.4941,0.014,554.8759,0.0,0.0,0.0,0.0,0.0,0.0,0.0,0,0
60,41,960,656,976,672,1748.0,1818.4,282.2,352.6,1,424,108544.0,233.0,7.375,0.0137,456.618,0.0,0.0,0.0,0.0,0.0,0.0,0.0,0,0
6,42,96,672,112,688,-2053.6,-1983.2,211.8,282.2,1,403,103168.0,175.0,6.8648,0.0146,218.0179,25.0,3.0,22.0,2.0,0.0,0.0,0.0,20,8
7,42,112,672,128,688,-1983.2,-1912.8,211.8,282.2,1,404,103424.0,166.0,6.4569,0.0149,121.9565,18.0,3.0,15.0,2.0,0.0,0.0,0.0,18,8
8,42,128,672,144,688,-1912.8,-1842.4,211.8,282.2,1,410,104960.0,167.0,6.4715,0.0151,125.6517,35.0,8.0,27.0,1.0,0.0,0.0,0.0,22,9
9,42,144,672,160,688,-1842.4,-1772.0,211.8,282.2,1,410,104960.0,166.0,6.2161,0.0153,84.9943,39.0,11.0,28.0,3.0,0.0,0.0,0.0,60,24
10,42,160,672,176,688,-1772.0,-1701.6,211.8,282.2,1,403,103168.0,164.0,6.1078,0.0154,65.9896,41.0,8.0,33.0,13.0,0.0,0.0,0.0,52,25
11,42,176,672,192,688,-1701.6,-1631.2,211.8,282.2,1,394,100864.0,164.0,6.0221,0.0155,57.852,44.0,2.0,42.0,34.0,0.0,0.0,0.0,70,31
12,42,192,672,208,688,-1631.2,-1560.8,211.8,282.2,1,385,98560.0,179.0,7.1063,0.0156,687.4204,301.0,3.0,298.0,265.0,0.0,0.0,0.0,516,135
13,42,208,672,224,688,-1560.8,-1490.4,211.8,282.2,1,378,96768.0,185.0,7.0712,0.0156,843.9678,212.0,0.0,212.0,171.0,0.0,0.0,0.0,358,121
14,42,224,672,240,688,-1490.4,-1420.0,211.8,282.2,1,359,91904.0,174.0,6.9594,0.0155,789.9842,20.0,0.0,20.0,5.0,0.0,0.0,0.0,12,5
15,42,240,672,256,688,-1420.0,-1349.6,211.8,282.2,1,337,86272.0,158.0,6.0221,0.0154,450.2358,13.0,6.0,7.0,4.0,0.0,0.0,0.0,18,9
16,42,256,672,272,688,-1349.6,-1279.2,211.8,282.2,1,309,79104.0,150.0,5.9203,0.0153,376.361,7.0,3.0,4.0,0.0,0.0,0.0,0.0,7,3
25,42,400,672,416,688,-716.0,-645.6,211.8,282.2,1,210,53760.0,187.0,7.2842,0.0176,585.532,116.0,22.0,94.0,1.0,0.0,0.0,0.0,38,10
26,42,416,672,432,688,-645.6,-575.2,211.8,282.2,1,253,64768.0,208.0,7.5105,0.018,808.1218,153.0,101.0,52.0,20.0,1.0,1.0,0.0,55,18
27,42,432,672,448,688,-575.2,-504.8,211.8,282.2,1,265,67840.0,219.0,7.5734,0.0184,831.7392,187.0,62.0,125.0,22.0,0.0,0.0,0.0,124,50
28,42,448,672,464,688,-504.8,-434.4,211.8,282.2,1,275,70400.0,231.0,8.8682,0.0186,667.7215,117.0,9.0,108.0,20.0,0.0,0.0,0.0,168,67
29,42,464,672,480,688,-434.4,-364.0,211.8,282.2,1,258,66048.0,193.0,8.441,0.0187,208.5088,80.0,7.0,73.0,17.0,0.0,0.0,0.0,117,52
37,42,592,672,608,688,128.8,199.2,211.8,282.2,1,402,102912.0,210.0,7.4196,0.0189,668.4088,869.0,45.0,824.0,211.0,0.0,0.0,0.0,683,150
38,42,608,672,624,688,199.2,269.6,211.8,282.2,1,450,115200.0,218.0,7.6476,0.0189,722.192,186.0,37.0,149.0,50.0,0.0,0.0,0.0,216,77
39,42,624,672,640,688,269.6,340.0,211.8,282.2,1,482,123392.0,238.0,8.1177,0.0188,794.0593,177.0,49.0,128.0,30.0,0.0,0.0,0.0,200,78
40,42,640,672,656,688,340.0,410.4,211.8,282.2,1,505,129280.0,243.0,8.2543,0.0187,812.9428,193.0,49.0,144.0,33.0,0.0,0.0,0.0,219,77
41,42,656,672,672,688,410.4,480.8,211.8,282.2,1,520,133120.0,247.0,8.563,0.0185,795.4494,218.0,66.0,152.0,44.0,0.0,0.0,0.0,212,74
42,42,672,672,688,688,480.8,551.2,211.8,282.2,1,560,143360.0,323.0,9.8729,0.0183,1424.5955,236.0,62.0,174.0,57.0,0.0,0.0,0.0,229,79
43,42,688,672,704,688,551.2,621.6,211.8,282.2,1,576,147456.0,328.0,10.0462,0.0181,1632.1137,1439.0,201.0,1238.0,556.0,2.0,2.0,0.0,1153,156
44,42,704,672,720,688,621.6,692.0,211.8,282.2,1,580,148480.0,336.0,10.1471,0.0179,1665.1327,281.0,8.0,273.0,104.0,0.0,0.0,0.0,332,88
45,42,720,672,736,688,692.0,762.4,211.8,282.2,1,571,146176.0,333.0,10.2135,0.0177,1698.8586,401.0,187.0,214.0,56.0,0.0,0.0,0.0,29,13
46,42,736,672,752,688,762.4,832.8,211.8,282.2,1,561,143616.0,333.0,10.2196,0.0175,2248.1584,0.0,0.0,0.0,0.0,0.0,0.0,0.0,0,0
47,42,752,672,768,688,832.8,903.2,211.8,282.2,1,428,109568.0,249.0,7.8254,0.0172,564.5448,0.0,0.0,0.0,0.0,0.0,0.0,0.0,0,0
48,42,768,672,784,688,903.2,973.6,211.8,282.2,1,412,105472.0,225.0,7.5969,0.017,405.8675,0.0,0.0,0.0,0.0,0.0,0.0,0.0,0,0
49,42,784,672,800,688,973.6,1044.0,211.8,282.2,1,423,108288.0,240.0,7.7094,0.0167,502.1008,10.0,10.0,0.0,0.0,0.0,0.0,0.0,10,1
50,42,800,672,816,688,1044.0,1114.4,211.8,282.2,1,434,111104.0,247.0,7.7407,0.0164,488.1176,40.0,39.0,1.0,0.0,0.0,0.0,0.0,18,2
51,42,816,672,832,688,1114.4,1184.8,211.8,282.2,1,455,116480.0,247.0,7.8147,0.0161,561.9459,23.0,3.0,20.0,0.0,0.0,0.0,0.0,16,3
52,42,832,672,848,688,1184.8,1255.2,211.8,282.2,1,472,120832.0,244.0,7.804,0.0158,596.7904,21.0,0.0,21.0,0.0,0.0,0.0,0.0,12,2
53,42,848,672,864,688,1255.2,1325.6,211.8,282.2,1,483,123648.0,244.0,7.9046,0.0155,634.7993,12.0,12.0,0.0,0.0,0.0,0.0,0.0,8,2
54,42,864,672,880,688,1325.6,1396.0,211.8,282.2,1,496,126976.0,246.0,7.9781,0.0152,719.7425,20.0,2.0,18.0,0.0,0.0,0.0,0.0,10,3
55,42,880,672,896,688,1396.0,1466.4,211.8,282.2,1,504,129024.0,239.0,7.6306,0.0149,645.3963,3.0,2.0,1.0,0.0,0.0,0.0,0.0,4,2
56,42,896,672,912,688,1466.4,1536.8,211.8,282.2,1,508,130048.0,236.0,7.6442,0.0147,667.0964,4.0,4.0,0.0,0.0,0.0,0.0,0.0,2,1
57,42,912,672,928,688,1536.8,1607.2,211.8,282.2,1,507,129792.0,236.0,7.6408,0.0144,669.4857,0.0,0.0,0.0,0.0,0.0,0.0,0.0,0,0
6,43,96,688,112,704,-2053.6,-1983.2,141.4,211.8,1,409,104704.0,177.0,6.9035,0.0145,235.3997,39.0,5.0,34.0,3.0,0.0,0.0,0.0,20,10
7,43,112,688,128,704,-1983.2,-1912.8,141.4,211.8,1,411,105216.0,176.0,6.8868,0.0148,167.7945,8.0,3.0,5.0,0.0,0.0,0.0,0.0,12,5
8,43,128,688,144,704,-1912.8,-1842.4,141.4,211.8,1,413,105728.0,172.0,6.8593,0.015,110.2682,18.0,11.0,7.0,1.0,0.0,0.0,0.0,20,9
9,43,144,688,160,704,-1842.4,-1772.0,141.4,211.8,1,415,106240.0,170.0,6.4837,0.0151,93.6947,42.0,12.0,30.0,3.0,0.0,0.0,0.0,60,23
10,43,160,688,176,704,-1772.0,-1701.6,141.4,211.8,1,412,105472.0,165.0,6.2206,0.0153,77.4831,34.0,11.0,23.0,12.0,0.0,0.0,0.0,44,22
11,43,176,688,192,704,-1701.6,-1631.2,141.4,211.8,1,406,103936.0,166.0,6.1165,0.0154,69.5457,39.0,1.0,38.0,24.0,0.0,0.0,0.0,56,25
12,43,192,688,208,704,-1631.2,-1560.8,141.4,211.8,1,390,99840.0,162.0,5.9614,0.0154,55.0595,191.0,3.0,188.0,164.0,0.0,0.0,0.0,328,104
13,43,208,688,224,704,-1560.8,-1490.4,141.4,211.8,1,382,97792.0,190.0,7.1063,0.0155,1068.9011,325.0,0.0,325.0,277.0,0.0,0.0,0.0,550,144
14,43,224,688,240,704,-1490.4,-1420.0,141.4,211.8,1,363,92928.0,179.0,6.9764,0.0154,786.377,11.0,0.0,11.0,6.0,0.0,0.0,0.0,16,8
15,43,240,688,256,704,-1420.0,-1349.6,141.4,211.8,1,339,86784.0,162.0,6.7808,0.0153,562.8781,9.0,4.0,5.0,1.0,0.0,0.0,0.0,12,6
16,43,256,688,272,704,-1349.6,-1279.2,141.4,211.8,1,306,78336.0,152.0,5.9305,0.0152,431.2385,2.0,1.0,1.0,0.0,0.0,0.0,0.0,4,2
17,43,272,688,288,704,-1279.2,-1208.8,141.4,211.8,1,249,63744.0,138.0,5.7249,0.015,243.138,0.0,0.0,0.0,0.0,0.0,0.0,0.0,0,0
28,43,448,688,464,704,-504.8,-434.4,141.4,211.8,1,258,66048.0,190.0,8.4368,0.0183,286.4294,142.0,9.0,133.0,34.0,0.0,0.0,0.0,181,76
29,43,464,688,480,704,-434.4,-364.0,141.4,211.8,1,243,62208.0,187.0,8.3792,0.0184,181.3048,83.0,4.0,79.0,24.0,0.0,0.0,0.0,112,49
37,43,592,688,608,704,128.8,199.2,141.4,211.8,1,391,100096.0,176.0,6.6546,0.0187,268.6961,1763.0,23.0,1740.0,579.0,0.0,0.0,0.0,677,139
38,43,608,688,624,704,199.2,269.6,141.4,211.8,1,448,114688.0,231.0,7.9744,0.0187,697.1877,237.0,20.0,217.0,81.0,1.0,0.0,1.0,282,99
39,43,624,688,640,704,269.6,340.0,141.4,211.8,1,475,121600.0,236.0,8.1446,0.0187,731.9118,124.0,18.0,106.0,35.0,0.0,0.0,0.0,138,56
40,43,640,688,656,704,340.0,410.4,141.4,211.8,1,495,126720.0,242.0,8.4659,0.0186,708.4906,130.0,27.0,103.0,31.0,0.0,0.0,0.0,150,63
41,43,656,688,672,704,410.4,480.8,141.4,211.8,1,514,131584.0,248.0,8.8136,0.0184,765.0184,205.0,46.0,159.0,38.0,0.0,0.0,0.0,226,77
42,43,672,688,688,704,480.8,551.2,141.4,211.8,1,547,140032.0,321.0,9.7996,0.0182,1315.8262,435.0,58.0,377.0,141.0,1.0,0.0,1.0,479,118
43,43,688,688,704,704,551.2,621.6,141.4,211.8,1,559,143104.0,327.0,9.9415,0.018,1484.9795,759.0,48.0,711.0,319.0,1.0,1.0,0.0,796,131
44,43,704,688,720,704,621.6,692.0,141.4,211.8,1,556,142336.0,344.0,10.1411,0.0178,1601.1755,279.0,7.0,272.0,75.0,0.0,0.0,0.0,203,58
45,43,720,688,736,704,692.0,762.4,141.4,211.8,1,535,136960.0,338.0,10.0697,0.0175,1744.2068,145.0,66.0,79.0,38.0,1.0,1.0,0.0,81,22
53,43,848,688,864,704,1255.2,1325.6,141.4,211.8,1,389,99584.0,185.0,7.1716,0.0153,237.8292,78.0,78.0,0.0,0.0,0.0,0.0,0.0,4,2
54,43,864,688,880,704,1325.6,1396.0,141.4,211.8,1,418,107008.0,194.0,7.2688,0.015,285.2422,0.0,0.0,0.0,0.0,0.0,0.0,0.0,0,0
55,43,880,688,896,704,1396.0,1466.4,141.4,211.8,1,454,116224.0,238.0,7.8183,0.0147,600.929,0.0,0.0,0.0,0.0,0.0,0.0,0.0,0,0
56,43,896,688,912,704,1466.4,1536.8,141.4,211.8,1,473,121088.0,236.0,7.5269,0.0145,571.1518,4.0,4.0,0.0,0.0,0.0,0.0,0.0,2,1
57,43,912,688,928,704,1536.8,1607.2,141.4,211.8,1,477,122112.0,236.0,7.5401,0.0142,620.5261,0.0,0.0,0.0,0.0,0.0,0.0,0.0,0,0
6,44,96,704,112,720,-2053.6,-1983.2,71.0,141.4,1,415,106240.0,181.0,6.951,0.0144,204.5169,19.0,4.0,15.0,0.0,0.0,0.0,0.0,18,9
7,44,112,704,128,720,-1983.2,-1912.8,71.0,141.4,1,418,107008.0,180.0,6.9285,0.0146,200.3371,12.0,0.0,12.0,0.0,0.0,0.0,0.0,16,8
8,44,128,704,144,720,-1912.8,-1842.4,71.0,141.4,1,419,107264.0,180.0,6.909,0.0148,132.464,16.0,7.0,9.0,0.0,0.0,0.0,0.0,23,11
9,44,144,704,160,720,-1842.4,-1772.0,71.0,141.4,1,422,108032.0,179.0,6.9174,0.015,127.49,49.0,12.0,37.0,2.0,0.0,0.0,0.0,68,28
10,44,160,704,176,720,-1772.0,-1701.6,71.0,141.4,1,416,106496.0,169.0,6.4862,0.0151,87.5088,33.0,6.0,27.0,10.0,0.0,0.0,0.0,30,15
11,44,176,704,192,720,-1701.6,-1631.2,71.0,141.4,1,414,105984.0,167.0,6.2274,0.0153,80.7959,25.0,0.0,25.0,18.0,0.0,0.0,0.0,40,20
12,44,192,704,208,720,-1631.2,-1560.8,71.0,141.4,1,405,103680.0,166.0,6.1121,0.0153,67.948,108.0,3.0,105.0,89.0,0.0,0.0,0.0,190,78
13,44,208,704,224,720,-1560.8,-1490.4,71.0,141.4,1,395,101120.0,193.0,7.1806,0.0154,1095.5045,448.0,1.0,447.0,393.0,0.0,0.0,0.0,720,166
14,44,224,704,240,720,-1490.4,-1420.0,71.0,141.4,1,370,94720.0,185.0,7.0451,0.0153,831.9693,21.0,2.0,19.0,14.0,0.0,0.0,0.0,32,15
15,44,240,704,256,720,-1420.0,-1349.6,71.0,141.4,1,344,88064.0,169.0,6.7969,0.0153,639.6805,15.0,11.0,4.0,0.0,0.0,0.0,0.0,12,5
16,44,256,704,272,720,-1349.6,-1279.2,71.0,141.4,1,296,75776.0,152.0,5.9061,0.0151,397.5153,1.0,0.0,1.0,0.0,0.0,0.0,0.0,2,1
17,44,272,704,288,720,-1279.2,-1208.8,71.0,141.4,1,233,59648.0,138.0,5.7115,0.0149,247.9509,0.0,0.0,0.0,0.0,0.0,0.0,0.0,0,0
28,44,448,704,464,720,-504.8,-434.4,71.0,141.4,1,249,63744.0,185.0,8.3997,0.0181,259.9642,130.0,10.0,120.0,36.0,0.0,0.0,0.0,161,68
29,44,464,704,480,720,-434.4,-364.0,71.0,141.4,1,223,57088.0,186.0,8.2982,0.0181,122.5672,100.0,6.0,94.0,28.0,0.0,0.0,0.0,141,63
37,44,592,704,608,720,128.8,199.2,71.0,141.4,1,394,100864.0,189.0,7.0654,0.0185,267.5237,850.0,62.0,788.0,192.0,0.0,0.0,0.0,471,107
38,44,608,704,624,720,199.2,269.6,71.0,141.4,1,428,109568.0,199.0,7.2534,0.0186,325.7411,529.0,8.0,521.0,185.0,0.0,0.0,0.0,420,115
39,44,624,704,640,720,269.6,340.0,71.0,141.4,1,463,118528.0,241.0,8.3506,0.0185,642.0304,116.0,5.0,111.0,24.0,0.0,0.0,0.0,138,60
40,44,640,704,656,720,340.0,410.4,71.0,141.4,1,482,123392.0,243.0,8.6799,0.0184,689.4861,80.0,8.0,72.0,18.0,0.0,0.0,0.0,88,42
41,44,656,704,672,720,410.4,480.8,71.0,141.4,1,491,125696.0,247.0,8.8454,0.0183,657.8084,160.0,11.0,149.0,45.0,0.0,0.0,0.0,173,71
42,44,672,704,688,720,480.8,551.2,71.0,141.4,1,524,134144.0,324.0,9.744,0.0181,1223.077,404.0,18.0,386.0,218.0,0.0,0.0,0.0,516,111
43,44,688,704,704,720,551.2,621.6,71.0,141.4,1,530,135680.0,332.0,9.9703,0.0179,1467.168,273.0,6.0,267.0,117.0,0.0,0.0,0.0,328,91
44,44,704,704,720,720,621.6,692.0,71.0,141.4,1,503,128768.0,336.0,9.8785,0.0176,1331.946,155.0,11.0,144.0,41.0,0.0,0.0,0.0,114,39
45,44,720,704,736,720,692.0,762.4,71.0,141.4,1,390,99840.0,321.0,9.3309,0.0174,1240.4481,143.0,68.0,75.0,34.0,0.0,0.0,0.0,70,21
6,45,96,720,112,736,-2053.6,-1983.2,0.6,71.0,1,425,108800.0,186.0,7.002,0.0143,253.52,14.0,3.0,11.0,0.0,0.0,0.0,0.0,16,8
7,45,112,720,128,736,-1983.2,-1912.8,0.6,71.0,1,425,108800.0,183.0,6.9792,0.0145,167.5582,10.0,0.0,10.0,0.0,0.0,0.0,0.0,12,6
8,45,128,720,144,736,-1912.8,-1842.4,0.6,71.0,1,428,109568.0,188.0,6.9877,0.0147,162.7212,17.0,10.0,7.0,0.0,0.0,0.0,0.0,24,12
9,45,144,720,160,736,-1842.4,-1772.0,0.6,71.0,1,428,109568.0,182.0,6.9566,0.0149,148.6538,49.0,11.0,38.0,1.0,0.0,0.0,0.0,70,27
10,45,160,720,176,736,-1772.0,-1701.6,0.6,71.0,1,423,108288.0,177.0,6.9202,0.015,120.2221,14.0,5.0,9.0,6.0,0.0,0.0,0.0,16,7
11,45,176,720,192,736,-1701.6,-1631.2,0.6,71.0,1,422,108032.0,171.0,6.5034,0.0151,98.4943,20.0,0.0,20.0,13.0,0.0,0.0,0.0,26,13
12,45,192,720,208,736,-1631.2,-1560.8,0.6,71.0,1,415,106240.0,166.0,6.2274,0.0152,80.2774,70.0,0.0,70.0,66.0,0.0,0.0,0.0,104,47
13,45,208,720,224,736,-1560.8,-1490.4,0.6,71.0,1,410,104960.0,191.0,7.4356,0.0153,982.5627,586.0,3.0,583.0,509.0,0.0,0.0,0.0,798,176
14,45,224,720,240,736,-1490.4,-1420.0,0.6,71.0,1,378,96768.0,186.0,7.0741,0.0153,801.5863,42.0,1.0,41.0,33.0,0.0,0.0,0.0,65,30
15,45,240,720,256,736,-1420.0,-1349.6,0.6,71.0,1,347,88832.0,172.0,6.9118,0.0152,708.8731,12.0,7.0,5.0,0.0,0.0,0.0,0.0,13,6
16,45,256,720,272,736,-1349.6,-1279.2,0.6,71.0,1,267,68352.0,151.0,6.5207,0.015,449.7821,17.0,0.0,17.0,0.0,0.0,0.0,0.0,2,1
17,45,272,720,288,736,-1279.2,-1208.8,0.6,71.0,1,169,43264.0,114.0,5.4661,0.0148,193.9392,0.0,0.0,0.0,0.0,0.0,0.0,0.0,0,0
28,45,448,720,464,736,-504.8,-434.4,0.6,71.0,1,239,61184.0,187.0,8.3588,0.0179,268.8325,221.0,61.0,160.0,37.0,0.0,0.0,0.0,164,66
29,45,464,720,480,736,-434.4,-364.0,0.6,71.0,1,207,52992.0,179.0,8.2305,0.0179,85.7981,146.0,6.0,140.0,43.0,0.0,0.0,0.0,181,73
37,45,592,720,608,736,128.8,199.2,0.6,71.0,1,390,99840.0,187.0,7.0538,0.0183,243.4386,386.0,1.0,385.0,53.0,0.0,0.0,0.0,132,47
38,45,608,720,624,736,199.2,269.6,0.6,71.0,1,426,109056.0,203.0,7.5302,0.0184,297.5772,546.0,7.0,539.0,246.0,1.0,1.0,0.0,531,140
39,45,624,720,640,736,269.6,340.0,0.6,71.0,1,443,113408.0,218.0,8.2782,0.0184,501.7081,229.0,7.0,222.0,88.0,1.0,0.0,1.0,188,69
40,45,640,720,656,736,340.0,410.4,0.6,71.0,1,462,118272.0,240.0,8.5973,0.0183,545.3247,107.0,6.0,101.0,38.0,0.0,0.0,0.0,136,54
41,45,656,720,672,736,410.4,480.8,0.6,71.0,1,479,122624.0,246.0,8.8591,0.0181,659.3061,259.0,15.0,244.0,155.0,0.0,0.0,0.0,396,107
42,45,672,720,688,736,480.8,551.2,0.6,71.0,1,499,127744.0,327.0,9.794,0.0179,1167.596,251.0,6.0,245.0,116.0,0.0,0.0,0.0,356,86
43,45,688,720,704,736,551.2,621.6,0.6,71.0,1,495,126720.0,329.0,9.822,0.0177,1266.49,327.0,3.0,324.0,73.0,0.0,0.0,0.0,208,59
44,45,704,720,720,736,621.6,692.0,0.6,71.0,1,463,118528.0,333.0,9.7495,0.0175,1375.9063,124.0,0.0,124.0,21.0,0.0,0.0,0.0,102,23
45,45,720,720,736,736,692.0,762.4,0.6,71.0,1,349,89344.0,272.0,9.1178,0.0172,1259.0143,44.0,3.0,41.0,14.0,0.0,0.0,0.0,46,20
6,46,96,736,112,752,-2053.6,-1983.2,-69.8,0.6,1,433,110848.0,193.0,7.0596,0.0142,324.9862,15.0,3.0,12.0,0.0,0.0,0.0,0.0,16,8
7,46,112,736,128,752,-1983.2,-1912.8,-69.8,0.6,1,433,110848.0,190.0,7.0393,0.0144,207.3333,9.0,1.0,8.0,0.0,0.0,0.0,0.0,12,6
8,46,128,736,144,752,-1912.8,-1842.4,-69.8,0.6,1,433,110848.0,192.0,7.0249,0.0146,183.5719,22.0,9.0,13.0,0.0,0.0,0.0,0.0,32,14
9,46,144,736,160,752,-1842.4,-1772.0,-69.8,0.6,1,435,111360.0,187.0,7.0077,0.0148,164.3787,51.0,16.0,35.0,2.0,0.0,0.0,0.0,69,30
10,46,160,736,176,752,-1772.0,-1701.6,-69.8,0.6,1,432,110592.0,184.0,6.9679,0.0149,158.2597,13.0,6.0,7.0,2.0,0.0,0.0,0.0,18,9
11,46,176,736,192,752,-1701.6,-1631.2,-69.8,0.6,1,426,109056.0,181.0,6.9313,0.015,130.6808,10.0,0.0,10.0,7.0,0.0,0.0,0.0,16,8
12,46,192,736,208,752,-1631.2,-1560.8,-69.8,0.6,1,422,108032.0,170.0,6.5009,0.0151,97.0207,52.0,0.0,52.0,49.0,0.0,0.0,0.0,46,22
13,46,208,736,224,752,-1560.8,-1490.4,-69.8,0.6,1,422,108032.0,180.0,7.5701,0.0152,623.6543,363.0,2.0,361.0,314.0,0.0,0.0,0.0,658,170
14,46,224,736,240,752,-1490.4,-1420.0,-69.8,0.6,1,402,102912.0,196.0,7.3215,0.0152,1134.9362,142.0,3.0,139.0,115.0,0.0,0.0,0.0,255,92
15,46,240,736,256,752,-1420.0,-1349.6,-69.8,0.6,1,353,90368.0,176.0,6.9313,0.0152,735.0668,0.0,0.0,0.0,0.0,0.0,0.0,0.0,0,0
28,46,448,736,464,752,-504.8,-434.4,-69.8,0.6,1,236,60416.0,186.0,8.3506,0.0176,350.7483,123.0,19.0,104.0,12.0,0.0,0.0,0.0,79,30
29,46,464,736,480,752,-434.4,-364.0,-69.8,0.6,1,197,50432.0,177.0,8.1913,0.0176,66.0868,294.0,22.0,272.0,68.0,0.0,0.0,0.0,316,112
37,46,592,736,608,752,128.8,199.2,-69.8,0.6,1,393,100608.0,192.0,7.2997,0.0181,235.2078,61.0,1.0,60.0,41.0,0.0,0.0,0.0,62,26
38,46,608,736,624,752,199.2,269.6,-69.8,0.6,1,423,108288.0,203.0,7.6887,0.0182,253.2989,390.0,2.0,388.0,227.0,0.0,0.0,0.0,424,128
39,46,624,736,640,752,269.6,340.0,-69.8,0.6,1,437,111872.0,210.0,7.9818,0.0182,269.3211,182.0,5.0,177.0,90.0,0.0,0.0,0.0,196,70
40,46,640,736,656,752,340.0,410.4,-69.8,0.6,1,445,113920.0,232.0,8.7063,0.0181,518.0844,251.0,8.0,243.0,99.0,0.0,0.0,0.0,312,99
41,46,656,736,672,752,410.4,480.8,-69.8,0.6,1,459,117504.0,252.0,8.9282,0.0179,525.6687,321.0,12.0,309.0,177.0,1.0,0.0,1.0,462,109
42,46,672,736,688,752,480.8,551.2,-69.8,0.6,1,481,123136.0,331.0,9.7996,0.0177,1146.6762,156.0,3.0,153.0,58.0,0.0,0.0,0.0,196,73
43,46,688,736,704,752,551.2,621.6,-69.8,0.6,1,469,120064.0,331.0,9.7717,0.0175,1355.7155,87.0,2.0,85.0,33.0,0.0,0.0,0.0,96,37
44,46,704,736,720,752,621.6,692.0,-69.8,0.6,1,401,102656.0,331.0,9.5702,0.0173,1349.4359,115.0,0.0,115.0,31.0,0.0,0.0,0.0,52,17
45,46,720,736,736,752,692.0,762.4,-69.8,0.6,1,341,87296.0,273.0,9.3259,0.017,1156.2086,267.0,14.0,253.0,22.0,1.0,1.0,0.0,61,22
5,47,80,752,96,768,-2124.0,-2053.6,-140.2,-69.8,1,404,103424.0,188.0,6.9877,0.0139,347.9206,0.0,0.0,0.0,0.0,0.0,0.0,0.0,0,0
6,47,96,752,112,768,-2053.6,-1983.2,-140.2,-69.8,1,442,113152.0,196.0,7.0917,0.0141,268.5402,9.0,1.0,8.0,0.0,0.0,0.0,0.0,10,5
7,47,112,752,128,768,-1983.2,-1912.8,-140.2,-69.8,1,440,112640.0,194.0,7.08,0.0143,238.4176,12.0,3.0,9.0,0.0,0.0,0.0,0.0,20,10
8,47,128,752,144,768,-1912.8,-1842.4,-140.2,-69.8,1,444,113664.0,196.0,7.0712,0.0145,232.2052,27.0,7.0,20.0,1.0,0.0,0.0,0.0,40,16
9,47,144,752,160,768,-1842.4,-1772.0,-140.2,-69.8,1,444,113664.0,192.0,7.0567,0.0146,212.1842,51.0,16.0,35.0,1.0,0.0,0.0,0.0,66,28
10,47,160,752,176,768,-1772.0,-1701.6,-140.2,-69.8,1,438,112128.0,189.0,7.0163,0.0148,176.8618,1.0,0.0,1.0,1.0,0.0,0.0,0.0,2,1
11,47,176,752,192,768,-1701.6,-1631.2,-140.2,-69.8,1,436,111616.0,187.0,6.9849,0.0149,171.9774,11.0,2.0,9.0,8.0,0.0,0.0,0.0,16,8
12,47,192,752,208,768,-1631.2,-1560.8,-140.2,-69.8,1,430,110080.0,180.0,6.9397,0.015,140.1967,11.0,1.0,10.0,10.0,0.0,0.0,0.0,20,9
13,47,208,752,224,768,-1560.8,-1490.4,-140.2,-69.8,1,425,108800.0,171.0,6.5083,0.0151,105.909,150.0,4.0,146.0,120.0,0.0,0.0,0.0,262,102
14,47,224,752,240,768,-1490.4,-1420.0,-140.2,-69.8,1,427,109312.0,199.0,7.6137,0.0152,1248.0364,407.0,14.0,393.0,347.0,0.0,0.0,0.0,714,171
15,47,240,752,256,768,-1420.0,-1349.6,-140.2,-69.8,1,372,95232.0,184.0,7.0567,0.0152,849.8009,0.0,0.0,0.0,0.0,0.0,0.0,0.0,0,0
28,47,448,752,464,768,-504.8,-434.4,-140.2,-69.8,1,234,59904.0,186.0,8.3669,0.0174,428.7791,0.0,0.0,0.0,0.0,0.0,0.0,0.0,0,0
29,47,464,752,480,768,-434.4,-364.0,-140.2,-69.8,1,193,49408.0,180.0,8.2345,0.0174,84.9248,226.0,19.0,207.0,69.0,0.0,0.0,0.0,298,112
37,47,592,752,608,768,128.8,199.2,-140.2,-69.8,1,405,103680.0,196.0,7.4132,0.0179,251.8842,66.0,1.0,65.0,35.0,0.0,0.0,0.0,66,26
38,47,608,752,624,768,199.2,269.6,-140.2,-69.8,1,419,107264.0,206.0,7.9156,0.0179,226.028,339.0,3.0,336.0,195.0,0.0,0.0,0.0,424,131
39,47,624,752,640,768,269.6,340.0,-140.2,-69.8,1,429,109824.0,213.0,8.3304,0.0179,225.1411,228.0,8.0,220.0,117.0,1.0,0.0,1.0,280,87
40,47,640,752,656,768,340.0,410.4,-140.2,-69.8,1,437,111872.0,222.0,8.546,0.0179,233.3971,458.0,11.0,447.0,236.0,1.0,0.0,1.0,470,114
41,47,656,752,672,768,410.4,480.8,-140.2,-69.8,1,448,114688.0,245.0,8.9889,0.0177,469.6823,236.0,8.0,228.0,98.0,0.0,0.0,0.0,274,90
42,47,672,752,688,768,480.8,551.2,-140.2,-69.8,1,465,119040.0,330.0,9.7996,0.0175,1188.8606,123.0,1.0,122.0,39.0,0.0,0.0,0.0,151,62
43,47,688,752,704,768,551.2,621.6,-140.2,-69.8,1,459,117504.0,340.0,9.9703,0.0173,1772.0024,56.0,3.0,53.0,9.0,0.0,0.0,0.0,70,28
44,47,704,752,720,768,621.6,692.0,-140.2,-69.8,1,387,99072.0,292.0,9.6509,0.017,1548.5271,134.0,0.0,134.0,27.0,0.0,0.0,0.0,34,13
45,47,720,752,736,768,692.0,762.4,-140.2,-69.8,1,350,89600.0,282.0,9.4908,0.0168,1660.6652,131.0,3.0,128.0,43.0,0.0,0.0,0.0,74,26
5,48,80,768,96,784,-2124.0,-2053.6,-210.6,-140.2,1,442,113152.0,197.0,7.1122,0.0137,504.4928,0.0,0.0,0.0,0.0,0.0,0.0,0.0,0,0
6,48,96,768,112,784,-2053.6,-1983.2,-210.6,-140.2,1,454,116224.0,198.0,7.1477,0.0139,325.9237,9.0,2.0,7.0,0.0,0.0,0.0,0.0,8,4
7,48,112,768,128,784,-1983.2,-1912.8,-210.6,-140.2,1,454,116224.0,198.0,7.1477,0.0141,295.7193,11.0,4.0,7.0,0.0,0.0,0.0,0.0,18,9
8,48,128,768,144,784,-1912.8,-1842.4,-210.6,-140.2,1,456,116736.0,203.0,7.1329,0.0143,284.228,33.0,13.0,20.0,1.0,0.0,0.0,0.0,50,20
9,48,144,768,160,784,-1842.4,-1772.0,-210.6,-140.2,1,452,115712.0,199.0,7.1152,0.0145,249.2895,36.0,9.0,27.0,0.0,0.0,0.0,0.0,56,25
10,48,160,768,176,784,-1772.0,-1701.6,-210.6,-140.2,1,450,115200.0,196.0,7.0887,0.0147,236.6285,1.0,0.0,1.0,1.0,0.0,0.0,0.0,2,1
11,48,176,768,192,784,-1701.6,-1631.2,-210.6,-140.2,1,444,113664.0,193.0,7.0596,0.0148,190.0089,5.0,0.0,5.0,4.0,0.0,0.0,0.0,8,4
12,48,192,768,208,784,-1631.2,-1560.8,-210.6,-140.2,1,439,112384.0,187.0,7.0192,0.0149,164.2625,4.0,0.0,4.0,4.0,0.0,0.0,0.0,8,4
13,48,208,768,224,784,-1560.8,-1490.4,-210.6,-140.2,1,436,111616.0,185.0,6.9792,0.015,160.8781,42.0,1.0,41.0,35.0,0.0,0.0,0.0,76,34
14,48,224,768,240,784,-1490.4,-1420.0,-210.6,-140.2,1,436,111616.0,202.0,8.4995,0.0151,1179.7131,501.0,15.0,486.0,428.0,0.0,0.0,0.0,868,183
15,48,240,768,256,784,-1420.0,-1349.6,-210.6,-140.2,1,422,108032.0,196.0,7.5767,0.0151,1109.4878,0.0,0.0,0.0,0.0,0.0,0.0,0.0,0,0
19,48,304,768,320,784,-1138.4,-1068.0,-210.6,-140.2,1,190,48640.0,93.0,5.2138,0.0144,0.2699,0.0,0.0,0.0,0.0,0.0,0.0,0.0,0,0
20,48,320,768,336,784,-1068.0,-997.6,-210.6,-140.2,1,214,54784.0,94.0,4.9082,0.0143,0.2442,0.0,0.0,0.0,0.0,0.0,0.0,0.0,0,0
21,48,336,768,352,784,-997.6,-927.2,-210.6,-140.2,1,217,55552.0,93.0,4.8998,0.0142,0.2835,18.0,0.0,18.0,0.0,0.0,0.0,0.0,1,1
28,48,448,768,464,784,-504.8,-434.4,-210.6,-140.2,1,229,58624.0,190.0,8.3997,0.0172,447.2383,31.0,1.0,30.0,10.0,0.0,0.0,0.0,38,17
29,48,464,768,480,784,-434.4,-364.0,-210.6,-140.2,1,192,49152.0,182.0,8.2662,0.0172,138.4812,257.0,15.0,242.0,97.0,1.0,0.0,1.0,310,113
37,48,592,768,608,784,128.8,199.2,-210.6,-140.2,1,405,103680.0,202.0,7.8648,0.0177,212.594,151.0,56.0,95.0,46.0,0.0,0.0,0.0,99,39
38,48,608,768,624,784,199.2,269.6,-210.6,-140.2,1,418,107008.0,207.0,8.1601,0.0177,196.9205,471.0,10.0,461.0,314.0,0.0,0.0,0.0,472,140
39,48,624,768,640,784,269.6,340.0,-210.6,-140.2,1,431,110336.0,220.0,8.5205,0.0177,225.8774,304.0,11.0,293.0,184.0,0.0,0.0,0.0,450,120
40,48,640,768,656,784,340.0,410.4,-210.6,-140.2,1,439,112384.0,229.0,8.6843,0.0176,300.107,247.0,7.0,240.0,145.0,0.0,0.0,0.0,350,98
41,48,656,768,672,784,410.4,480.8,-210.6,-140.2,1,445,113920.0,239.0,8.9842,0.0175,443.2612,158.0,2.0,156.0,89.0,0.0,0.0,0.0,184,70
42,48,672,768,688,784,480.8,551.2,-210.6,-140.2,1,462,118272.0,338.0,10.1711,0.0173,1561.8197,86.0,0.0,86.0,22.0,0.0,0.0,0.0,100,37
43,48,688,768,704,784,551.2,621.6,-210.6,-140.2,1,425,108800.0,343.0,9.9877,0.0171,2147.4791,93.0,2.0,91.0,13.0,0.0,0.0,0.0,100,38
44,48,704,768,720,784,621.6,692.0,-210.6,-140.2,1,388,99328.0,302.0,9.6999,0.0168,1986.604,416.0,35.0,381.0,74.0,0.0,0.0,0.0,122,39
45,48,720,768,736,784,692.0,762.4,-210.6,-140.2,1,358,91648.0,291.0,9.5542,0.0165,2393.8485,259.0,0.0,259.0,86.0,1.0,0.0,1.0,93,31
5,49,80,784,96,800,-2124.0,-2053.6,-281.0,-210.6,1,449,114944.0,198.0,7.1388,0.0136,349.9019,0.0,0.0,0.0,0.0,0.0,0.0,0.0,0,0
6,49,96,784,112,800,-2053.6,-1983.2,-281.0,-210.6,1,465,119040.0,199.0,7.1806,0.0138,380.0837,7.0,1.0,6.0,0.0,0.0,0.0,0.0,8,4
7,49,112,784,128,800,-1983.2,-1912.8,-281.0,-210.6,1,465,119040.0,201.0,7.1806,0.014,345.2273,10.0,2.0,8.0,0.0,0.0,0.0,0.0,14,7
8,49,128,784,144,800,-1912.8,-1842.4,-281.0,-210.6,1,464,118784.0,202.0,7.1776,0.0142,325.1213,30.0,9.0,21.0,1.0,0.0,0.0,0.0,50,22
9,49,144,784,160,800,-1842.4,-1772.0,-281.0,-210.6,1,464,118784.0,202.0,7.1776,0.0144,295.5585,46.0,13.0,33.0,1.0,0.0,0.0,0.0,65,29
10,49,160,784,176,800,-1772.0,-1701.6,-281.0,-210.6,1,459,117504.0,201.0,7.1627,0.0146,268.2022,10.0,0.0,10.0,1.0,0.0,0.0,0.0,5,3
11,49,176,784,192,800,-1701.6,-1631.2,-281.0,-210.6,1,450,115200.0,198.0,7.1034,0.0147,226.7399,10.0,0.0,10.0,9.0,0.0,0.0,0.0,6,3
12,49,192,784,208,800,-1631.2,-1560.8,-281.0,-210.6,1,449,114944.0,195.0,7.0858,0.0148,219.0215,39.0,0.0,39.0,5.0,0.0,0.0,0.0,12,6
13,49,208,784,224,800,-1560.8,-1490.4,-281.0,-210.6,1,446,114176.0,194.0,7.0625,0.0149,197.5125,56.0,0.0,56.0,17.0,0.0,0.0,0.0,36,17
14,49,224,784,240,800,-1490.4,-1420.0,-281.0,-210.6,1,442,113152.0,205.0,8.5375,0.015,1022.967,403.0,5.0,398.0,337.0,0.0,0.0,0.0,740,177
15,49,240,784,256,800,-1420.0,-1349.6,-281.0,-210.6,1,436,111616.0,209.0,8.5121,0.0151,1374.3792,201.0,2.0,199.0,168.0,0.0,0.0,0.0,386,118
16,49,256,784,272,800,-1349.6,-1279.2,-281.0,-210.6,1,344,88064.0,134.0,5.8259,0.0151,11.5635,0.0,0.0,0.0,0.0,0.0,0.0,0.0,0,0
17,49,272,784,288,800,-1279.2,-1208.8,-281.0,-210.6,1,282,72192.0,112.0,5.48,0.015,2.4393,0.0,0.0,0.0,0.0,0.0,0.0,0.0,0,0
18,49,288,784,304,800,-1208.8,-1138.4,-281.0,-210.6,1,265,67840.0,107.0,5.4504,0.0148,1.9477,0.0,0.0,0.0,0.0,0.0,0.0,0.0,0,0
19,49,304,784,320,800,-1138.4,-1068.0,-281.0,-210.6,1,254,65024.0,103.0,5.3237,0.0147,1.1669,2.0,1.0,1.0,0.0,0.0,0.0,0.0,4,2
20,49,320,784,336,800,-1068.0,-997.6,-281.0,-210.6,1,247,63232.0,99.0,4.9607,0.0146,0.8667,3.0,1.0,2.0,0.0,0.0,0.0,0.0,4,2
21,49,336,784,352,800,-997.6,-927.2,-281.0,-210.6,1,240,61440.0,97.0,4.9378,0.0144,0.7407,0.0,0.0,0.0,0.0,0.0,0.0,0.0,0,0
28,49,448,784,464,800,-504.8,-434.4,-281.0,-210.6,1,242,61952.0,194.0,8.5037,0.017,778.3211,3162.0,13.0,3149.0,1784.0,1.0,0.0,1.0,695,137
29,49,464,784,480,800,-434.4,-364.0,-281.0,-210.6,1,193,49408.0,184.0,8.2821,0.017,189.437,202.0,10.0,192.0,79.0,1.0,0.0,1.0,241,87
36,49,576,784,592,800,58.4,128.8,-281.0,-210.6,1,350,89600.0,187.0,7.2047,0.0173,164.8276,0.0,0.0,0.0,0.0,0.0,0.0,0.0,0,0
37,49,592,784,608,800,128.8,199.2,-281.0,-210.6,1,408,104448.0,203.0,8.0004,0.0175,190.6492,125.0,11.0,114.0,66.0,0.0,0.0,0.0,182,73
38,49,608,784,624,800,199.2,269.6,-281.0,-210.6,1,426,109056.0,222.0,8.5375,0.0175,222.6052,372.0,14.0,358.0,249.0,0.0,0.0,0.0,566,154
39,49,624,784,640,800,269.6,340.0,-281.0,-210.6,1,444,113664.0,232.0,8.8728,0.0174,372.9832,290.0,6.0,284.0,200.0,0.0,0.0,0.0,456,110
40,49,640,784,656,800,340.0,410.4,-281.0,-210.6,1,460,117760.0,246.0,9.2207,0.0173,593.5142,203.0,9.0,194.0,119.0,0.0,0.0,0.0,280,95
41,49,656,784,672,800,410.4,480.8,-281.0,-210.6,1,464,118784.0,267.0,9.3768,0.0172,962.9427,130.0,2.0,128.0,49.0,0.0,0.0,0.0,148,52
42,49,672,784,688,800,480.8,551.2,-281.0,-210.6,1,468,119808.0,336.0,10.2623,0.017,2131.5353,119.0,3.0,116.0,47.0,0.0,0.0,0.0,88,31
43,49,688,784,704,800,551.2,621.6,-281.0,-210.6,1,413,105728.0,302.0,9.8389,0.0168,2457.5239,100.0,5.0,95.0,24.0,0.0,0.0,0.0,110,40
44,49,704,784,720,800,621.6,692.0,-281.0,-210.6,1,369,94464.0,294.0,9.5969,0.0166,2063.7125,327.0,13.0,314.0,26.0,0.0,0.0,0.0,116,41
45,49,720,784,736,800,692.0,762.4,-281.0,-210.6,1,344,88064.0,292.0,9.4803,0.0163,2387.5594,66.0,4.0,62.0,6.0,0.0,0.0,0.0,51,14
5,50,80,800,96,816,-2124.0,-2053.6,-351.4,-281.0,1,464,118784.0,207.0,7.1927,0.0135,425.3073,0.0,0.0,0.0,0.0,0.0,0.0,0.0,0,0
6,50,96,800,112,816,-2053.6,-1983.2,-351.4,-281.0,1,474,121344.0,210.0,7.2199,0.0137,418.7031,5.0,1.0,4.0,0.0,0.0,0.0,0.0,6,3
7,50,112,800,128,816,-1983.2,-1912.8,-351.4,-281.0,1,475,121600.0,212.0,7.2229,0.0139,359.3783,7.0,2.0,5.0,0.0,0.0,0.0,0.0,8,4
8,50,128,800,144,816,-1912.8,-1842.4,-351.4,-281.0,1,474,121344.0,207.0,7.2169,0.0141,353.3814,37.0,12.0,25.0,0.0,0.0,0.0,0.0,54,23
9,50,144,800,160,816,-1842.4,-1772.0,-351.4,-281.0,1,474,121344.0,203.0,7.2078,0.0143,349.0102,42.0,13.0,29.0,1.0,0.0,0.0,0.0,64,29
10,50,160,800,176,816,-1772.0,-1701.6,-351.4,-281.0,1,469,120064.0,204.0,7.1927,0.0144,322.0251,26.0,1.0,25.0,23.0,0.0,0.0,0.0,8,4
11,50,176,800,192,816,-1701.6,-1631.2,-351.4,-281.0,1,466,119296.0,204.0,7.1776,0.0146,304.3127,6.0,4.0,2.0,1.0,0.0,0.0,0.0,6,3
12,50,192,800,208,816,-1631.2,-1560.8,-351.4,-281.0,1,463,118528.0,203.0,7.1746,0.0147,287.3993,11.0,1.0,10.0,6.0,0.0,0.0,0.0,16,8
13,50,208,800,224,816,-1560.8,-1490.4,-351.4,-281.0,1,454,116224.0,200.0,7.1211,0.0148,244.4887,17.0,2.0,15.0,10.0,0.0,0.0,0.0,26,12
14,50,224,800,240,816,-1490.4,-1420.0,-351.4,-281.0,1,451,115456.0,206.0,8.6363,0.0149,745.5631,102.0,8.0,94.0,75.0,0.0,0.0,0.0,165,65
15,50,240,800,256,816,-1420.0,-1349.6,-351.4,-281.0,1,449,114944.0,224.0,8.6406,0.015,1698.1094,499.0,14.0,485.0,430.0,1.0,0.0,1.0,788,183
16,50,256,800,272,816,-1349.6,-1279.2,-351.4,-281.0,1,409,104704.0,209.0,8.3873,0.0151,1285.6476,84.0,13.0,71.0,55.0,0.0,0.0,0.0,140,56
17,50,272,800,288,816,-1279.2,-1208.8,-351.4,-281.0,1,330,84480.0,133.0,6.0539,0.015,10.7306,10.0,7.0,3.0,0.0,0.0,0.0,0.0,11,6
18,50,288,800,304,816,-1208.8,-1138.4,-351.4,-281.0,1,297,76032.0,116.0,5.5099,0.015,3.892,11.0,5.0,6.0,0.0,0.0,0.0,0.0,10,5
19,50,304,800,320,816,-1138.4,-1068.0,-351.4,-281.0,1,276,70656.0,110.0,5.4126,0.0149,2.2941,10.0,4.0,6.0,0.0,0.0,0.0,0.0,7,4
20,50,320,800,336,816,-1068.0,-997.6,-351.4,-281.0,1,264,67584.0,106.0,5.3402,0.0148,1.5629,4.0,3.0,1.0,0.0,0.0,0.0,0.0,4,2
21,50,336,800,352,816,-997.6,-927.2,-351.4,-281.0,1,253,64768.0,100.0,4.9564,0.0146,1.1821,0.0,0.0,0.0,0.0,0.0,0.0,0.0,0,0
28,50,448,800,464,816,-504.8,-434.4,-351.4,-281.0,1,265,67840.0,204.0,8.6233,0.0169,1224.5332,1306.0,17.0,1289.0,848.0,1.0,0.0,1.0,834,142
29,50,464,800,480,816,-434.4,-364.0,-351.4,-281.0,1,204,52224.0,189.0,8.3873,0.0169,346.7232,80.0,5.0,75.0,35.0,0.0,0.0,0.0,107,48
36,50,576,800,592,816,58.4,128.8,-351.4,-281.0,1,381,97536.0,200.0,7.7793,0.0172,163.5154,0.0,0.0,0.0,0.0,0.0,0.0,0.0,0,0
37,50,592,800,608,816,128.8,199.2,-351.4,-281.0,1,429,109824.0,220.0,8.6017,0.0172,256.1146,254.0,13.0,241.0,160.0,0.0,0.0,0.0,402,130
38,50,608,800,624,816,199.2,269.6,-351.4,-281.0,1,462,118272.0,240.0,9.2108,0.0172,574.7575,372.0,11.0,361.0,257.0,0.0,0.0,0.0,570,139
39,50,624,800,640,816,269.6,340.0,-351.4,-281.0,1,487,124672.0,260.0,9.4025,0.0172,907.5075,206.0,9.0,197.0,120.0,0.0,0.0,0.0,318,100
40,50,640,800,656,816,340.0,410.4,-351.4,-281.0,1,486,124416.0,267.0,9.4231,0.0171,989.0053,225.0,5.0,220.0,141.0,0.0,0.0,0.0,306,112
41,50,656,800,672,816,410.4,480.8,-351.4,-281.0,1,473,121088.0,281.0,9.7274,0.0169,1300.7564,121.0,2.0,119.0,59.0,0.0,0.0,0.0,134,52
42,50,672,800,688,816,480.8,551.2,-351.4,-281.0,1,430,110080.0,330.0,9.9242,0.0167,2265.6821,160.0,3.0,157.0,47.0,1.0,0.0,1.0,106,42
43,50,688,800,704,816,551.2,621.6,-351.4,-281.0,1,387,99072.0,284.0,9.7164,0.0165,2800.4906,71.0,0.0,71.0,18.0,0.0,0.0,0.0,70,25
44,50,704,800,720,816,621.6,692.0,-351.4,-281.0,1,342,87552.0,298.0,9.4699,0.0163,2447.2213,88.0,0.0,88.0,9.0,1.0,0.0,1.0,44,15
45,50,720,800,736,816,692.0,762.4,-351.4,-281.0,1,297,76032.0,296.0,9.2555,0.016,2164.1296,20.0,2.0,18.0,1.0,0.0,0.0,0.0,16,4
5,51,80,816,96,832,-2124.0,-2053.6,-421.8,-351.4,1,479,122624.0,211.0,7.2443,0.0134,446.1709,0.0,0.0,0.0,0.0,0.0,0.0,0.0,0,0
6,51,96,816,112,832,-2053.6,-1983.2,-421.8,-351.4,1,487,124672.0,212.0,7.2688,0.0136,420.6599,13.0,7.0,6.0,0.0,1.0,1.0,0.0,12,5
7,51,112,816,128,832,-1983.2,-1912.8,-421.8,-351.4,1,490,125440.0,218.0,7.278,0.0138,428.4718,5.0,2.0,3.0,0.0,0.0,0.0,0.0,6,2
8,51,128,816,144,832,-1912.8,-1842.4,-421.8,-351.4,1,485,124160.0,215.0,7.2565,0.014,397.9433,34.0,6.0,28.0,0.0,0.0,0.0,0.0,52,24
9,51,144,816,160,832,-1842.4,-1772.0,-421.8,-351.4,1,487,124672.0,216.0,7.2626,0.0141,402.925,48.0,13.0,35.0,2.0,0.0,0.0,0.0,60,24
10,51,160,816,176,832,-1772.0,-1701.6,-421.8,-351.4,1,484,123904.0,213.0,7.2504,0.0143,393.6731,5.0,1.0,4.0,1.0,0.0,0.0,0.0,8,4
11,51,176,816,192,832,-1701.6,-1631.2,-421.8,-351.4,1,479,122624.0,210.0,7.226,0.0145,370.7842,5.0,1.0,4.0,1.0,0.0,0.0,0.0,6,3
12,51,192,816,208,832,-1631.2,-1560.8,-421.8,-351.4,1,475,121600.0,205.0,7.2108,0.0146,350.345,45.0,2.0,43.0,5.0,0.0,0.0,0.0,20,8
13,51,208,816,224,832,-1560.8,-1490.4,-421.8,-351.4,1,469,120064.0,203.0,7.1927,0.0147,323.9038,22.0,3.0,19.0,9.0,0.0,0.0,0.0,26,12
14,51,224,816,240,832,-1490.4,-1420.0,-421.8,-351.4,1,465,119040.0,204.0,7.1716,0.0148,311.2133,41.0,3.0,38.0,28.0,0.0,0.0,0.0,66,30
15,51,240,816,256,832,-1420.0,-1349.6,-421.8,-351.4,1,457,116992.0,229.0,8.7596,0.0149,1641.3122,245.0,15.0,230.0,201.0,1.0,1.0,0.0,390,126
16,51,256,816,272,832,-1349.6,-1279.2,-421.8,-351.4,1,432,110592.0,221.0,8.5673,0.015,1353.8321,393.0,16.0,377.0,326.0,0.0,0.0,0.0,602,161
17,51,272,816,288,832,-1279.2,-1208.8,-421.8,-351.4,1,357,91392.0,150.0,6.5132,0.015,42.6693,37.0,4.0,33.0,24.0,0.0,0.0,0.0,68,34
18,51,288,816,304,832,-1208.8,-1138.4,-421.8,-351.4,1,326,83456.0,132.0,6.0475,0.015,10.4366,7.0,1.0,6.0,3.0,0.0,0.0,0.0,12,6
19,51,304,816,320,832,-1138.4,-1068.0,-421.8,-351.4,1,301,77056.0,118.0,5.5188,0.015,4.2321,7.0,3.0,4.0,0.0,0.0,0.0,0.0,9,5
20,51,320,816,336,832,-1068.0,-997.6,-421.8,-351.4,1,280,71680.0,110.0,5.3686,0.015,2.4492,83.0,82.0,1.0,0.0,0.0,0.0,0.0,6,3
21,51,336,816,352,832,-997.6,-927.2,-421.8,-351.4,1,263,67328.0,104.0,4.9707,0.0148,1.6286,2.0,2.0,0.0,0.0,0.0,0.0,0.0,2,1
28,51,448,816,464,832,-504.8,-434.4,-421.8,-351.4,1,292,74752.0,206.0,8.7507,0.0168,1650.0633,484.0,16.0,468.0,294.0,0.0,0.0,0.0,510,140
29,51,464,816,480,832,-434.4,-364.0,-421.8,-351.4,1,268,68608.0,210.0,8.7865,0.0169,1216.6162,227.0,5.0,222.0,137.0,0.0,0.0,0.0,164,63
36,51,576,816,592,832,58.4,128.8,-421.8,-351.4,1,451,115456.0,234.0,9.0173,0.017,550.1649,11.0,2.0,9.0,3.0,0.0,0.0,0.0,18,9
37,51,592,816,608,832,128.8,199.2,-421.8,-351.4,1,494,126464.0,259.0,9.4438,0.017,959.8433,481.0,24.0,457.0,335.0,0.0,0.0,0.0,744,171
38,51,608,816,624,832,199.2,269.6,-421.8,-351.4,1,499,127744.0,262.0,9.4751,0.017,1042.2965,282.0,10.0,272.0,175.0,0.0,0.0,0.0,424,121
39,51,624,816,640,832,269.6,340.0,-421.8,-351.4,1,501,128256.0,268.0,9.5013,0.0169,1141.6777,274.0,3.0,271.0,195.0,0.0,0.0,0.0,350,115
40,51,640,816,656,832,340.0,410.4,-421.8,-351.4,1,496,126976.0,277.0,9.5066,0.0168,1225.2395,1018.0,6.0,1012.0,824.0,0.0,0.0,0.0,248,87
41,51,656,816,672,832,410.4,480.8,-421.8,-351.4,1,468,119808.0,286.0,9.744,0.0166,1506.3623,82.0,0.0,82.0,12.0,0.0,0.0,0.0,24,12
42,51,672,816,688,832,480.8,551.2,-421.8,-351.4,1,364,93184.0,291.0,9.4961,0.0165,2149.4422,25.0,0.0,25.0,8.0,0.0,0.0,0.0,22,10
43,51,688,816,704,832,551.2,621.6,-421.8,-351.4,1,273,69888.0,269.0,9.0315,0.0163,1356.6171,111.0,0.0,111.0,64.0,0.0,0.0,0.0,42,13
44,51,704,816,720,832,621.6,692.0,-421.8,-351.4,1,232,59392.0,214.0,7.5567,0.016,372.5587,310.0,0.0,310.0,89.0,0.0,0.0,0.0,28,10
45,51,720,816,736,832,692.0,762.4,-421.8,-351.4,1,218,55808.0,225.0,7.517,0.0158,358.1871,27.0,0.0,27.0,27.0,0.0,0.0,0.0,4,2
5,52,80,832,96,848,-2124.0,-2053.6,-492.2,-421.8,1,495,126720.0,212.0,7.2997,0.0132,500.6595,2.0,2.0,0.0,0.0,0.0,0.0,0.0,2,1
6,52,96,832,112,848,-2053.6,-1983.2,-492.2,-421.8,1,501,128256.0,214.0,7.3184,0.0134,481.1887,8.0,6.0,2.0,0.0,0.0,0.0,0.0,12,3
7,52,112,832,128,848,-1983.2,-1912.8,-492.2,-421.8,1,501,128256.0,217.0,7.3184,0.0136,476.3146,10.0,4.0,6.0,0.0,0.0,0.0,0.0,13,6
8,52,128,832,144,848,-1912.8,-1842.4,-492.2,-421.8,1,501,128256.0,217.0,7.3184,0.0138,469.0135,27.0,3.0,24.0,0.0,0.0,0.0,0.0,44,21
9,52,144,832,160,848,-1842.4,-1772.0,-492.2,-421.8,1,502,128512.0,217.0,7.3215,0.014,478.9508,67.0,19.0,48.0,0.0,1.0,1.0,0.0,58,23
10,52,160,832,176,848,-1772.0,-1701.6,-492.2,-421.8,1,498,127488.0,217.0,7.3028,0.0142,455.5414,12.0,4.0,8.0,1.0,0.0,0.0,0.0,16,7
11,52,176,832,192,848,-1701.6,-1631.2,-492.2,-421.8,1,493,126208.0,217.0,7.2811,0.0143,422.4898,21.0,4.0,17.0,6.0,0.0,0.0,0.0,20,9
12,52,192,832,208,848,-1631.2,-1560.8,-492.2,-421.8,1,492,125952.0,216.0,7.278,0.0145,433.6311,24.0,4.0,20.0,3.0,0.0,0.0,0.0,24,11
13,52,208,832,224,848,-1560.8,-1490.4,-492.2,-421.8,1,488,124928.0,215.0,7.2626,0.0146,414.9369,12.0,2.0,10.0,5.0,0.0,0.0,0.0,20,10
14,52,224,832,240,848,-1490.4,-1420.0,-492.2,-421.8,1,479,122624.0,211.0,7.2229,0.0147,381.7135,32.0,5.0,27.0,21.0,0.0,0.0,0.0,46,23
15,52,240,832,256,848,-1420.0,-1349.6,-492.2,-421.8,1,473,121088.0,225.0,8.8181,0.0148,1234.0927,62.0,1.0,61.0,54.0,0.0,0.0,0.0,111,49
16,52,256,832,272,848,-1349.6,-1279.2,-492.2,-421.8,1,456,116736.0,231.0,8.7776,0.0149,1569.173,284.0,5.0,279.0,254.0,0.0,0.0,0.0,496,147
17,52,272,832,288,848,-1279.2,-1208.8,-492.2,-421.8,1,390,99840.0,188.0,7.6544,0.015,404.6272,283.0,8.0,275.0,230.0,0.0,0.0,0.0,476,140
18,52,288,832,304,848,-1208.8,-1138.4,-492.2,-421.8,1,354,90624.0,151.0,6.5331,0.0151,47.1457,28.0,4.0,24.0,13.0,0.0,0.0,0.0,40,19
19,52,304,832,320,848,-1138.4,-1068.0,-492.2,-421.8,1,324,82944.0,129.0,6.0411,0.0151,9.8544,6.0,0.0,6.0,3.0,0.0,0.0,0.0,8,4
20,52,320,832,336,848,-1068.0,-997.6,-492.2,-421.8,1,302,77312.0,120.0,5.5491,0.0151,4.3303,8.0,2.0,6.0,1.0,0.0,0.0,0.0,10,4
21,52,336,832,352,848,-997.6,-927.2,-492.2,-421.8,1,278,71168.0,110.0,5.0084,0.015,2.5144,0.0,0.0,0.0,0.0,0.0,0.0,0.0,0,0
28,52,448,832,464,848,-504.8,-434.4,-492.2,-421.8,1,308,78848.0,225.0,8.9421,0.0168,1860.3117,427.0,13.0,414.0,290.0,0.0,0.0,0.0,436,133
29,52,464,832,480,848,-434.4,-364.0,-492.2,-421.8,1,303,77568.0,230.0,9.0363,0.0169,1702.5067,630.0,15.0,615.0,478.0,2.0,0.0,2.0,371,115
30,52,480,832,496,848,-364.0,-293.6,-492.2,-421.8,1,179,45824.0,112.0,6.1714,0.0168,17.7649,246.0,7.0,239.0,155.0,0.0,0.0,0.0,248,83
31,52,496,832,512,848,-293.6,-223.2,-492.2,-421.8,1,188,48128.0,116.0,6.2775,0.0167,17.7882,21.0,2.0,19.0,11.0,0.0,0.0,0.0,36,17
32,52,512,832,528,848,-223.2,-152.8,-492.2,-421.8,1,197,50432.0,124.0,6.3307,0.0166,21.676,6.0,2.0,4.0,2.0,0.0,0.0,0.0,10,5
33,52,528,832,544,848,-152.8,-82.4,-492.2,-421.8,1,214,54784.0,133.0,6.4039,0.0166,27.7559,14.0,1.0,13.0,2.0,0.0,0.0,0.0,8,4
34,52,544,832,560,848,-82.4,-12.0,-492.2,-421.8,1,239,61184.0,146.0,6.4886,0.0166,37.7268,0.0,0.0,0.0,0.0,0.0,0.0,0.0,0,0
35,52,560,832,576,848,-12.0,58.4,-492.2,-421.8,1,474,121344.0,254.0,9.196,0.0167,1008.5367,0.0,0.0,0.0,0.0,0.0,0.0,0.0,0,0
36,52,576,832,592,848,58.4,128.8,-492.2,-421.8,1,502,128512.0,262.0,9.5013,0.0167,1119.6774,381.0,13.0,368.0,255.0,0.0,0.0,0.0,583,160
37,52,592,832,608,848,128.8,199.2,-492.2,-421.8,1,512,131072.0,270.0,9.5595,0.0167,1216.9993,426.0,11.0,415.0,307.0,0.0,0.0,0.0,707,159
38,52,608,832,624,848,199.2,269.6,-492.2,-421.8,1,518,132608.0,280.0,9.6077,0.0167,1357.7842,217.0,8.0,209.0,151.0,0.0,0.0,0.0,318,108
39,52,624,832,640,848,269.6,340.0,-492.2,-421.8,1,515,131840.0,285.0,9.6077,0.0166,1448.3264,224.0,7.0,217.0,169.0,0.0,0.0,0.0,302,97
40,52,640,832,656,848,340.0,410.4,-492.2,-421.8,1,503,128768.0,288.0,9.5595,0.0165,1463.0029,242.0,0.0,242.0,144.0,0.0,0.0,0.0,78,31
5,53,80,848,96,864,-2124.0,-2053.6,-562.6,-492.2,1,512,131072.0,213.0,7.3528,0.0131,574.9697,0.0,0.0,0.0,0.0,0.0,0.0,0.0,0,0
6,53,96,848,112,864,-2053.6,-1983.2,-562.6,-492.2,1,513,131328.0,215.0,7.356,0.0133,542.8161,5.0,0.0,5.0,0.0,0.0,0.0,0.0,4,2
7,53,112,848,128,864,-1983.2,-1912.8,-562.6,-492.2,1,513,131328.0,218.0,7.356,0.0135,534.3477,5.0,2.0,3.0,0.0,0.0,0.0,0.0,4,2
8,53,128,848,144,864,-1912.8,-1842.4,-562.6,-492.2,1,514,131584.0,218.0,7.3591,0.0137,533.3433,22.0,2.0,20.0,0.0,0.0,0.0,0.0,36,17
9,53,144,848,160,864,-1842.4,-1772.0,-562.6,-492.2,1,517,132352.0,219.0,7.3686,0.0138,553.5275,65.0,15.0,50.0,0.0,0.0,0.0,0.0,68,27
10,53,160,848,176,864,-1772.0,-1701.6,-562.6,-492.2,1,515,131840.0,219.0,7.3623,0.014,539.5857,11.0,0.0,11.0,2.0,0.0,0.0,0.0,10,5
11,53,176,848,192,864,-1701.6,-1631.2,-562.6,-492.2,1,511,130816.0,218.0,7.3434,0.0142,510.8681,40.0,0.0,40.0,2.0,0.0,0.0,0.0,10,3
12,53,192,848,208,864,-1631.2,-1560.8,-562.6,-492.2,1,509,130304.0,217.0,7.3434,0.0143,509.1594,8.0,0.0,8.0,4.0,0.0,0.0,0.0,8,3
13,53,208,848,224,864,-1560.8,-1490.4,-562.6,-492.2,1,506,129536.0,217.0,7.334,0.0145,498.1,19.0,5.0,14.0,10.0,0.0,0.0,0.0,22,9
14,53,224,848,240,864,-1490.4,-1420.0,-562.6,-492.2,1,504,129024.0,218.0,7.3184,0.0146,504.2176,32.0,5.0,27.0,21.0,0.0,0.0,0.0,36,17
15,53,240,848,256,864,-1420.0,-1349.6,-562.6,-492.2,1,497,127232.0,233.0,8.9375,0.0147,1422.4728,70.0,27.0,43.0,33.0,0.0,0.0,0.0,70,32
16,53,256,848,272,864,-1349.6,-1279.2,-562.6,-492.2,1,483,123648.0,246.0,8.9235,0.0149,1972.0789,166.0,23.0,143.0,134.0,0.0,0.0,0.0,284,105
17,53,272,848,288,864,-1279.2,-1208.8,-562.6,-492.2,1,446,114176.0,238.0,8.7285,0.015,1561.2215,277.0,10.0,267.0,239.0,0.0,0.0,0.0,472,136
18,53,288,848,304,864,-1208.8,-1138.4,-562.6,-492.2,1,389,99584.0,167.0,6.6987,0.0151,103.3646,243.0,7.0,236.0,196.0,0.0,0.0,0.0,388,120
19,53,304,848,320,864,-1138.4,-1068.0,-562.6,-492.2,1,359,91904.0,159.0,6.5933,0.0152,60.5914,9.0,1.0,8.0,2.0,0.0,0.0,0.0,12,6
20,53,320,848,336,864,-1068.0,-997.6,-562.6,-492.2,1,327,83712.0,138.0,6.4135,0.0153,20.7087,4.0,1.0,3.0,2.0,0.0,0.0,0.0,8,4
21,53,336,848,352,864,-997.6,-927.2,-562.6,-492.2,1,295,75520.0,116.0,5.4246,0.0152,3.6853,6.0,0.0,6.0,0.0,0.0,0.0,0.0,6,1
28,53,448,848,464,864,-504.8,-434.4,-562.6,-492.2,1,319,81664.0,232.0,9.0649,0.0167,1986.2788,862.0,8.0,854.0,774.0,0.0,0.0,0.0,388,126
29,53,464,848,480,864,-434.4,-364.0,-562.6,-492.2,1,323,82688.0,244.0,9.3208,0.0168,2021.9738,374.0,3.0,371.0,317.0,0.0,0.0,0.0,306,102
30,53,480,848,496,864,-364.0,-293.6,-562.6,-492.2,1,210,53760.0,139.0,6.4424,0.0168,41.3935,687.0,11.0,676.0,568.0,1.0,0.0,1.0,336,98
31,53,496,848,512,864,-293.6,-223.2,-562.6,-492.2,1,228,58368.0,144.0,6.4666,0.0167,26.7837,242.0,10.0,232.0,118.0,0.0,0.0,0.0,336,111
32,53,512,848,528,864,-223.2,-152.8,-562.6,-492.2,1,249,63744.0,150.0,6.5281,0.0166,24.4172,223.0,8.0,215.0,103.0,0.0,0.0,0.0,316,108
33,53,528,848,544,864,-152.8,-82.4,-562.6,-492.2,1,271,69376.0,162.0,6.6136,0.0166,39.3325,218.0,9.0,209.0,107.0,0.0,0.0,0.0,322,110
34,53,544,848,560,864,-82.4,-12.0,-562.6,-492.2,1,416,106496.0,256.0,8.2345,0.0165,1026.9856,297.0,51.0,246.0,128.0,0.0,0.0,0.0,372,123
35,53,560,848,576,864,-12.0,58.4,-562.6,-492.2,1,516,132096.0,276.0,9.5969,0.0165,1417.4245,611.0,61.0,550.0,386.0,2.0,0.0,2.0,747,170
36,53,576,848,592,864,58.4,128.8,-562.6,-492.2,1,530,135680.0,278.0,9.6726,0.0165,1538.0839,407.0,16.0,391.0,303.0,0.0,0.0,0.0,650,150
37,53,592,848,608,864,128.8,199.2,-562.6,-492.2,1,536,137216.0,279.0,9.7054,0.0164,1657.0596,228.0,15.0,213.0,154.0,0.0,0.0,0.0,372,114
38,53,608,848,624,864,199.2,269.6,-562.6,-492.2,1,532,136192.0,284.0,9.7054,0.0164,1731.9271,136.0,0.0,136.0,107.0,0.0,0.0,0.0,186,78
39,53,624,848,640,864,269.6,340.0,-562.6,-492.2,1,526,134656.0,289.0,9.689,0.0163,1785.2951,96.0,4.0,92.0,59.0,0.0,0.0,0.0,120,48
40,53,640,848,656,864,340.0,410.4,-562.6,-492.2,1,477,122112.0,280.0,9.3717,0.0162,1602.5764,59.0,0.0,59.0,28.0,0.0,0.0,0.0,64,26
4,54,64,864,80,880,-2194.4,-2124.0,-633.0,-562.6,1,436,111616.0,184.0,6.8429,0.0127,325.585,0.0,0.0,0.0,0.0,0.0,0.0,0.0,0,0
5,54,80,864,96,880,-2124.0,-2053.6,-633.0,-562.6,1,525,134400.0,214.0,7.394,0.013,610.931,0.0,0.0,0.0,0.0,0.0,0.0,0.0,0,0
6,54,96,864,112,880,-2053.6,-1983.2,-633.0,-562.6,1,527,134912.0,218.0,7.4004,0.0131,620.0858,1.0,0.0,1.0,0.0,0.0,0.0,0.0,2,1
7,54,112,864,128,880,-1983.2,-1912.8,-633.0,-562.6,1,527,134912.0,219.0,7.4004,0.0133,607.275,2.0,0.0,2.0,0.0,0.0,0.0,0.0,4,2
8,54,128,864,144,880,-1912.8,-1842.4,-633.0,-562.6,1,530,135680.0,219.0,7.41,0.0135,619.2511,13.0,3.0,10.0,0.0,0.0,0.0,0.0,22,11
9,54,144,864,160,880,-1842.4,-1772.0,-633.0,-562.6,1,532,136192.0,220.0,7.4164,0.0137,634.0369,45.0,11.0,34.0,0.0,0.0,0.0,0.0,72,32
10,54,160,864,176,880,-1772.0,-1701.6,-633.0,-562.6,1,528,135168.0,220.0,7.4036,0.0139,593.9479,21.0,5.0,16.0,1.0,0.0,0.0,0.0,28,14
11,54,176,864,192,880,-1701.6,-1631.2,-633.0,-562.6,1,527,134912.0,220.0,7.394,0.014,587.8111,35.0,7.0,28.0,2.0,0.0,0.0,0.0,36,16
12,54,192,864,208,880,-1631.2,-1560.8,-633.0,-562.6,1,527,134912.0,219.0,7.3972,0.0142,593.6826,32.0,6.0,26.0,14.0,0.0,0.0,0.0,30,11
13,54,208,864,224,880,-1560.8,-1490.4,-633.0,-562.6,1,528,135168.0,219.0,7.4036,0.0143,610.1589,25.0,7.0,18.0,3.0,0.0,0.0,0.0,28,12
14,54,224,864,240,880,-1490.4,-1420.0,-633.0,-562.6,1,526,134656.0,221.0,7.3876,0.0145,609.781,20.0,4.0,16.0,5.0,0.0,0.0,0.0,36,17
15,54,240,864,256,880,-1420.0,-1349.6,-633.0,-562.6,1,519,132864.0,225.0,8.8499,0.0146,878.7281,31.0,5.0,26.0,14.0,0.0,0.0,0.0,50,23
16,54,256,864,272,880,-1349.6,-1279.2,-633.0,-562.6,1,516,132096.0,242.0,9.0985,0.0148,1828.8966,122.0,16.0,106.0,56.0,0.0,0.0,0.0,128,50
17,54,272,864,288,880,-1279.2,-1208.8,-633.0,-562.6,1,494,126464.0,245.0,8.9702,0.0149,1846.3441,199.0,6.0,193.0,176.0,0.0,0.0,0.0,296,107
18,54,288,864,304,880,-1208.8,-1138.4,-633.0,-562.6,1,445,113920.0,185.0,6.8786,0.0151,218.5241,302.0,9.0,293.0,250.0,0.0,0.0,0.0,496,143
19,54,304,864,320,880,-1138.4,-1068.0,-633.0,-562.6,1,422,108032.0,180.0,6.8077,0.0152,162.6344,191.0,5.0,186.0,152.0,0.0,0.0,0.0,346,120
20,54,320,864,336,880,-1068.0,-997.6,-633.0,-562.6,1,392,100352.0,175.0,6.7145,0.0154,105.4944,7.0,1.0,6.0,3.0,0.0,0.0,0.0,10,4
21,54,336,864,352,880,-997.6,-927.2,-633.0,-562.6,1,345,88320.0,155.0,6.5555,0.0155,48.5561,14.0,0.0,14.0,0.0,0.0,0.0,0.0,12,1
28,54,448,864,464,880,-504.8,-434.4,-633.0,-562.6,1,353,90368.0,256.0,9.6238,0.0166,2698.5391,1113.0,18.0,1095.0,952.0,2.0,0.0,2.0,430,142
29,54,464,864,480,880,-434.4,-364.0,-633.0,-562.6,1,385,98560.0,285.0,9.8559,0.0166,3275.1814,612.0,4.0,608.0,447.0,2.0,0.0,2.0,304,90
30,54,480,864,496,880,-364.0,-293.6,-633.0,-562.6,1,298,76288.0,202.0,6.9934,0.0166,213.4536,1284.0,7.0,1277.0,1186.0,0.0,0.0,0.0,289,90
31,54,496,864,512,880,-293.6,-223.2,-633.0,-562.6,1,303,77568.0,174.0,6.7014,0.0166,61.1577,168.0,9.0,159.0,105.0,0.0,0.0,0.0,227,78
32,54,512,864,528,880,-223.2,-152.8,-633.0,-562.6,1,328,83968.0,194.0,7.5567,0.0165,570.9652,252.0,15.0,237.0,138.0,0.0,0.0,0.0,296,100
33,54,528,864,544,880,-152.8,-82.4,-633.0,-562.6,1,418,107008.0,245.0,8.0795,0.0164,979.6183,327.0,11.0,316.0,226.0,0.0,0.0,0.0,431,133
34,54,544,864,560,880,-82.4,-12.0,-633.0,-562.6,1,532,136192.0,274.0,9.5489,0.0163,1801.8717,515.0,86.0,429.0,272.0,1.0,0.0,1.0,562,143
35,54,560,864,576,880,-12.0,58.4,-633.0,-562.6,1,555,142080.0,277.0,9.8164,0.0163,2009.688,195.0,7.0,188.0,136.0,0.0,0.0,0.0,304,107
36,54,576,864,592,880,58.4,128.8,-633.0,-562.6,1,558,142848.0,283.0,9.8389,0.0162,2049.954,256.0,11.0,245.0,171.0,0.0,0.0,0.0,386,118
37,54,592,864,608,880,128.8,199.2,-633.0,-562.6,1,559,143104.0,286.0,9.8615,0.0162,2145.8046,125.0,4.0,121.0,95.0,0.0,0.0,0.0,208,82
38,54,608,864,624,880,199.2,269.6,-633.0,-562.6,1,550,140800.0,287.0,9.8108,0.0161,2126.5837,56.0,0.0,56.0,40.0,0.0,0.0,0.0,84,36
39,54,624,864,640,880,269.6,340.0,-633.0,-562.6,1,537,137472.0,292.0,9.7551,0.016,2068.6768,85.0,3.0,82.0,46.0,0.0,0.0,0.0,116,48
40,54,640,864,656,880,340.0,410.4,-633.0,-562.6,1,410,104960.0,225.0,7.3876,0.0159,765.2309,844.0,0.0,844.0,652.0,0.0,0.0,0.0,136,54
3,55,48,880,64,896,-2264.8,-2194.4,-703.4,-633.0,1,402,102912.0,178.0,6.7514,0.0124,226.4376,0.0,0.0,0.0,0.0,0.0,0.0,0.0,0,0
4,55,64,880,80,896,-2194.4,-2124.0,-703.4,-633.0,1,499,127744.0,214.0,7.3121,0.0126,604.8137,0.0,0.0,0.0,0.0,0.0,0.0,0.0,0,0
5,55,80,880,96,896,-2124.0,-2053.6,-703.4,-633.0,1,527,134912.0,216.0,7.4004,0.0128,616.235,0.0,0.0,0.0,0.0,0.0,0.0,0.0,0,0
6,55,96,880,112,896,-2053.6,-1983.2,-703.4,-633.0,1,529,135424.0,217.0,7.4068,0.013,616.4973,0.0,0.0,0.0,0.0,0.0,0.0,0.0,0,0
7,55,112,880,128,896,-1983.2,-1912.8,-703.4,-633.0,1,534,136704.0,220.0,7.4228,0.0132,649.9424,4.0,0.0,4.0,0.0,0.0,0.0,0.0,4,2
8,55,128,880,144,896,-1912.8,-1842.4,-703.4,-633.0,1,535,136960.0,220.0,7.426,0.0134,649.3591,20.0,10.0,10.0,0.0,0.0,0.0,0.0,22,11
9,55,144,880,160,896,-1842.4,-1772.0,-703.4,-633.0,1,536,137216.0,221.0,7.4292,0.0135,647.5944,39.0,13.0,26.0,0.0,0.0,0.0,0.0,48,22
10,55,160,880,176,896,-1772.0,-1701.6,-703.4,-633.0,1,535,136960.0,221.0,7.426,0.0137,637.2095,26.0,10.0,16.0,0.0,0.0,0.0,0.0,34,16
11,55,176,880,192,896,-1701.6,-1631.2,-703.4,-633.0,1,533,136448.0,218.0,7.4132,0.0138,616.5893,31.0,8.0,23.0,2.0,0.0,0.0,0.0,42,18
12,55,192,880,208,896,-1631.2,-1560.8,-703.4,-633.0,1,536,137216.0,220.0,7.426,0.014,647.2196,19.0,6.0,13.0,1.0,1.0,1.0,0.0,32,15
13,55,208,880,224,896,-1560.8,-1490.4,-703.4,-633.0,1,537,137472.0,220.0,7.4324,0.0142,657.8507,14.0,5.0,9.0,0.0,0.0,0.0,0.0,26,13
14,55,224,880,240,896,-1490.4,-1420.0,-703.4,-633.0,1,535,136960.0,220.0,7.4164,0.0143,648.395,23.0,7.0,16.0,2.0,0.0,0.0,0.0,31,16
15,55,240,880,256,896,-1420.0,-1349.6,-703.4,-633.0,1,532,136192.0,221.0,7.4068,0.0145,657.5231,27.0,6.0,21.0,9.0,0.0,0.0,0.0,40,20
16,55,256,880,272,896,-1349.6,-1279.2,-703.4,-633.0,1,531,135936.0,242.0,9.1324,0.0146,1744.1037,46.0,6.0,40.0,14.0,0.0,0.0,0.0,70,32
17,55,272,880,288,896,-1279.2,-1208.8,-703.4,-633.0,1,523,133888.0,249.0,9.1178,0.0148,2078.7524,139.0,9.0,130.0,111.0,0.0,0.0,0.0,234,87
18,55,288,880,304,896,-1208.8,-1138.4,-703.4,-633.0,1,490,125440.0,229.0,8.8363,0.015,1252.2231,139.0,8.0,131.0,106.0,0.0,0.0,0.0,248,95
19,55,304,880,320,896,-1138.4,-1068.0,-703.4,-633.0,1,464,118784.0,185.0,6.9285,0.0151,257.6376,326.0,10.0,316.0,266.0,0.0,0.0,0.0,567,154
20,55,320,880,336,896,-1068.0,-997.6,-703.4,-633.0,1,456,116736.0,182.0,6.9035,0.0153,225.2678,237.0,8.0,229.0,191.0,0.0,0.0,0.0,439,132
21,55,336,880,352,896,-997.6,-927.2,-703.4,-633.0,1,447,114432.0,180.0,6.8758,0.0155,197.3207,24.0,1.0,23.0,7.0,0.0,0.0,0.0,16,4
22,55,352,880,368,896,-927.2,-856.8,-703.4,-633.0,1,428,109568.0,172.0,6.8212,0.0157,128.0622,0.0,0.0,0.0,0.0,0.0,0.0,0.0,0,0
23,55,368,880,384,896,-856.8,-786.4,-703.4,-633.0,1,349,89344.0,154.0,6.5832,0.0158,26.6885,0.0,0.0,0.0,0.0,0.0,0.0,0.0,0,0
24,55,384,880,400,896,-786.4,-716.0,-703.4,-633.0,1,317,81152.0,146.0,6.4935,0.0159,14.3889,13.0,0.0,13.0,10.0,0.0,0.0,0.0,20,8
25,55,400,880,416,896,-716.0,-645.6,-703.4,-633.0,1,314,80384.0,153.0,6.5933,0.0161,24.8172,16.0,3.0,13.0,10.0,0.0,0.0,0.0,26,12
26,55,416,880,432,896,-645.6,-575.2,-703.4,-633.0,1,335,85760.0,165.0,6.7461,0.0162,56.0191,46.0,3.0,43.0,27.0,0.0,0.0,0.0,70,34
27,55,432,880,448,896,-575.2,-504.8,-703.4,-633.0,1,342,87552.0,169.0,6.7647,0.0164,65.4878,344.0,5.0,339.0,298.0,0.0,0.0,0.0,266,111
28,55,448,880,464,896,-504.8,-434.4,-703.4,-633.0,1,491,125696.0,296.0,10.437,0.0164,6433.5942,624.0,6.0,618.0,513.0,0.0,0.0,0.0,592,180
29,55,464,880,480,896,-434.4,-364.0,-703.4,-633.0,1,482,123392.0,304.0,10.4434,0.0164,5672.63,193.0,4.0,189.0,151.0,0.0,0.0,0.0,292,103
30,55,480,880,496,896,-364.0,-293.6,-703.4,-633.0,1,378,96768.0,236.0,7.5767,0.0164,786.6105,344.0,7.0,337.0,273.0,1.0,0.0,1.0,294,116
31,55,496,880,512,896,-293.6,-223.2,-703.4,-633.0,1,381,97536.0,228.0,7.8974,0.0164,670.2402,192.0,5.0,187.0,133.0,0.0,0.0,0.0,308,107
32,55,512,880,528,896,-223.2,-152.8,-703.4,-633.0,1,437,111872.0,244.0,8.1485,0.0163,1110.2821,366.0,9.0,357.0,283.0,0.0,0.0,0.0,554,152
33,55,528,880,544,896,-152.8,-82.4,-703.4,-633.0,1,522,133632.0,273.0,9.5013,0.0162,1957.2393,462.0,14.0,448.0,332.0,1.0,0.0,1.0,663,163
34,55,544,880,560,896,-82.4,-12.0,-703.4,-633.0,1,570,145920.0,281.0,9.9242,0.0161,2329.9653,380.0,76.0,304.0,206.0,1.0,1.0,0.0,419,134
35,55,560,880,576,896,-12.0,58.4,-703.4,-633.0,1,571,146176.0,281.0,9.907,0.016,2290.9335,342.0,19.0,323.0,244.0,0.0,0.0,0.0,443,140
36,55,576,880,592,896,58.4,128.8,-703.4,-633.0,1,574,146944.0,284.0,9.93,0.016,2382.0308,184.0,8.0,176.0,119.0,0.0,0.0,0.0,276,102
37,55,592,880,608,896,128.8,199.2,-703.4,-633.0,1,567,145152.0,288.0,9.907,0.0159,2338.7078,62.0,1.0,61.0,48.0,0.0,0.0,0.0,108,47
38,55,608,880,624,896,199.2,269.6,-703.4,-633.0,1,555,142080.0,291.0,9.8559,0.0158,2321.4947,57.0,0.0,57.0,44.0,0.0,0.0,0.0,88,39
39,55,624,880,640,896,269.6,340.0,-703.4,-633.0,1,510,130560.0,286.0,9.5489,0.0157,2040.3397,88.0,5.0,83.0,56.0,0.0,0.0,0.0,111,44
40,55,640,880,656,896,340.0,410.4,-703.4,-633.0,1,397,101632.0,222.0,7.3466,0.0156,689.9929,70.0,0.0,70.0,59.0,0.0,0.0,0.0,98,35
41,55,656,880,672,896,410.4,480.8,-703.4,-633.0,1,316,80896.0,156.0,6.5907,0.0154,60.6243,118.0,78.0,40.0,3.0,0.0,0.0,0.0,9,4
3,56,48,896,64,912,-2264.8,-2194.4,-773.8,-703.4,1,439,112384.0,184.0,6.8511,0.0123,336.4769,0.0,0.0,0.0,0.0,0.0,0.0,0.0,0,0
4,56,64,896,80,912,-2194.4,-2124.0,-773.8,-703.4,1,516,132096.0,214.0,7.3655,0.0125,622.0825,0.0,0.0,0.0,0.0,0.0,0.0,0.0,0,0
5,56,80,896,96,912,-2124.0,-2053.6,-773.8,-703.4,1,534,136704.0,218.0,7.4228,0.0127,667.8344,0.0,0.0,0.0,0.0,0.0,0.0,0.0,0,0
6,56,96,896,112,912,-2053.6,-1983.2,-773.8,-703.4,1,536,137216.0,221.0,7.4292,0.0128,668.9476,3.0,0.0,3.0,0.0,0.0,0.0,0.0,4,2
7,56,112,896,128,912,-1983.2,-1912.8,-773.8,-703.4,1,537,137472.0,221.0,7.4324,0.013,667.0138,2.0,0.0,2.0,0.0,0.0,0.0,0.0,4,2
8,56,128,896,144,912,-1912.8,-1842.4,-773.8,-703.4,1,540,138240.0,221.0,7.4421,0.0132,682.1422,4.0,2.0,2.0,0.0,0.0,0.0,0.0,4,2
9,56,144,896,160,912,-1842.4,-1772.0,-773.8,-703.4,1,541,138496.0,222.0,7.4453,0.0133,686.1585,22.0,8.0,14.0,0.0,0.0,0.0,0.0,32,15
10,56,160,896,176,912,-1772.0,-1701.6,-773.8,-703.4,1,541,138496.0,222.0,7.4453,0.0135,680.8664,18.0,7.0,11.0,0.0,0.0,0.0,0.0,30,14
11,56,176,896,192,912,-1701.6,-1631.2,-773.8,-703.4,1,540,138240.0,219.0,7.4356,0.0137,664.3302,11.0,3.0,8.0,0.0,0.0,0.0,0.0,20,10
12,56,192,896,208,912,-1631.2,-1560.8,-773.8,-703.4,1,543,139008.0,221.0,7.4485,0.0138,697.08,12.0,3.0,9.0,0.0,0.0,0.0,0.0,22,11
13,56,208,896,224,912,-1560.8,-1490.4,-773.8,-703.4,1,544,139264.0,221.0,7.4583,0.014,706.7025,15.0,5.0,10.0,1.0,0.0,0.0,0.0,22,11
14,56,224,896,240,912,-1490.4,-1420.0,-773.8,-703.4,1,545,139520.0,221.0,7.4615,0.0142,718.7716,10.0,1.0,9.0,1.0,0.0,0.0,0.0,18,9
15,56,240,896,256,912,-1420.0,-1349.6,-773.8,-703.4,1,538,137728.0,223.0,7.4292,0.0143,680.4256,6.0,0.0,6.0,1.0,0.0,0.0,0.0,10,5
16,56,256,896,272,912,-1349.6,-1279.2,-773.8,-703.4,1,542,138752.0,242.0,9.1911,0.0145,1730.2456,23.0,0.0,23.0,11.0,0.0,0.0,0.0,35,17
17,56,272,896,288,912,-1279.2,-1208.8,-773.8,-703.4,1,537,137472.0,253.0,9.2058,0.0147,2425.2937,43.0,1.0,42.0,28.0,0.0,0.0,0.0,78,36
18,56,288,896,304,912,-1208.8,-1138.4,-773.8,-703.4,1,512,131072.0,249.0,9.0458,0.0149,2002.3834,6381.0,3.0,6378.0,206.0,0.0,0.0,0.0,250,124
19,56,304,896,320,912,-1138.4,-1068.0,-773.8,-703.4,1,481,123136.0,188.0,6.9821,0.015,312.7301,160.0,7.0,153.0,127.0,1.0,1.0,0.0,255,96
20,56,320,896,336,912,-1068.0,-997.6,-773.8,-703.4,1,475,121600.0,188.0,6.9594,0.0152,285.9546,356.0,16.0,340.0,283.0,0.0,0.0,0.0,618,167
21,56,336,896,352,912,-997.6,-927.2,-773.8,-703.4,1,470,120320.0,192.0,7.0654,0.0154,291.002,9205.0,16.0,9189.0,459.0,0.0,0.0,0.0,727,194
22,56,352,896,368,912,-927.2,-856.8,-773.8,-703.4,1,466,119296.0,199.0,7.1329,0.0156,285.18,8887.0,18.0,8869.0,349.0,1.0,0.0,1.0,622,193
23,56,368,896,384,912,-856.8,-786.4,-773.8,-703.4,1,461,118016.0,196.0,7.1477,0.0157,261.9706,303.0,13.0,290.0,231.0,0.0,0.0,0.0,531,165
24,56,384,896,400,912,-786.4,-716.0,-773.8,-703.4,1,424,108544.0,184.0,7.0049,0.0159,148.4613,323.0,13.0,310.0,249.0,0.0,0.0,0.0,549,167
25,56,400,896,416,912,-716.0,-645.6,-773.8,-703.4,1,395,101120.0,179.0,6.9257,0.016,111.6716,11074.0,10.0,11064.0,408.0,2.0,0.0,2.0,622,199
26,56,416,896,432,912,-645.6,-575.2,-773.8,-703.4,1,387,99072.0,176.0,6.8951,0.0161,110.3367,465.0,11.0,454.0,384.0,1.0,0.0,1.0,694,190
27,56,432,896,448,912,-575.2,-504.8,-773.8,-703.4,1,385,98560.0,188.0,6.9007,0.0162,154.3293,9601.0,13.0,9588.0,476.0,2.0,0.0,2.0,724,200
28,56,448,896,464,912,-504.8,-434.4,-773.8,-703.4,1,520,133120.0,303.0,10.6243,0.0162,7223.1313,394.0,8.0,386.0,330.0,0.0,0.0,0.0,632,171
29,56,464,896,480,912,-434.4,-364.0,-773.8,-703.4,1,510,130560.0,312.0,10.6309,0.0162,6225.9201,384.0,12.0,372.0,291.0,0.0,0.0,0.0,624,166
30,56,480,896,496,912,-364.0,-293.6,-773.8,-703.4,1,433,110848.0,299.0,8.412,0.0162,1512.9111,9690.0,12.0,9678.0,538.0,1.0,0.0,1.0,734,188
31,56,496,896,512,912,-293.6,-223.2,-773.8,-703.4,1,448,114688.0,250.0,8.2227,0.0161,1184.4433,424.0,6.0,418.0,334.0,0.0,0.0,0.0,734,181
32,56,512,896,528,912,-223.2,-152.8,-773.8,-703.4,1,515,131840.0,277.0,9.4908,0.0161,2023.9254,341.0,9.0,332.0,248.0,0.0,0.0,0.0,578,166
33,56,528,896,544,912,-152.8,-82.4,-773.8,-703.4,1,574,146944.0,283.0,9.9761,0.016,2537.173,278.0,12.0,266.0,187.0,0.0,0.0,0.0,406,132
34,56,544,896,560,912,-82.4,-12.0,-773.8,-703.4,1,580,148480.0,281.0,9.9819,0.0159,2520.699,173.0,3.0,170.0,125.0,1.0,0.0,1.0,272,102
35,56,560,896,576,912,-12.0,58.4,-773.8,-703.4,1,581,148736.0,286.0,9.9935,0.0157,2537.01,86.0,0.0,86.0,58.0,0.0,0.0,0.0,154,62
36,56,576,896,592,912,58.4,128.8,-773.8,-703.4,1,581,148736.0,289.0,10.011,0.0157,2601.6646,44.0,1.0,43.0,19.0,0.0,0.0,0.0,62,27
37,56,592,896,608,912,128.8,199.2,-773.8,-703.4,1,574,146944.0,292.0,9.9645,0.0156,2617.941,23.0,0.0,23.0,16.0,0.0,0.0,0.0,34,13
38,56,608,896,624,912,199.2,269.6,-773.8,-703.4,1,553,141568.0,292.0,9.8445,0.0155,2391.3775,47.0,1.0,46.0,3.0,0.0,0.0,0.0,19,8
39,56,624,896,640,912,269.6,340.0,-773.8,-703.4,1,466,119296.0,235.0,7.5734,0.0154,1060.3626,15.0,0.0,15.0,5.0,0.0,0.0,0.0,16,7
40,56,640,896,656,912,340.0,410.4,-773.8,-703.4,1,396,101376.0,220.0,7.3371,0.0153,688.4716,12.0,5.0,7.0,1.0,0.0,0.0,0.0,12,4
41,56,656,896,672,912,410.4,480.8,-773.8,-703.4,1,346,88576.0,182.0,6.9035,0.0151,221.5059,10.0,6.0,4.0,1.0,0.0,0.0,0.0,8,3
3,57,48,912,64,928,-2264.8,-2194.4,-844.2,-773.8,1,471,120576.0,202.0,7.2199,0.0121,500.7806,0.0,0.0,0.0,0.0,0.0,0.0,0.0,0,0
4,57,64,912,80,928,-2194.4,-2124.0,-844.2,-773.8,1,525,134400.0,214.0,7.3972,0.0123,654.9165,0.0,0.0,0.0,0.0,0.0,0.0,0.0,0,0
5,57,80,912,96,928,-2124.0,-2053.6,-844.2,-773.8,1,535,136960.0,216.0,7.4292,0.0125,676.1706,2.0,0.0,2.0,0.0,0.0,0.0,0.0,2,1
6,57,96,912,112,928,-2053.6,-1983.2,-844.2,-773.8,1,538,137728.0,221.0,7.4389,0.0127,686.2945,1.0,0.0,1.0,0.0,0.0,0.0,0.0,1,1
7,57,112,912,128,928,-1983.2,-1912.8,-844.2,-773.8,1,538,137728.0,221.0,7.4389,0.0128,676.5588,1.0,1.0,0.0,0.0,0.0,0.0,0.0,1,1
8,57,128,912,144,928,-1912.8,-1842.4,-844.2,-773.8,1,543,139008.0,221.0,7.455,0.013,705.0816,5.0,5.0,0.0,0.0,0.0,0.0,0.0,4,1
9,57,144,912,160,928,-1842.4,-1772.0,-844.2,-773.8,1,545,139520.0,222.0,7.4615,0.0132,717.8203,5.0,4.0,1.0,0.0,0.0,0.0,0.0,6,2
10,57,160,912,176,928,-1772.0,-1701.6,-844.2,-773.8,1,542,138752.0,221.0,7.4518,0.0133,687.5087,14.0,5.0,9.0,0.0,0.0,0.0,0.0,18,9
11,57,176,912,192,928,-1701.6,-1631.2,-844.2,-773.8,1,543,139008.0,221.0,7.4485,0.0135,689.3675,14.0,6.0,8.0,0.0,0.0,0.0,0.0,19,9
12,57,192,912,208,928,-1631.2,-1560.8,-844.2,-773.8,1,546,139776.0,223.0,7.4615,0.0137,723.0808,5.0,2.0,3.0,0.0,0.0,0.0,0.0,8,4
13,57,208,912,224,928,-1560.8,-1490.4,-844.2,-773.8,1,549,140544.0,223.0,7.4745,0.0138,746.206,4.0,3.0,1.0,0.0,0.0,0.0,0.0,6,3
14,57,224,912,240,928,-1490.4,-1420.0,-844.2,-773.8,1,550,140800.0,223.0,7.4777,0.014,760.7859,10.0,5.0,5.0,1.0,0.0,0.0,0.0,12,6
15,57,240,912,256,928,-1420.0,-1349.6,-844.2,-773.8,1,545,139520.0,225.0,7.4518,0.0142,732.7168,14.0,5.0,9.0,3.0,0.0,0.0,0.0,18,9
16,57,256,912,272,928,-1349.6,-1279.2,-844.2,-773.8,1,549,140544.0,241.0,9.3462,0.0143,1576.8756,11.0,2.0,9.0,2.0,0.0,0.0,0.0,18,8
17,57,272,912,288,928,-1279.2,-1208.8,-844.2,-773.8,1,544,139264.0,257.0,9.3922,0.0145,2177.9336,22.0,1.0,21.0,15.0,0.0,0.0,0.0,34,16
18,57,288,912,304,928,-1208.8,-1138.4,-844.2,-773.8,1,535,136960.0,267.0,9.4076,0.0147,2205.8104,8229.0,0.0,8229.0,140.0,1.0,0.0,1.0,129,90
19,57,304,912,320,928,-1138.4,-1068.0,-844.2,-773.8,1,506,129536.0,222.0,8.3506,0.0149,791.2611,6282.0,3.0,6279.0,176.0,0.0,0.0,0.0,212,113
20,57,320,912,336,928,-1068.0,-997.6,-844.2,-773.8,1,499,127744.0,208.0,7.2565,0.0151,471.1205,6813.0,3.0,6810.0,211.0,0.0,0.0,0.0,282,131
21,57,336,912,352,928,-997.6,-927.2,-844.2,-773.8,1,499,127744.0,209.0,7.2688,0.0152,486.5068,245.0,5.0,240.0,209.0,0.0,0.0,0.0,342,128
22,57,352,912,368,928,-927.2,-856.8,-844.2,-773.8,1,491,125696.0,205.0,7.2412,0.0154,421.4608,215.0,4.0,211.0,181.0,0.0,0.0,0.0,390,142
23,57,368,912,384,928,-856.8,-786.4,-844.2,-773.8,1,480,122880.0,202.0,7.2138,0.0155,363.2343,13365.0,3.0,13362.0,414.0,4.0,0.0,4.0,504,196
24,57,384,912,400,928,-786.4,-716.0,-844.2,-773.8,1,475,121600.0,198.0,7.1957,0.0157,342.7309,9126.0,2.0,9124.0,374.0,1.0,0.0,1.0,537,192
25,57,400,912,416,928,-716.0,-645.6,-844.2,-773.8,1,451,115456.0,190.0,7.0946,0.0158,239.2513,8462.0,1.0,8461.0,351.0,0.0,0.0,0.0,526,186
26,57,416,912,432,928,-645.6,-575.2,-844.2,-773.8,1,429,109824.0,187.0,7.0278,0.0159,200.4363,303.0,1.0,302.0,235.0,0.0,0.0,0.0,458,156
27,57,432,912,448,928,-575.2,-504.8,-844.2,-773.8,1,420,107520.0,203.0,7.0509,0.016,292.2368,296.0,2.0,294.0,237.0,0.0,0.0,0.0,424,139
28,57,448,912,464,928,-504.8,-434.4,-844.2,-773.8,1,551,141056.0,312.0,10.8458,0.0159,8202.0321,10351.0,2.0,10349.0,364.0,2.0,0.0,2.0,429,165
29,57,464,912,480,928,-434.4,-364.0,-844.2,-773.8,1,559,143104.0,366.0,11.3251,0.0159,8011.0511,19226.0,0.0,19226.0,521.0,2.0,0.0,2.0,441,186
30,57,480,912,496,928,-364.0,-293.6,-844.2,-773.8,1,506,129536.0,349.0,10.7845,0.0159,3226.2691,211.0,4.0,207.0,179.0,0.0,0.0,0.0,350,123
31,57,496,912,512,928,-293.6,-223.2,-844.2,-773.8,1,516,132096.0,277.0,8.7731,0.0159,2281.1114,153.0,2.0,151.0,114.0,0.0,0.0,0.0,238,88
32,57,512,912,528,928,-223.2,-152.8,-844.2,-773.8,1,565,144640.0,286.0,9.7996,0.0158,2629.3625,123.0,5.0,118.0,75.0,0.0,0.0,0.0,161,61
33,57,528,912,544,928,-152.8,-82.4,-844.2,-773.8,1,588,150528.0,287.0,10.0579,0.0157,2726.4608,61.0,1.0,60.0,36.0,0.0,0.0,0.0,94,34
34,57,544,912,560,928,-82.4,-12.0,-844.2,-773.8,1,590,151040.0,288.0,10.0462,0.0156,2748.7421,34.0,0.0,34.0,23.0,0.0,0.0,0.0,52,23
35,57,560,912,576,928,-12.0,58.4,-844.2,-773.8,1,585,149760.0,287.0,10.0169,0.0155,2714.7254,15.0,0.0,15.0,8.0,0.0,0.0,0.0,22,10
36,57,576,912,592,928,58.4,128.8,-844.2,-773.8,1,585,149760.0,291.0,10.0344,0.0154,2712.9903,19.0,1.0,18.0,8.0,0.0,0.0,0.0,24,11
37,57,592,912,608,928,128.8,199.2,-844.2,-773.8,1,572,146432.0,296.0,9.9761,0.0153,2684.274,9.0,0.0,9.0,6.0,0.0,0.0,0.0,10,5
38,57,608,912,624,928,199.2,269.6,-844.2,-773.8,1,531,135936.0,286.0,9.6617,0.0152,2356.6546,11.0,1.0,10.0,1.0,0.0,0.0,0.0,9,5
39,57,624,912,640,928,269.6,340.0,-844.2,-773.8,1,452,115712.0,228.0,7.5269,0.0151,953.8938,4.0,2.0,2.0,0.0,0.0,0.0,0.0,4,2
40,57,640,912,656,928,340.0,410.4,-844.2,-773.8,1,399,102144.0,208.0,7.2078,0.015,641.0365,50.0,50.0,0.0,0.0,0.0,0.0,0.0,6,1
41,57,656,912,672,928,410.4,480.8,-844.2,-773.8,1,366,93696.0,185.0,6.9651,0.0148,313.865,2.0,2.0,0.0,0.0,0.0,0.0,0.0,2,1
3,58,48,928,64,944,-2264.8,-2194.4,-914.6,-844.2,1,497,127232.0,214.0,7.309,0.012,638.3084,0.0,0.0,0.0,0.0,0.0,0.0,0.0,0,0
4,58,64,928,80,944,-2194.4,-2124.0,-914.6,-844.2,1,531,135936.0,216.0,7.4164,0.0122,689.4664,2.0,0.0,2.0,0.0,0.0,0.0,0.0,2,1
5,58,80,928,96,944,-2124.0,-2053.6,-914.6,-844.2,1,539,137984.0,218.0,7.4421,0.0123,710.2535,0.0,0.0,0.0,0.0,0.0,0.0,0.0,0,0
6,58,96,928,112,944,-2053.6,-1983.2,-914.6,-844.2,1,541,138496.0,221.0,7.4485,0.0125,711.1205,0.0,0.0,0.0,0.0,0.0,0.0,0.0,0,0
7,58,112,928,128,944,-1983.2,-1912.8,-914.6,-844.2,1,542,138752.0,221.0,7.4518,0.0127,700.3672,2.0,0.0,2.0,0.0,0.0,0.0,0.0,2,1
8,58,128,928,144,944,-1912.8,-1842.4,-914.6,-844.2,1,545,139520.0,221.0,7.4615,0.0128,724.9776,0.0,0.0,0.0,0.0,0.0,0.0,0.0,0,0
9,58,144,928,160,944,-1842.4,-1772.0,-914.6,-844.2,1,549,140544.0,224.0,7.4745,0.013,754.2609,4.0,4.0,0.0,0.0,0.0,0.0,0.0,2,1
10,58,160,928,176,944,-1772.0,-1701.6,-914.6,-844.2,1,546,139776.0,223.0,7.4647,0.0132,722.1331,1.0,0.0,1.0,0.0,0.0,0.0,0.0,2,1
11,58,176,928,192,944,-1701.6,-1631.2,-914.6,-844.2,1,547,140032.0,221.0,7.4615,0.0133,728.5083,7.0,3.0,4.0,0.0,0.0,0.0,0.0,12,6
12,58,192,928,208,944,-1631.2,-1560.8,-914.6,-844.2,1,552,141312.0,227.0,7.6103,0.0135,820.1908,12.0,5.0,7.0,0.0,0.0,0.0,0.0,18,8
13,58,208,928,224,944,-1560.8,-1490.4,-914.6,-844.2,1,553,141568.0,230.0,7.6171,0.0137,843.6602,9.0,4.0,5.0,0.0,0.0,0.0,0.0,14,6
14,58,224,928,240,944,-1490.4,-1420.0,-914.6,-844.2,1,559,143104.0,238.0,7.7233,0.0138,941.8176,6.0,3.0,3.0,0.0,0.0,0.0,0.0,10,5
15,58,240,928,256,944,-1420.0,-1349.6,-914.6,-844.2,1,554,141824.0,239.0,7.7025,0.014,891.7797,5.0,4.0,1.0,0.0,0.0,0.0,0.0,6,3
16,58,256,928,272,944,-1349.6,-1279.2,-914.6,-844.2,1,559,143104.0,244.0,7.7372,0.0142,987.2886,6.0,1.0,5.0,1.0,0.0,0.0,0.0,10,4
17,58,272,928,288,944,-1279.2,-1208.8,-914.6,-844.2,1,560,143360.0,267.0,9.6184,0.0143,2387.6363,4.0,1.0,3.0,1.0,0.0,0.0,0.0,8,3
18,58,288,928,304,944,-1208.8,-1138.4,-914.6,-844.2,1,553,141568.0,270.0,9.5595,0.0145,2313.7587,10.0,2.0,8.0,5.0,0.0,0.0,0.0,14,6
19,58,304,928,320,944,-1138.4,-1068.0,-914.6,-844.2,1,535,136960.0,261.0,9.3411,0.0147,1987.2428,23.0,2.0,21.0,17.0,0.0,0.0,0.0,42,18
20,58,320,928,336,944,-1068.0,-997.6,-914.6,-844.2,1,512,131072.0,211.0,7.3153,0.0149,578.9052,41.0,3.0,38.0,31.0,0.0,0.0,0.0,64,28
21,58,336,928,352,944,-997.6,-927.2,-914.6,-844.2,1,509,130304.0,211.0,7.3059,0.015,575.5142,59.0,3.0,56.0,45.0,0.0,0.0,0.0,84,34
22,58,352,928,368,944,-927.2,-856.8,-914.6,-844.2,1,504,129024.0,208.0,7.2904,0.0152,544.4158,79.0,1.0,78.0,62.0,1.0,0.0,1.0,107,39
23,58,368,928,384,944,-856.8,-786.4,-914.6,-844.2,1,495,126720.0,206.0,7.2596,0.0153,471.9038,75.0,1.0,74.0,63.0,0.0,0.0,0.0,110,39
24,58,384,928,400,944,-786.4,-716.0,-914.6,-844.2,1,488,124928.0,203.0,7.2382,0.0155,428.0493,107.0,4.0,103.0,94.0,0.0,0.0,0.0,148,55
25,58,400,928,416,944,-716.0,-645.6,-914.6,-844.2,1,481,123136.0,199.0,7.2351,0.0156,411.016,97.0,5.0,92.0,85.0,1.0,0.0,1.0,136,50
26,58,416,928,432,944,-645.6,-575.2,-914.6,-844.2,1,469,120064.0,199.0,7.1776,0.0156,370.3424,67.0,5.0,62.0,54.0,0.0,0.0,0.0,120,44
27,58,432,928,448,944,-575.2,-504.8,-914.6,-844.2,1,476,121856.0,266.0,7.9046,0.0157,2516.189,78.0,4.0,74.0,60.0,0.0,0.0,0.0,112,49
28,58,448,928,464,944,-504.8,-434.4,-914.6,-844.2,1,602,154112.0,367.0,11.5849,0.0157,10768.9777,82.0,5.0,77.0,69.0,0.0,0.0,0.0,115,44
29,58,464,928,480,944,-434.4,-364.0,-914.6,-844.2,1,608,155648.0,380.0,11.6954,0.0156,9517.1233,45.0,3.0,42.0,33.0,0.0,0.0,0.0,72,31
30,58,480,928,496,944,-364.0,-293.6,-914.6,-844.2,1,572,146432.0,381.0,11.3777,0.0156,4868.3461,37.0,5.0,32.0,26.0,0.0,0.0,0.0,64,29
31,58,496,928,512,944,-293.6,-223.2,-914.6,-844.2,1,574,146944.0,301.0,9.9819,0.0156,3114.6837,25.0,3.0,22.0,14.0,0.0,0.0,0.0,40,19
32,58,512,928,528,944,-223.2,-152.8,-914.6,-844.2,1,601,153856.0,296.0,10.2135,0.0155,3155.5066,22.0,3.0,19.0,8.0,0.0,0.0,0.0,36,16
33,58,528,928,544,944,-152.8,-82.4,-914.6,-844.2,1,601,153856.0,290.0,10.1411,0.0154,3037.0375,15.0,0.0,15.0,7.0,0.0,0.0,0.0,20,10
34,58,544,928,560,944,-82.4,-12.0,-914.6,-844.2,1,599,153344.0,294.0,10.1351,0.0153,3009.974,25.0,0.0,25.0,6.0,1.0,0.0,1.0,24,10
35,58,560,928,576,944,-12.0,58.4,-914.6,-844.2,1,594,152064.0,295.0,10.0934,0.0152,2929.9871,15.0,0.0,15.0,2.0,0.0,0.0,0.0,16,8
36,58,576,928,592,944,58.4,128.8,-914.6,-844.2,1,589,150784.0,298.0,10.0756,0.0151,2985.0326,13.0,3.0,10.0,1.0,0.0,0.0,0.0,16,7
37,58,592,928,608,944,128.8,199.2,-914.6,-844.2,1,571,146176.0,298.0,9.9703,0.015,2727.0726,15.0,2.0,13.0,1.0,0.0,0.0,0.0,12,6
38,58,608,928,624,944,199.2,269.6,-914.6,-844.2,1,496,126976.0,241.0,7.6887,0.015,1267.705,17.0,0.0,17.0,0.0,0.0,0.0,0.0,6,3
39,58,624,928,640,944,269.6,340.0,-914.6,-844.2,1,448,114688.0,227.0,7.5105,0.0148,965.8891,2.0,0.0,2.0,0.0,0.0,0.0,0.0,1,1
40,58,640,928,656,944,340.0,410.4,-914.6,-844.2,1,403,103168.0,201.0,7.2199,0.0147,646.716,0.0,0.0,0.0,0.0,0.0,0.0,0.0,0,0
41,58,656,928,672,944,410.4,480.8,-914.6,-844.2,1,377,96512.0,187.0,6.9963,0.0145,359.1442,0.0,0.0,0.0,0.0,0.0,0.0,0.0,0,0
3,59,48,944,64,960,-2264.8,-2194.4,-985.0,-914.6,1,506,129536.0,214.0,7.3371,0.0118,634.8689,0.0,0.0,0.0,0.0,0.0,0.0,0.0,0,0
4,59,64,944,80,960,-2194.4,-2124.0,-985.0,-914.6,1,531,135936.0,217.0,7.4164,0.012,702.389,3.0,0.0,3.0,0.0,0.0,0.0,0.0,1,1
5,59,80,944,96,960,-2124.0,-2053.6,-985.0,-914.6,1,540,138240.0,220.0,7.4453,0.0122,712.1981,4.0,0.0,4.0,0.0,0.0,0.0,0.0,6,2
6,59,96,944,112,960,-2053.6,-1983.2,-985.0,-914.6,1,542,138752.0,223.0,7.4518,0.0123,722.3333,7.0,0.0,7.0,0.0,0.0,0.0,0.0,8,3
7,59,112,944,128,960,-1983.2,-1912.8,-985.0,-914.6,1,544,139264.0,227.0,7.5868,0.0125,766.6359,14.0,0.0,14.0,0.0,1.0,0.0,1.0,3,2
8,59,128,944,144,960,-1912.8,-1842.4,-985.0,-914.6,1,551,141056.0,230.0,7.6103,0.0127,840.7912,1.0,0.0,1.0,0.0,0.0,0.0,0.0,2,1
9,59,144,944,160,960,-1842.4,-1772.0,-985.0,-914.6,1,549,140544.0,230.0,7.6036,0.0128,811.2586,0.0,0.0,0.0,0.0,0.0,0.0,0.0,0,0
10,59,160,944,176,960,-1772.0,-1701.6,-985.0,-914.6,1,552,141312.0,234.0,7.6922,0.013,854.6715,0.0,0.0,0.0,0.0,0.0,0.0,0.0,0,0
11,59,176,944,192,960,-1701.6,-1631.2,-985.0,-914.6,1,555,142080.0,235.0,7.7025,0.0131,865.8173,2.0,0.0,2.0,0.0,0.0,0.0,0.0,2,1
12,59,192,944,208,960,-1631.2,-1560.8,-985.0,-914.6,1,559,143104.0,239.0,7.7198,0.0133,934.2073,9.0,1.0,8.0,0.0,0.0,0.0,0.0,6,3
13,59,208,944,224,960,-1560.8,-1490.4,-985.0,-914.6,1,565,144640.0,242.0,7.7652,0.0135,1034.6847,8.0,4.0,4.0,0.0,0.0,0.0,0.0,14,7
14,59,224,944,240,960,-1490.4,-1420.0,-985.0,-914.6,1,568,145408.0,242.0,7.7793,0.0136,1105.7938,9.0,3.0,6.0,0.0,0.0,0.0,0.0,14,7
15,59,240,944,256,960,-1420.0,-1349.6,-985.0,-914.6,1,565,144640.0,242.0,7.7758,0.0138,1100.157,9.0,3.0,6.0,0.0,0.0,0.0,0.0,12,6
16,59,256,944,272,960,-1349.6,-1279.2,-985.0,-914.6,1,569,145664.0,244.0,7.7899,0.014,1200.2909,7.0,4.0,3.0,0.0,0.0,0.0,0.0,10,5
17,59,272,944,288,960,-1279.2,-1208.8,-985.0,-914.6,1,565,144640.0,258.0,9.6077,0.0142,1909.1599,8.0,3.0,5.0,0.0,0.0,0.0,0.0,10,5
18,59,288,944,304,960,-1208.8,-1138.4,-985.0,-914.6,1,564,144384.0,274.0,9.6292,0.0143,2963.5035,7.0,4.0,3.0,0.0,0.0,0.0,0.0,8,4
19,59,304,944,320,960,-1138.4,-1068.0,-985.0,-914.6,1,545,139520.0,272.0,9.5119,0.0145,2556.5135,8.0,6.0,2.0,1.0,0.0,0.0,0.0,10,5
20,59,320,944,336,960,-1068.0,-997.6,-985.0,-914.6,1,523,133888.0,213.0,7.3591,0.0147,729.746,18.0,3.0,15.0,14.0,0.0,0.0,0.0,12,6
21,59,336,944,352,960,-997.6,-927.2,-985.0,-914.6,1,512,131072.0,211.0,7.3184,0.0148,630.4642,15.0,10.0,5.0,4.0,0.0,0.0,0.0,12,6
22,59,352,944,368,960,-927.2,-856.8,-985.0,-914.6,1,510,130560.0,211.0,7.3121,0.015,631.2406,11.0,1.0,10.0,7.0,0.0,0.0,0.0,18,8
23,59,368,944,384,960,-856.8,-786.4,-985.0,-914.6,1,504,129024.0,207.0,7.2935,0.0151,573.3498,13.0,1.0,12.0,7.0,0.0,0.0,0.0,22,10
24,59,384,944,400,960,-786.4,-716.0,-985.0,-914.6,1,496,126976.0,206.0,7.2935,0.0152,528.8119,28.0,1.0,27.0,18.0,0.0,0.0,0.0,32,13
25,59,400,944,416,960,-716.0,-645.6,-985.0,-914.6,1,497,127232.0,206.0,7.3059,0.0153,588.7633,41.0,0.0,41.0,29.0,0.0,0.0,0.0,45,17
26,59,416,944,432,960,-645.6,-575.2,-985.0,-914.6,1,496,126976.0,222.0,8.1952,0.0153,1258.1227,40.0,3.0,37.0,26.0,0.0,0.0,0.0,48,22
27,59,432,944,448,960,-575.2,-504.8,-985.0,-914.6,1,548,140288.0,352.0,10.8733,0.0154,5677.6399,31.0,3.0,28.0,17.0,0.0,0.0,0.0,52,23
28,59,448,944,464,960,-504.8,-434.4,-985.0,-914.6,1,646,165376.0,377.0,11.9394,0.0154,13079.7248,30.0,3.0,27.0,16.0,0.0,0.0,0.0,48,22
29,59,464,944,480,960,-434.4,-364.0,-985.0,-914.6,1,659,168704.0,389.0,12.1164,0.0154,12036.368,33.0,5.0,28.0,18.0,0.0,0.0,0.0,48,22
30,59,480,944,496,960,-364.0,-293.6,-985.0,-914.6,1,642,164352.0,409.0,11.9727,0.0153,7736.8817,36.0,7.0,29.0,18.0,0.0,0.0,0.0,44,19
31,59,496,944,512,960,-293.6,-223.2,-985.0,-914.6,1,605,154880.0,318.0,10.3489,0.0153,3798.7345,16.0,1.0,15.0,2.0,0.0,0.0,0.0,22,10
32,59,512,944,528,960,-223.2,-152.8,-985.0,-914.6,1,618,158208.0,301.0,10.3365,0.0152,3649.1627,15.0,2.0,13.0,5.0,0.0,0.0,0.0,24,12
33,59,528,944,544,960,-152.8,-82.4,-985.0,-914.6,1,615,157440.0,299.0,10.2746,0.0152,3524.6809,12.0,1.0,11.0,6.0,0.0,0.0,0.0,20,8
34,59,544,944,560,960,-82.4,-12.0,-985.0,-914.6,1,608,155648.0,296.0,10.1893,0.0151,3323.2238,12.0,2.0,10.0,2.0,0.0,0.0,0.0,14,7
35,59,560,944,576,960,-12.0,58.4,-985.0,-914.6,1,600,153600.0,300.0,10.1591,0.015,3237.9578,11.0,1.0,10.0,1.0,0.0,0.0,0.0,10,5
36,59,576,944,592,960,58.4,128.8,-985.0,-914.6,1,591,151296.0,300.0,10.0934,0.0148,3156.0069,4.0,1.0,3.0,0.0,0.0,0.0,0.0,4,2
37,59,592,944,608,960,128.8,199.2,-985.0,-914.6,1,551,141056.0,292.0,9.7996,0.0148,2783.9702,1.0,0.0,1.0,1.0,0.0,0.0,0.0,2,1
38,59,608,944,624,960,199.2,269.6,-985.0,-914.6,1,489,125184.0,241.0,7.6681,0.0147,1293.9907,0.0,0.0,0.0,0.0,0.0,0.0,0.0,0,0
39,59,624,944,640,960,269.6,340.0,-985.0,-914.6,1,446,114176.0,229.0,7.517,0.0146,963.9682,0.0,0.0,0.0,0.0,0.0,0.0,0.0,0,0
40,59,640,944,656,960,340.0,410.4,-985.0,-914.6,1,405,103680.0,199.0,7.2565,0.0144,652.431,0.0,0.0,0.0,0.0,0.0,0.0,0.0,0,0
41,59,656,944,672,960,410.4,480.8,-985.0,-914.6,1,386,98816.0,190.0,7.022,0.0143,419.6493,0.0,0.0,0.0,0.0,0.0,0.0,0.0,0,0
3,60,48,960,64,976,-2264.8,-2194.4,-1055.4,-985.0,1,516,132096.0,220.0,7.4941,0.0117,742.3518,0.0,0.0,0.0,0.0,0.0,0.0,0.0,0,0
4,60,64,960,80,976,-2194.4,-2124.0,-1055.4,-985.0,1,535,136960.0,224.0,7.5567,0.0118,806.6883,0.0,0.0,0.0,0.0,0.0,0.0,0.0,0,0
5,60,80,960,96,976,-2124.0,-2053.6,-1055.4,-985.0,1,541,138496.0,226.0,7.5767,0.012,790.0288,0.0,0.0,0.0,0.0,0.0,0.0,0.0,0,0
6,60,96,960,112,976,-2053.6,-1983.2,-1055.4,-985.0,1,548,140288.0,235.0,7.6853,0.0122,860.9976,17.0,0.0,17.0,0.0,1.0,0.0,1.0,4,2
7,60,112,960,128,976,-1983.2,-1912.8,-1055.4,-985.0,1,552,141312.0,236.0,7.6991,0.0123,877.0237,4.0,0.0,4.0,0.0,0.0,0.0,0.0,4,2
8,60,128,960,144,976,-1912.8,-1842.4,-1055.4,-985.0,1,557,142592.0,238.0,7.7198,0.0125,953.7203,6.0,0.0,6.0,0.0,0.0,0.0,0.0,6,3
9,60,144,960,160,976,-1842.4,-1772.0,-1055.4,-985.0,1,558,142848.0,239.0,7.7303,0.0126,952.9898,8.0,0.0,8.0,0.0,0.0,0.0,0.0,6,3
10,60,160,960,176,976,-1772.0,-1701.6,-1055.4,-985.0,1,560,143360.0,239.0,7.7442,0.0128,992.7672,5.0,0.0,5.0,0.0,0.0,0.0,0.0,6,3
11,60,176,960,192,976,-1701.6,-1631.2,-1055.4,-985.0,1,561,143616.0,239.0,7.7477,0.013,1020.4736,5.0,0.0,5.0,0.0,0.0,0.0,0.0,6,3
12,60,192,960,208,976,-1631.2,-1560.8,-1055.4,-985.0,1,567,145152.0,243.0,7.7828,0.0131,1139.4584,6.0,0.0,6.0,0.0,0.0,0.0,0.0,6,3
13,60,208,960,224,976,-1560.8,-1490.4,-1055.4,-985.0,1,572,146432.0,243.0,7.8076,0.0133,1221.2827,4.0,0.0,4.0,0.0,0.0,0.0,0.0,4,2
14,60,224,960,240,976,-1490.4,-1420.0,-1055.4,-985.0,1,573,146688.0,243.0,7.8111,0.0135,1255.1812,7.0,1.0,6.0,0.0,0.0,0.0,0.0,8,4
15,60,240,960,256,976,-1420.0,-1349.6,-1055.4,-985.0,1,567,145152.0,241.0,7.7828,0.0136,1178.6064,10.0,2.0,8.0,0.0,0.0,0.0,0.0,14,7
16,60,256,960,272,976,-1349.6,-1279.2,-1055.4,-985.0,1,567,145152.0,243.0,7.7828,0.0138,1214.8643,9.0,4.0,5.0,0.0,0.0,0.0,0.0,12,6
17,60,272,960,288,976,-1279.2,-1208.8,-1055.4,-985.0,1,566,144896.0,259.0,9.5862,0.014,2066.2058,7.0,3.0,4.0,0.0,0.0,0.0,0.0,14,7
18,60,288,960,304,976,-1208.8,-1138.4,-1055.4,-985.0,1,567,145152.0,267.0,9.6563,0.0141,2606.638,12.0,4.0,8.0,0.0,0.0,0.0,0.0,16,8
19,60,304,960,320,976,-1138.4,-1068.0,-1055.4,-985.0,1,551,141056.0,270.0,9.5436,0.0143,2639.3173,15.0,4.0,11.0,0.0,0.0,0.0,0.0,22,11
20,60,320,960,336,976,-1068.0,-997.6,-1055.4,-985.0,1,527,134912.0,235.0,8.5588,0.0144,1446.6972,19.0,3.0,16.0,0.0,0.0,0.0,0.0,25,12
21,60,336,960,352,976,-997.6,-927.2,-1055.4,-985.0,1,517,132352.0,211.0,7.3371,0.0146,748.6781,21.0,4.0,17.0,0.0,0.0,0.0,0.0,26,12
22,60,352,960,368,976,-927.2,-856.8,-1055.4,-985.0,1,514,131584.0,211.0,7.3528,0.0147,786.2075,20.0,4.0,16.0,1.0,0.0,0.0,0.0,30,13
23,60,368,960,384,976,-856.8,-786.4,-1055.4,-985.0,1,506,129536.0,209.0,7.3277,0.0148,702.9384,27.0,3.0,24.0,3.0,1.0,0.0,1.0,32,14
24,60,384,960,400,976,-786.4,-716.0,-1055.4,-985.0,1,501,128256.0,208.0,7.3215,0.0149,690.3169,25.0,4.0,21.0,2.0,0.0,0.0,0.0,30,13
25,60,400,960,416,976,-716.0,-645.6,-1055.4,-985.0,1,507,129792.0,233.0,8.3344,0.015,2235.8295,1015.0,4.0,1011.0,3.0,0.0,0.0,0.0,30,20
26,60,416,960,432,976,-645.6,-575.2,-1055.4,-985.0,1,525,134400.0,265.0,8.4785,0.015,3400.6618,32.0,3.0,29.0,3.0,0.0,0.0,0.0,32,14
27,60,432,960,448,976,-575.2,-504.8,-1055.4,-985.0,1,594,152064.0,378.0,11.3777,0.0151,10586.3005,26.0,2.0,24.0,8.0,0.0,0.0,0.0,28,12
28,60,448,960,464,976,-504.8,-434.4,-1055.4,-985.0,1,694,177664.0,389.0,12.3517,0.0151,20178.9255,47.0,1.0,46.0,33.0,1.0,0.0,1.0,25,11
29,60,464,960,480,976,-434.4,-364.0,-1055.4,-985.0,1,718,183808.0,416.0,12.6895,0.0151,17290.5635,32.0,1.0,31.0,17.0,0.0,0.0,0.0,28,13
30,60,480,960,496,976,-364.0,-293.6,-1055.4,-985.0,1,677,173312.0,416.0,12.2898,0.015,10001.5901,35.0,2.0,33.0,17.0,0.0,0.0,0.0,40,18
31,60,496,960,512,976,-293.6,-223.2,-1055.4,-985.0,1,639,163584.0,328.0,10.5655,0.015,4894.9833,20.0,1.0,19.0,10.0,0.0,0.0,0.0,30,14
32,60,512,960,528,976,-223.2,-152.8,-1055.4,-985.0,1,631,161536.0,307.0,10.4561,0.0149,4312.3502,13.0,0.0,13.0,8.0,0.0,0.0,0.0,18,7
33,60,528,960,544,976,-152.8,-82.4,-1055.4,-985.0,1,618,158208.0,302.0,10.2931,0.0149,3743.7039,13.0,0.0,13.0,4.0,0.0,0.0,0.0,16,6
34,60,544,960,560,976,-82.4,-12.0,-1055.4,-985.0,1,609,155904.0,303.0,10.2318,0.0148,3619.5784,13.0,0.0,13.0,1.0,0.0,0.0,0.0,10,5
35,60,560,960,576,976,-12.0,58.4,-1055.4,-985.0,1,599,153344.0,305.0,10.1893,0.0147,3545.5595,4.0,0.0,4.0,2.0,0.0,0.0,0.0,8,4
36,60,576,960,592,976,58.4,128.8,-1055.4,-985.0,1,586,150016.0,307.0,10.0993,0.0146,3244.0039,7.0,1.0,6.0,3.0,0.0,0.0,0.0,7,4
37,60,592,960,608,976,128.8,199.2,-1055.4,-985.0,1,516,132096.0,247.0,7.7617,0.0145,1537.1939,15.0,0.0,15.0,15.0,0.0,0.0,0.0,2,1
38,60,608,960,624,976,199.2,269.6,-1055.4,-985.0,1,476,121856.0,237.0,7.6238,0.0144,1250.2686,0.0,0.0,0.0,0.0,0.0,0.0,0.0,0,0
39,60,624,960,640,976,269.6,340.0,-1055.4,-985.0,1,439,112384.0,229.0,7.4973,0.0143,965.9542,0.0,0.0,0.0,0.0,0.0,0.0,0.0,0,0
40,60,640,960,656,976,340.0,410.4,-1055.4,-985.0,1,401,102656.0,197.0,7.08,0.0141,522.7754,0.0,0.0,0.0,0.0,0.0,0.0,0.0,0,0
41,60,656,960,672,976,410.4,480.8,-1055.4,-985.0,1,378,96768.0,192.0,7.0134,0.014,384.357,0.0,0.0,0.0,0.0,0.0,0.0,0.0,0,0
9,61,144,976,160,992,-1842.4,-1772.0,-1125.8,-1055.4,1,561,143616.0,239.0,7.7547,0.0125,1136.3841,0.0,0.0,0.0,0.0,0.0,0.0,0.0,0,0
10,61,160,976,176,992,-1772.0,-1701.6,-1125.8,-1055.4,1,566,144896.0,240.0,7.7793,0.0126,1177.8447,0.0,0.0,0.0,0.0,0.0,0.0,0.0,0,0
11,61,176,976,192,992,-1701.6,-1631.2,-1125.8,-1055.4,1,568,145408.0,240.0,7.7863,0.0128,1211.7849,0.0,0.0,0.0,0.0,0.0,0.0,0.0,0,0
12,61,192,976,208,992,-1631.2,-1560.8,-1125.8,-1055.4,1,571,146176.0,242.0,7.797,0.0129,1241.4928,1.0,0.0,1.0,0.0,0.0,0.0,0.0,2,1
13,61,208,976,224,992,-1560.8,-1490.4,-1125.8,-1055.4,1,574,146944.0,243.0,7.8147,0.0131,1281.8937,1.0,0.0,1.0,0.0,0.0,0.0,0.0,2,1
14,61,224,976,240,992,-1490.4,-1420.0,-1125.8,-1055.4,1,573,146688.0,244.0,7.8183,0.0133,1340.4599,2.0,0.0,2.0,0.0,0.0,0.0,0.0,2,1
15,61,240,976,256,992,-1420.0,-1349.6,-1125.8,-1055.4,1,570,145920.0,242.0,7.8005,0.0134,1321.2247,7.0,0.0,7.0,0.0,1.0,0.0,1.0,4,2
16,61,256,976,272,992,-1349.6,-1279.2,-1125.8,-1055.4,1,572,146432.0,243.0,7.8076,0.0136,1498.0222,5.0,0.0,5.0,0.0,0.0,0.0,0.0,6,3
17,61,272,976,288,992,-1279.2,-1208.8,-1125.8,-1055.4,1,567,145152.0,250.0,9.6023,0.0137,2035.6502,8.0,0.0,8.0,0.0,0.0,0.0,0.0,6,3
18,61,288,976,304,992,-1208.8,-1138.4,-1125.8,-1055.4,1,564,144384.0,265.0,9.6563,0.0139,2544.0301,5.0,0.0,5.0,0.0,0.0,0.0,0.0,6,3
19,61,304,976,320,992,-1138.4,-1068.0,-1125.8,-1055.4,1,553,141568.0,269.0,9.5702,0.014,2679.7661,4.0,0.0,4.0,0.0,0.0,0.0,0.0,6,3
20,61,320,976,336,992,-1068.0,-997.6,-1125.8,-1055.4,1,539,137984.0,266.0,9.4908,0.0142,2881.3682,0.0,0.0,0.0,0.0,0.0,0.0,0.0,0,0
21,61,336,976,352,992,-997.6,-927.2,-1125.8,-1055.4,1,515,131840.0,212.0,7.3623,0.0143,906.3369,0.0,0.0,0.0,0.0,0.0,0.0,0.0,0,0
22,61,352,976,368,992,-927.2,-856.8,-1125.8,-1055.4,1,506,129536.0,211.0,7.3309,0.0144,885.9487,4.0,0.0,4.0,1.0,0.0,0.0,0.0,6,3
23,61,368,976,384,992,-856.8,-786.4,-1125.8,-1055.4,1,501,128256.0,211.0,7.3246,0.0145,955.0615,1.0,0.0,1.0,0.0,0.0,0.0,0.0,2,1
24,61,384,976,400,992,-786.4,-716.0,-1125.8,-1055.4,1,502,128512.0,241.0,8.3628,0.0146,4580.2032,0.0,0.0,0.0,0.0,0.0,0.0,0.0,0,0
25,61,400,976,416,992,-716.0,-645.6,-1125.8,-1055.4,1,505,129280.0,260.0,8.3873,0.0147,4714.1477,4.0,0.0,4.0,0.0,0.0,0.0,0.0,4,2
26,61,416,976,432,992,-645.6,-575.2,-1125.8,-1055.4,1,500,128000.0,267.0,8.4079,0.0147,6693.9542,0.0,0.0,0.0,0.0,0.0,0.0,0.0,0,0
30,61,480,976,496,992,-364.0,-293.6,-1125.8,-1055.4,1,536,137216.0,407.0,11.1704,0.0147,9584.1206,7.0,0.0,7.0,4.0,0.0,0.0,0.0,10,5
31,61,496,976,512,992,-293.6,-223.2,-1125.8,-1055.4,1,561,143616.0,332.0,10.1053,0.0147,5129.605,44.0,0.0,44.0,24.0,0.0,0.0,0.0,52,14
32,61,512,976,528,992,-223.2,-152.8,-1125.8,-1055.4,1,572,146432.0,305.0,10.0934,0.0146,4205.4676,14.0,1.0,13.0,4.0,0.0,0.0,0.0,14,7
33,61,528,976,544,992,-152.8,-82.4,-1125.8,-1055.4,1,578,147968.0,306.0,10.1172,0.0146,3955.7193,6.0,2.0,4.0,1.0,0.0,0.0,0.0,10,5
34,61,544,976,560,992,-82.4,-12.0,-1125.8,-1055.4,1,573,146688.0,303.0,10.0403,0.0145,3655.8738,4.0,1.0,3.0,3.0,0.0,0.0,0.0,6,2
35,61,560,976,576,992,-12.0,58.4,-1125.8,-1055.4,1,560,143360.0,304.0,9.9588,0.0144,3248.3686,4.0,1.0,3.0,3.0,0.0,0.0,0.0,4,2
36,61,576,976,592,992,58.4,128.8,-1125.8,-1055.4,1,536,137216.0,297.0,9.7606,0.0143,3153.9591,1.0,1.0,0.0,0.0,0.0,0.0,0.0,2,1
37,61,592,976,608,992,128.8,199.2,-1125.8,-1055.4,1,480,122880.0,241.0,7.6476,0.0142,1406.2621,0.0,0.0,0.0,0.0,0.0,0.0,0.0,0,0
30,62,480,992,496,1008,-364.0,-293.6,-1196.2,-1125.8,1,441,112896.0,325.0,9.6726,0.0144,4111.8189,129.0,0.0,129.0,120.0,0.0,0.0,0.0,22,11
31,62,496,992,512,1008,-293.6,-223.2,-1196.2,-1125.8,1,432,110592.0,323.0,9.4076,0.0144,3936.3774,13.0,0.0,13.0,8.0,0.0,0.0,0.0,18,5
32,62,512,992,528,1008,-223.2,-152.8,-1196.2,-1125.8,1,480,122880.0,299.0,9.5969,0.0143,3993.9585,0.0,0.0,0.0,0.0,0.0,0.0,0.0,0,0
33,62,528,992,544,1008,-152.8,-82.4,-1196.2,-1125.8,1,502,128512.0,299.0,9.6835,0.0143,3756.4946,1.0,0.0,1.0,1.0,0.0,0.0,0.0,2,1
34,62,544,992,560,1008,-82.4,-12.0,-1196.2,-1125.8,1,508,130048.0,299.0,9.689,0.0142,3428.5952,0.0,0.0,0.0,0.0,0.0,0.0,0.0,0,0
35,62,560,992,576,1008,-12.0,58.4,-1196.2,-1125.8,1,505,129280.0,299.0,9.64,0.0141,2972.1807,0.0,0.0,0.0,0.0,0.0,0.0,0.0,0,0
36,62,576,992,592,1008,58.4,128.8,-1196.2,-1125.8,1,458,117248.0,245.0,7.5901,0.014,1664.2944,0.0,0.0,0.0,0.0,0.0,0.0,0.0,0,0
37,62,592,992,608,1008,128.8,199.2,-1196.2,-1125.8,1,419,107264.0,236.0,7.4615,0.0139,1266.8407,0.0,0.0,0.0,0.0,0.0,0.0,0.0,0,0
