col,row,px_left,px_top,px_right,px_bottom,world_x_min,world_x_max,world_y_min,world_y_max,walkable,connectivity,isovist_area_px,isovist_perimeter,integration_hh_t,integration_hh_m,choice_t,occ_all,occ_ct,occ_t,occ_early,kills,kills_ct,kills_t,flow,visits_rounds
14,10,224,160,240,176,-2110.0,-2030.0,833.0,913.0,1,467,119552.0,254.0,10.1175,0.0158,300.2145,60.0,60.0,0.0,1.0,0.0,0.0,0.0,16,4
15,10,240,160,256,176,-2030.0,-1950.0,833.0,913.0,1,479,122624.0,261.0,10.2509,0.0161,330.2879,494.0,494.0,0.0,8.0,1.0,1.0,0.0,16,6
16,10,256,160,272,176,-1950.0,-1870.0,833.0,913.0,1,494,126464.0,263.0,10.3977,0.0164,381.3699,9.0,0.0,9.0,0.0,0.0,0.0,0.0,4,1
17,10,272,160,288,176,-1870.0,-1790.0,833.0,913.0,1,503,128768.0,259.0,10.4176,0.0167,395.5318,30.0,28.0,2.0,8.0,0.0,0.0,0.0,6,3
18,10,288,160,304,176,-1790.0,-1710.0,833.0,913.0,1,515,131840.0,267.0,10.5386,0.0169,454.0251,234.0,107.0,127.0,2.0,0.0,0.0,0.0,62,19
19,10,304,160,320,176,-1710.0,-1630.0,833.0,913.0,1,520,133120.0,310.0,10.9631,0.0172,518.3969,156.0,102.0,54.0,0.0,1.0,1.0,0.0,70,19
20,10,320,160,336,176,-1630.0,-1550.0,833.0,913.0,1,533,136448.0,314.0,11.0186,0.0174,586.7505,38.0,24.0,14.0,0.0,0.0,0.0,0.0,25,9
21,10,336,160,352,176,-1550.0,-1470.0,833.0,913.0,1,493,126208.0,285.0,10.498,0.0176,422.7445,73.0,73.0,0.0,0.0,0.0,0.0,0.0,6,2
34,10,544,160,560,176,-510.0,-430.0,833.0,913.0,1,78,19968.0,95.0,5.347,0.0181,187.1785,0.0,0.0,0.0,0.0,0.0,0.0,0.0,0,0
35,10,560,160,576,176,-430.0,-350.0,833.0,913.0,1,99,25344.0,134.0,6.7744,0.0182,487.2238,1.0,0.0,1.0,0.0,0.0,0.0,0.0,2,1
36,10,576,160,592,176,-350.0,-270.0,833.0,913.0,1,118,30208.0,134.0,6.8339,0.0181,696.9104,0.0,0.0,0.0,0.0,0.0,0.0,0.0,0,0
37,10,592,160,608,176,-270.0,-190.0,833.0,913.0,1,155,39680.0,181.0,7.513,0.0181,1552.9305,10.0,0.0,10.0,0.0,0.0,0.0,0.0,12,3
38,10,608,160,624,176,-190.0,-110.0,833.0,913.0,1,192,49152.0,187.0,7.7483,0.018,2459.8423,186.0,0.0,186.0,18.0,0.0,0.0,0.0,34,13
39,10,624,160,640,176,-110.0,-30.0,833.0,913.0,1,223,57088.0,186.0,7.9174,0.0179,3577.687,37.0,3.0,34.0,7.0,0.0,0.0,0.0,36,14
40,10,640,160,656,176,-30.0,50.0,833.0,913.0,1,239,61184.0,186.0,8.0283,0.0179,4170.9859,39.0,4.0,35.0,8.0,0.0,0.0,0.0,36,15
41,10,656,160,672,176,50.0,130.0,833.0,913.0,1,249,63744.0,204.0,8.21,0.0179,4812.223,22.0,0.0,22.0,6.0,0.0,0.0,0.0,18,8
42,10,672,160,688,176,130.0,210.0,833.0,913.0,1,262,67072.0,263.0,9.6085,0.0178,5043.24,37.0,0.0,37.0,18.0,0.0,0.0,0.0,28,10
43,10,688,160,704,176,210.0,290.0,833.0,913.0,1,255,65280.0,261.0,9.5579,0.0176,3794.4614,24.0,4.0,20.0,8.0,0.0,0.0,0.0,22,9
44,10,704,160,720,176,290.0,370.0,833.0,913.0,1,247,63232.0,256.0,9.4912,0.0174,3156.861,4.0,0.0,4.0,3.0,0.0,0.0,0.0,6,3
45,10,720,160,736,176,370.0,450.0,833.0,913.0,1,222,56832.0,234.0,8.1607,0.0172,2058.5514,3.0,0.0,3.0,0.0,0.0,0.0,0.0,4,2
46,10,736,160,752,176,450.0,530.0,833.0,913.0,1,201,51456.0,205.0,7.9754,0.017,1490.2264,14.0,1.0,13.0,4.0,0.0,0.0,0.0,22,10
47,10,752,160,768,176,530.0,610.0,833.0,913.0,1,172,44032.0,177.0,7.5758,0.0168,1135.9945,19.0,0.0,19.0,10.0,0.0,0.0,0.0,16,8
48,10,768,160,784,176,610.0,690.0,833.0,913.0,1,121,30976.0,126.0,6.1436,0.0165,187.5228,44.0,0.0,44.0,0.0,0.0,0.0,0.0,2,1
10,11,160,176,176,192,-2430.0,-2350.0,753.0,833.0,1,438,112128.0,256.0,10.9192,0.0149,351.5984,56.0,36.0,20.0,4.0,1.0,0.0,1.0,32,12
11,11,176,176,192,192,-2350.0,-2270.0,753.0,833.0,1,449,114944.0,244.0,9.72,0.0152,255.0074,381.0,234.0,147.0,18.0,1.0,0.0,1.0,77,25
12,11,192,176,208,192,-2270.0,-2190.0,753.0,833.0,1,456,116736.0,241.0,9.7899,0.0155,269.2418,355.0,306.0,49.0,73.0,1.0,0.0,1.0,215,41
13,11,208,176,224,192,-2190.0,-2110.0,753.0,833.0,1,464,118784.0,245.0,9.8788,0.0158,273.6851,1002.0,944.0,58.0,185.0,1.0,0.0,1.0,314,50
14,11,224,176,240,192,-2110.0,-2030.0,753.0,833.0,1,474,121344.0,252.0,9.9784,0.0162,295.479,572.0,521.0,51.0,12.0,2.0,2.0,0.0,105,30
15,11,240,176,256,192,-2030.0,-1950.0,753.0,833.0,1,483,123648.0,263.0,10.2896,0.0165,340.9929,363.0,322.0,41.0,13.0,3.0,3.0,0.0,122,34
16,11,256,176,272,192,-1950.0,-1870.0,753.0,833.0,1,496,126976.0,266.0,10.4176,0.0168,383.8625,148.0,96.0,52.0,3.0,0.0,0.0,0.0,137,29
17,11,272,176,288,192,-1870.0,-1790.0,753.0,833.0,1,506,129536.0,262.0,10.5081,0.0171,413.1828,281.0,162.0,119.0,3.0,0.0,0.0,0.0,166,29
18,11,288,176,304,192,-1790.0,-1710.0,753.0,833.0,1,518,132608.0,262.0,10.5796,0.0174,449.0356,235.0,112.0,123.0,4.0,0.0,0.0,0.0,187,35
19,11,304,176,320,192,-1710.0,-1630.0,753.0,833.0,1,523,133888.0,283.0,11.0522,0.0176,494.047,246.0,141.0,105.0,3.0,1.0,1.0,0.0,157,34
20,11,320,176,336,192,-1630.0,-1550.0,753.0,833.0,1,543,139008.0,318.0,11.2231,0.0179,620.9522,205.0,26.0,179.0,5.0,0.0,0.0,0.0,144,33
21,11,336,176,352,192,-1550.0,-1470.0,753.0,833.0,1,525,134400.0,306.0,10.9301,0.0181,515.1114,205.0,43.0,162.0,3.0,0.0,0.0,0.0,90,26
22,11,352,176,368,192,-1470.0,-1390.0,753.0,833.0,1,507,129792.0,264.0,10.6313,0.0183,468.7691,158.0,26.0,132.0,8.0,2.0,1.0,1.0,107,27
23,11,368,176,384,192,-1390.0,-1310.0,753.0,833.0,1,506,129536.0,250.0,10.5183,0.0185,477.0989,385.0,13.0,372.0,9.0,0.0,0.0,0.0,118,28
24,11,384,176,400,192,-1310.0,-1230.0,753.0,833.0,1,516,132096.0,272.0,10.5488,0.0187,522.5605,216.0,12.0,204.0,9.0,0.0,0.0,0.0,114,29
25,11,400,176,416,192,-1230.0,-1150.0,753.0,833.0,1,517,132352.0,262.0,10.5488,0.0188,536.7989,132.0,10.0,122.0,11.0,1.0,1.0,0.0,74,26
26,11,416,176,432,192,-1150.0,-1070.0,753.0,833.0,1,521,133376.0,257.0,10.5488,0.0189,589.9847,127.0,4.0,123.0,3.0,0.0,0.0,0.0,28,10
27,11,432,176,448,192,-1070.0,-990.0,753.0,833.0,1,521,133376.0,277.0,10.5488,0.0189,635.5743,54.0,0.0,54.0,0.0,0.0,0.0,0.0,2,1
34,11,544,176,560,192,-510.0,-430.0,753.0,833.0,1,65,16640.0,82.0,5.2566,0.0186,72.3155,2.0,0.0,2.0,0.0,0.0,0.0,0.0,2,1
35,11,560,176,576,192,-430.0,-350.0,753.0,833.0,1,97,24832.0,118.0,6.6421,0.0186,204.5515,3.0,0.0,3.0,1.0,0.0,0.0,0.0,4,2
36,11,576,176,592,192,-350.0,-270.0,753.0,833.0,1,147,37632.0,168.0,7.3706,0.0185,396.5231,20.0,1.0,19.0,6.0,0.0,0.0,0.0,26,13
37,11,592,176,608,192,-270.0,-190.0,753.0,833.0,1,185,47360.0,171.0,7.5863,0.0184,595.8074,139.0,7.0,132.0,43.0,0.0,0.0,0.0,184,44
38,11,608,176,624,192,-190.0,-110.0,753.0,833.0,1,205,52480.0,176.0,7.699,0.0183,916.7615,455.0,12.0,443.0,227.0,0.0,0.0,0.0,460,63
39,11,624,176,640,192,-110.0,-30.0,753.0,833.0,1,222,56832.0,187.0,7.8207,0.0182,1604.4894,375.0,11.0,364.0,193.0,0.0,0.0,0.0,437,62
40,11,640,176,656,192,-30.0,50.0,753.0,833.0,1,217,55552.0,188.0,7.8376,0.0182,2919.1008,358.0,6.0,352.0,191.0,0.0,0.0,0.0,438,62
41,11,656,176,672,192,50.0,130.0,753.0,833.0,1,142,36352.0,174.0,7.2576,0.0182,1384.3647,362.0,11.0,351.0,201.0,0.0,0.0,0.0,450,63
42,11,672,176,688,192,130.0,210.0,753.0,833.0,1,143,36608.0,159.0,7.5338,0.0181,373.8347,359.0,9.0,350.0,210.0,0.0,0.0,0.0,450,63
43,11,688,176,704,192,210.0,290.0,753.0,833.0,1,189,48384.0,168.0,7.9988,0.018,663.4803,315.0,10.0,305.0,179.0,0.0,0.0,0.0,430,63
44,11,704,176,720,192,290.0,370.0,753.0,833.0,1,199,50944.0,161.0,8.0224,0.0178,634.2127,335.0,11.0,324.0,204.0,0.0,0.0,0.0,446,63
45,11,720,176,736,192,370.0,450.0,753.0,833.0,1,198,50688.0,158.0,6.5938,0.0176,572.6943,350.0,10.0,340.0,203.0,0.0,0.0,0.0,454,63
46,11,736,176,752,192,450.0,530.0,753.0,833.0,1,193,49408.0,158.0,6.6058,0.0174,584.049,333.0,8.0,325.0,203.0,0.0,0.0,0.0,462,63
47,11,752,176,768,192,530.0,610.0,753.0,833.0,1,171,43776.0,157.0,6.5423,0.0171,430.2329,368.0,13.0,355.0,194.0,0.0,0.0,0.0,476,63
48,11,768,176,784,192,610.0,690.0,753.0,833.0,1,154,39424.0,159.0,6.4993,0.0168,421.447,25.0,0.0,25.0,0.0,0.0,0.0,0.0,18,6
10,12,160,192,176,208,-2430.0,-2350.0,673.0,753.0,1,447,114432.0,265.0,11.0973,0.0151,484.3999,268.0,263.0,5.0,14.0,0.0,0.0,0.0,38,15
11,12,176,192,192,208,-2350.0,-2270.0,673.0,753.0,1,457,116992.0,271.0,11.2115,0.0155,511.464,72.0,66.0,6.0,2.0,0.0,0.0,0.0,42,16
12,12,192,192,208,208,-2270.0,-2190.0,673.0,753.0,1,463,118528.0,260.0,11.1427,0.0158,397.8319,765.0,747.0,18.0,138.0,1.0,1.0,0.0,146,38
13,12,208,192,224,208,-2190.0,-2110.0,673.0,753.0,1,464,118784.0,249.0,9.8609,0.0162,280.9838,521.0,470.0,51.0,95.0,2.0,2.0,0.0,529,63
14,12,224,192,240,208,-2110.0,-2030.0,673.0,753.0,1,474,121344.0,253.0,9.9601,0.0165,310.8372,203.0,137.0,66.0,33.0,0.0,0.0,0.0,123,39
15,12,240,192,256,208,-2030.0,-1950.0,673.0,753.0,1,489,125184.0,267.0,10.3483,0.0168,362.8766,358.0,276.0,82.0,7.0,0.0,0.0,0.0,199,41
16,12,256,192,272,208,-1950.0,-1870.0,673.0,753.0,1,499,127744.0,267.0,10.4476,0.0172,400.6036,107.0,40.0,67.0,1.0,1.0,0.0,1.0,128,30
17,12,272,192,288,208,-1870.0,-1790.0,673.0,753.0,1,510,130560.0,266.0,10.5488,0.0175,428.7092,194.0,44.0,150.0,0.0,5.0,2.0,3.0,126,27
18,12,288,192,304,208,-1790.0,-1710.0,673.0,753.0,1,525,134400.0,264.0,10.7044,0.0178,481.9529,174.0,54.0,120.0,2.0,2.0,1.0,1.0,140,31
19,12,304,192,320,208,-1710.0,-1630.0,673.0,753.0,1,521,133376.0,264.0,10.6002,0.0181,459.6456,144.0,22.0,122.0,2.0,0.0,0.0,0.0,97,25
20,12,320,192,336,208,-1630.0,-1550.0,673.0,753.0,1,529,135424.0,314.0,11.1427,0.0183,549.9335,235.0,12.0,223.0,7.0,0.0,0.0,0.0,119,28
21,12,336,192,352,208,-1550.0,-1470.0,673.0,753.0,1,535,136960.0,309.0,11.1313,0.0186,595.5423,190.0,25.0,165.0,8.0,0.0,0.0,0.0,193,38
22,12,352,192,368,208,-1470.0,-1390.0,673.0,753.0,1,517,132352.0,267.0,10.8322,0.0188,506.2821,211.0,16.0,195.0,8.0,1.0,0.0,1.0,178,33
23,12,368,192,384,208,-1390.0,-1310.0,673.0,753.0,1,514,131584.0,253.0,10.7044,0.019,509.214,124.0,15.0,109.0,7.0,0.0,0.0,0.0,135,30
24,12,384,192,400,208,-1310.0,-1230.0,673.0,753.0,1,532,136192.0,279.0,10.7893,0.0192,596.1427,134.0,11.0,123.0,10.0,0.0,0.0,0.0,142,31
25,12,400,192,416,208,-1230.0,-1150.0,673.0,753.0,1,540,138240.0,275.0,10.7893,0.0193,642.2793,244.0,14.0,230.0,15.0,0.0,0.0,0.0,221,36
26,12,416,192,432,208,-1150.0,-1070.0,673.0,753.0,1,537,137472.0,276.0,10.7361,0.0195,652.029,181.0,10.0,171.0,12.0,2.0,0.0,2.0,108,35
27,12,432,192,448,208,-1070.0,-990.0,673.0,753.0,1,542,138752.0,291.0,10.7893,0.0195,693.299,10.0,0.0,10.0,5.0,0.0,0.0,0.0,4,2
34,12,544,192,560,208,-510.0,-430.0,673.0,753.0,1,146,37376.0,156.0,7.1293,0.019,144.2689,45.0,0.0,45.0,28.0,0.0,0.0,0.0,18,7
35,12,560,192,576,208,-430.0,-350.0,673.0,753.0,1,212,54272.0,164.0,7.4007,0.0189,161.4627,71.0,6.0,65.0,22.0,0.0,0.0,0.0,86,28
36,12,576,192,592,208,-350.0,-270.0,673.0,753.0,1,233,59648.0,157.0,7.3957,0.0187,112.2794,262.0,7.0,255.0,119.0,0.0,0.0,0.0,263,47
37,12,592,192,608,208,-270.0,-190.0,673.0,753.0,1,239,61184.0,149.0,7.3607,0.0186,81.9641,393.0,6.0,387.0,199.0,0.0,0.0,0.0,428,62
38,12,608,192,624,208,-190.0,-110.0,673.0,753.0,1,238,60928.0,137.0,6.9695,0.0184,71.2055,7.0,0.0,7.0,3.0,0.0,0.0,0.0,14,7
42,12,672,192,688,208,130.0,210.0,673.0,753.0,1,107,27392.0,105.0,5.6671,0.0184,63.3628,0.0,0.0,0.0,0.0,0.0,0.0,0.0,0,0
43,12,688,192,704,208,210.0,290.0,673.0,753.0,1,186,47616.0,162.0,7.9754,0.0183,577.9453,1.0,0.0,1.0,0.0,0.0,0.0,0.0,2,1
44,12,704,192,720,208,290.0,370.0,673.0,753.0,1,194,49664.0,160.0,8.0047,0.0182,587.6169,1.0,0.0,1.0,0.0,0.0,0.0,0.0,2,1
45,12,720,192,736,208,370.0,450.0,673.0,753.0,1,195,49920.0,154.0,6.5779,0.018,493.9095,18.0,18.0,0.0,0.0,0.0,0.0,0.0,2,2
46,12,736,192,752,208,450.0,530.0,673.0,753.0,1,186,47616.0,155.0,6.57,0.0177,466.7062,26.0,0.0,26.0,3.0,0.0,0.0,0.0,6,1
47,12,752,192,768,208,530.0,610.0,673.0,753.0,1,170,43520.0,154.0,6.5266,0.0175,426.0676,462.0,16.0,446.0,297.0,0.0,0.0,0.0,464,63
48,12,768,192,784,208,610.0,690.0,673.0,753.0,1,146,37376.0,155.0,6.4227,0.0172,298.2194,8.0,0.0,8.0,6.0,0.0,0.0,0.0,12,6
49,12,784,192,800,208,690.0,770.0,673.0,753.0,1,137,35072.0,119.0,5.4296,0.0169,151.9721,8.0,3.0,5.0,5.0,0.0,0.0,0.0,12,6
50,12,800,192,816,208,770.0,850.0,673.0,753.0,1,137,35072.0,118.0,5.4215,0.0165,176.3805,10.0,1.0,9.0,8.0,0.0,0.0,0.0,14,4
51,12,816,192,832,208,850.0,930.0,673.0,753.0,1,143,36608.0,126.0,5.4982,0.0162,286.8301,9.0,0.0,9.0,7.0,0.0,0.0,0.0,10,3
52,12,832,192,848,208,930.0,1010.0,673.0,753.0,1,152,38912.0,145.0,6.196,0.0159,421.0189,4.0,0.0,4.0,2.0,0.0,0.0,0.0,6,3
53,12,848,192,864,208,1010.0,1090.0,673.0,753.0,1,177,45312.0,159.0,6.8597,0.0156,835.7299,1.0,0.0,1.0,0.0,0.0,0.0,0.0,2,1
10,13,160,208,176,224,-2430.0,-2350.0,593.0,673.0,1,436,111616.0,215.0,9.4829,0.0154,191.3763,216.0,214.0,2.0,41.0,0.0,0.0,0.0,56,20
11,13,176,208,192,224,-2350.0,-2270.0,593.0,673.0,1,444,113664.0,245.0,10.7044,0.0158,300.0695,54.0,46.0,8.0,11.0,1.0,1.0,0.0,33,13
12,13,192,208,208,224,-2270.0,-2190.0,593.0,673.0,1,457,116992.0,268.0,11.2115,0.0161,463.3796,191.0,170.0,21.0,35.0,2.0,1.0,1.0,157,44
13,13,208,208,224,224,-2190.0,-2110.0,593.0,673.0,1,461,118016.0,270.0,11.2347,0.0165,466.647,859.0,833.0,26.0,96.0,0.0,0.0,0.0,581,66
14,13,224,208,240,224,-2110.0,-2030.0,593.0,673.0,1,465,119040.0,254.0,9.8609,0.0168,300.3776,108.0,84.0,24.0,16.0,2.0,0.0,2.0,106,28
15,13,240,208,256,224,-2030.0,-1950.0,593.0,673.0,1,480,122880.0,267.0,10.2509,0.0172,356.5375,217.0,170.0,47.0,30.0,1.0,0.0,1.0,139,34
16,13,256,208,272,224,-1950.0,-1870.0,593.0,673.0,1,495,126720.0,269.0,10.3977,0.0175,398.7632,41.0,32.0,9.0,0.0,0.0,0.0,0.0,37,13
17,13,272,208,288,224,-1870.0,-1790.0,593.0,673.0,1,506,129536.0,268.0,10.5081,0.0179,432.0103,143.0,102.0,41.0,0.0,0.0,0.0,0.0,71,26
18,13,288,208,304,224,-1790.0,-1710.0,593.0,673.0,1,524,134144.0,267.0,10.6939,0.0182,490.7929,93.0,45.0,48.0,0.0,0.0,0.0,0.0,89,31
19,13,304,208,320,224,-1710.0,-1630.0,593.0,673.0,1,522,133632.0,266.0,10.6625,0.0185,478.9273,62.0,44.0,18.0,0.0,0.0,0.0,0.0,32,13
20,13,320,208,336,224,-1630.0,-1550.0,593.0,673.0,1,514,131584.0,272.0,10.5183,0.0188,435.8509,16.0,6.0,10.0,0.0,0.0,0.0,0.0,20,9
21,13,336,208,352,224,-1550.0,-1470.0,593.0,673.0,1,540,138240.0,312.0,11.2696,0.0191,627.2431,67.0,0.0,67.0,0.0,0.0,0.0,0.0,24,7
22,13,352,208,368,224,-1470.0,-1390.0,593.0,673.0,1,519,132864.0,267.0,10.9411,0.0193,516.5513,95.0,0.0,95.0,0.0,0.0,0.0,0.0,28,8
23,13,368,208,384,224,-1390.0,-1310.0,593.0,673.0,1,526,134656.0,256.0,10.9192,0.0195,563.0252,82.0,0.0,82.0,0.0,0.0,0.0,0.0,20,8
24,13,384,208,400,224,-1310.0,-1230.0,593.0,673.0,1,540,138240.0,282.0,10.9853,0.0197,628.3322,37.0,0.0,37.0,0.0,0.0,0.0,0.0,24,11
25,13,400,208,416,224,-1230.0,-1150.0,593.0,673.0,1,551,141056.0,281.0,10.9853,0.0199,693.5283,330.0,4.0,326.0,1.0,0.0,0.0,0.0,140,29
26,13,416,208,432,224,-1150.0,-1070.0,593.0,673.0,1,557,142592.0,281.0,10.9742,0.02,746.8566,341.0,12.0,329.0,21.0,0.0,0.0,0.0,278,41
27,13,432,208,448,224,-1070.0,-990.0,593.0,673.0,1,571,146176.0,313.0,11.1086,0.0201,876.1012,142.0,3.0,139.0,23.0,0.0,0.0,0.0,164,35
28,13,448,208,464,224,-990.0,-910.0,593.0,673.0,1,582,148992.0,312.0,11.2347,0.0202,1024.5881,99.0,1.0,98.0,5.0,0.0,0.0,0.0,64,22
29,13,464,208,480,224,-910.0,-830.0,593.0,673.0,1,563,144128.0,311.0,11.0075,0.0202,1124.2919,254.0,3.0,251.0,54.0,0.0,0.0,0.0,150,36
30,13,480,208,496,224,-830.0,-750.0,593.0,673.0,1,518,132608.0,306.0,10.5284,0.0201,878.7834,393.0,5.0,388.0,95.0,0.0,0.0,0.0,185,36
31,13,496,208,512,224,-750.0,-670.0,593.0,673.0,1,454,116224.0,248.0,10.6209,0.02,518.6664,401.0,4.0,397.0,84.0,0.0,0.0,0.0,194,37
32,13,512,208,528,224,-670.0,-590.0,593.0,673.0,1,403,103168.0,246.0,10.0151,0.0199,444.7861,284.0,8.0,276.0,82.0,0.0,0.0,0.0,197,37
33,13,528,208,544,224,-590.0,-510.0,593.0,673.0,1,320,81920.0,171.0,8.0047,0.0196,155.1706,297.0,7.0,290.0,108.0,0.0,0.0,0.0,228,39
34,13,544,208,560,224,-510.0,-430.0,593.0,673.0,1,304,77824.0,157.0,7.7649,0.0193,134.6082,398.0,9.0,389.0,145.0,0.0,0.0,0.0,282,45
35,13,560,208,576,224,-430.0,-350.0,593.0,673.0,1,292,74752.0,147.0,7.4057,0.0191,112.1207,316.0,4.0,312.0,154.0,0.0,0.0,0.0,294,48
36,13,576,208,592,224,-350.0,-270.0,593.0,673.0,1,282,72192.0,141.0,7.1715,0.0188,97.8033,193.0,2.0,191.0,51.0,0.0,0.0,0.0,148,40
37,13,592,208,608,224,-270.0,-190.0,593.0,673.0,1,278,71168.0,138.0,7.106,0.0186,91.8014,269.0,2.0,267.0,125.0,0.0,0.0,0.0,222,58
38,13,608,208,624,224,-190.0,-110.0,593.0,673.0,1,269,68864.0,136.0,7.028,0.0183,84.4356,26.0,0.0,26.0,14.0,0.0,0.0,0.0,30,8
42,13,672,208,688,224,130.0,210.0,593.0,673.0,1,90,23040.0,72.0,5.0776,0.0185,4.6228,2.0,0.0,2.0,0.0,0.0,0.0,0.0,2,1
43,13,688,208,704,224,210.0,290.0,593.0,673.0,1,179,45824.0,141.0,7.8887,0.0186,431.621,9.0,0.0,9.0,0.0,0.0,0.0,0.0,5,2
44,13,704,208,720,224,290.0,370.0,593.0,673.0,1,189,48384.0,148.0,7.9521,0.0184,517.5719,5.0,4.0,1.0,0.0,0.0,0.0,0.0,6,3
45,13,720,208,736,224,370.0,450.0,593.0,673.0,1,189,48384.0,141.0,6.566,0.0183,430.2967,45.0,17.0,28.0,4.0,0.0,0.0,0.0,25,13
46,13,736,208,752,224,450.0,530.0,593.0,673.0,1,175,44800.0,145.0,6.5502,0.0181,374.3881,124.0,8.0,116.0,54.0,0.0,0.0,0.0,58,19
47,13,752,208,768,224,530.0,610.0,593.0,673.0,1,150,38400.0,147.0,6.4417,0.0178,278.6029,180.0,6.0,174.0,90.0,0.0,0.0,0.0,182,47
48,13,768,208,784,224,610.0,690.0,593.0,673.0,1,128,32768.0,129.0,6.2422,0.0175,234.5991,332.0,11.0,321.0,239.0,0.0,0.0,0.0,434,64
49,13,784,208,800,224,690.0,770.0,593.0,673.0,1,124,31744.0,112.0,5.3575,0.0171,60.1764,314.0,8.0,306.0,235.0,0.0,0.0,0.0,434,64
50,13,800,208,816,224,770.0,850.0,593.0,673.0,1,131,33536.0,117.0,5.4161,0.0168,104.3105,223.0,7.0,216.0,144.0,0.0,0.0,0.0,326,58
51,13,816,208,832,224,850.0,930.0,593.0,673.0,1,139,35584.0,121.0,5.4405,0.0164,174.0403,94.0,3.0,91.0,52.0,0.0,0.0,0.0,124,36
52,13,832,208,848,224,930.0,1010.0,593.0,673.0,1,151,38656.0,137.0,6.0413,0.0161,274.2257,58.0,4.0,54.0,24.0,0.0,0.0,0.0,60,17
53,13,848,208,864,224,1010.0,1090.0,593.0,673.0,1,181,46336.0,156.0,6.8339,0.0158,600.5377,23.0,0.0,23.0,4.0,0.0,0.0,0.0,22,7
54,13,864,208,880,224,1090.0,1170.0,593.0,673.0,1,194,49664.0,157.0,6.9785,0.0154,808.4031,77.0,0.0,77.0,0.0,0.0,0.0,0.0,6,3
7,14,112,224,128,240,-2670.0,-2590.0,513.0,593.0,1,415,106240.0,230.0,9.5831,0.0146,210.3867,482.0,476.0,6.0,0.0,1.0,1.0,0.0,43,9
8,14,128,224,144,240,-2590.0,-2510.0,513.0,593.0,1,429,109824.0,226.0,9.6854,0.015,195.0481,53.0,45.0,8.0,0.0,0.0,0.0,0.0,38,8
9,14,144,224,160,240,-2510.0,-2430.0,513.0,593.0,1,430,110080.0,201.0,9.634,0.0153,137.1716,42.0,33.0,9.0,0.0,1.0,0.0,1.0,24,10
10,14,160,224,176,240,-2430.0,-2350.0,513.0,593.0,1,426,109056.0,194.0,8.96,0.0157,113.59,86.0,80.0,6.0,15.0,0.0,0.0,0.0,73,25
11,14,176,224,192,240,-2350.0,-2270.0,513.0,593.0,1,430,110080.0,196.0,8.9748,0.016,114.6716,77.0,67.0,10.0,5.0,1.0,1.0,0.0,84,26
12,14,192,224,208,240,-2270.0,-2190.0,513.0,593.0,1,435,111360.0,219.0,9.4664,0.0164,190.9192,211.0,145.0,66.0,7.0,0.0,0.0,0.0,170,43
13,14,208,224,224,240,-2190.0,-2110.0,513.0,593.0,1,452,115712.0,265.0,11.1541,0.0168,474.6428,372.0,299.0,73.0,86.0,1.0,0.0,1.0,394,64
14,14,224,224,240,240,-2110.0,-2030.0,513.0,593.0,1,459,117504.0,279.0,11.2463,0.0171,470.1466,191.0,146.0,45.0,55.0,1.0,0.0,1.0,229,56
15,14,240,224,256,240,-2030.0,-1950.0,513.0,593.0,1,473,121088.0,283.0,11.4594,0.0175,494.3496,99.0,71.0,28.0,19.0,0.0,0.0,0.0,94,30
16,14,256,224,272,240,-1950.0,-1870.0,513.0,593.0,1,485,124160.0,272.0,10.2799,0.0179,380.1928,74.0,38.0,36.0,5.0,0.0,0.0,0.0,79,28
17,14,272,224,288,240,-1870.0,-1790.0,513.0,593.0,1,501,128256.0,271.0,10.4576,0.0182,428.9715,65.0,25.0,40.0,3.0,0.0,0.0,0.0,76,26
18,14,288,224,304,240,-1790.0,-1710.0,513.0,593.0,1,519,132864.0,269.0,10.6416,0.0186,484.8755,26.0,17.0,9.0,1.0,0.0,0.0,0.0,33,17
19,14,304,224,320,240,-1710.0,-1630.0,513.0,593.0,1,522,133632.0,270.0,10.6625,0.0189,497.7254,30.0,17.0,13.0,2.0,0.0,0.0,0.0,31,13
20,14,320,224,336,240,-1630.0,-1550.0,513.0,593.0,1,511,130816.0,268.0,10.5386,0.0192,430.4602,80.0,60.0,20.0,1.0,0.0,0.0,0.0,50,20
21,14,336,224,352,240,-1550.0,-1470.0,513.0,593.0,1,508,130048.0,306.0,10.9082,0.0195,477.0127,34.0,25.0,9.0,0.0,0.0,0.0,0.0,38,16
22,14,352,224,368,240,-1470.0,-1390.0,513.0,593.0,1,528,135168.0,264.0,11.041,0.0198,596.3656,42.0,30.0,12.0,0.0,1.0,0.0,1.0,31,13
23,14,368,224,384,240,-1390.0,-1310.0,513.0,593.0,1,526,134656.0,259.0,10.9301,0.02,565.0584,63.0,61.0,2.0,0.0,1.0,1.0,0.0,37,9
24,14,384,224,400,240,-1310.0,-1230.0,513.0,593.0,1,540,138240.0,282.0,10.9853,0.0203,632.8222,438.0,366.0,72.0,7.0,1.0,1.0,0.0,44,12
25,14,400,224,416,240,-1230.0,-1150.0,513.0,593.0,1,555,142080.0,287.0,12.1229,0.0204,830.3755,114.0,0.0,114.0,0.0,0.0,0.0,0.0,32,12
26,14,416,224,432,240,-1150.0,-1070.0,513.0,593.0,1,562,143872.0,292.0,12.4132,0.0206,934.8402,240.0,0.0,240.0,2.0,0.0,0.0,0.0,144,28
27,14,432,224,448,240,-1070.0,-990.0,513.0,593.0,1,582,148992.0,332.0,12.7029,0.0207,1187.4168,304.0,10.0,294.0,19.0,0.0,0.0,0.0,286,46
28,14,448,224,464,240,-990.0,-910.0,513.0,593.0,1,594,152064.0,335.0,12.8986,0.0207,1360.4129,464.0,11.0,453.0,56.0,1.0,0.0,1.0,299,47
29,14,464,224,480,240,-910.0,-830.0,513.0,593.0,1,585,149760.0,332.0,12.6733,0.0207,1418.2927,336.0,8.0,328.0,64.0,0.0,0.0,0.0,218,42
30,14,480,224,496,240,-830.0,-750.0,513.0,593.0,1,535,136960.0,325.0,11.9762,0.0207,1172.4624,208.0,7.0,201.0,52.0,0.0,0.0,0.0,182,41
31,14,496,224,512,240,-750.0,-670.0,513.0,593.0,1,471,120576.0,247.0,10.6521,0.0205,545.8594,171.0,4.0,167.0,50.0,0.0,0.0,0.0,172,38
32,14,512,224,528,240,-670.0,-590.0,513.0,593.0,1,368,94208.0,216.0,9.3206,0.0203,230.5963,172.0,1.0,171.0,52.0,0.0,0.0,0.0,156,36
33,14,528,224,544,240,-590.0,-510.0,513.0,593.0,1,325,83200.0,155.0,7.7483,0.02,145.2616,141.0,2.0,139.0,45.0,0.0,0.0,0.0,136,33
34,14,544,224,560,240,-510.0,-430.0,513.0,593.0,1,308,78848.0,147.0,7.2965,0.0195,116.2284,124.0,0.0,124.0,24.0,0.0,0.0,0.0,120,39
35,14,560,224,576,240,-430.0,-350.0,513.0,593.0,1,301,77056.0,144.0,7.2624,0.0192,111.2354,222.0,0.0,222.0,37.0,0.0,0.0,0.0,126,34
36,14,576,224,592,240,-350.0,-270.0,513.0,593.0,1,289,73984.0,141.0,7.1574,0.0189,100.533,245.0,0.0,245.0,92.0,0.0,0.0,0.0,190,41
37,14,592,224,608,240,-270.0,-190.0,513.0,593.0,1,275,70400.0,138.0,7.0783,0.0186,94.2963,334.0,5.0,329.0,147.0,0.0,0.0,0.0,208,50
38,14,608,224,624,240,-190.0,-110.0,513.0,593.0,1,258,66048.0,134.0,6.9429,0.0182,82.4987,330.0,10.0,320.0,101.0,0.0,0.0,0.0,69,17
43,14,688,224,704,240,210.0,290.0,513.0,593.0,1,181,46336.0,142.0,7.9002,0.0188,462.4553,13.0,0.0,13.0,0.0,0.0,0.0,0.0,4,2
44,14,704,224,720,240,290.0,370.0,513.0,593.0,1,187,47872.0,139.0,7.8602,0.0187,441.7463,9.0,2.0,7.0,0.0,0.0,0.0,0.0,8,4
45,14,720,224,736,240,370.0,450.0,513.0,593.0,1,187,47872.0,136.0,6.5345,0.0186,406.1157,30.0,4.0,26.0,2.0,0.0,0.0,0.0,32,14
46,14,736,224,752,240,450.0,530.0,513.0,593.0,1,167,42752.0,133.0,6.4877,0.0184,339.896,50.0,3.0,47.0,23.0,0.0,0.0,0.0,56,24
47,14,752,224,768,240,530.0,610.0,513.0,593.0,1,128,32768.0,132.0,6.3293,0.0181,193.2414,47.0,1.0,46.0,22.0,0.0,0.0,0.0,74,30
48,14,768,224,784,240,610.0,690.0,513.0,593.0,1,112,28672.0,98.0,5.2795,0.0177,24.0869,56.0,1.0,55.0,20.0,0.0,0.0,0.0,74,26
49,14,784,224,800,240,690.0,770.0,513.0,593.0,1,114,29184.0,96.0,5.277,0.0173,28.0866,53.0,2.0,51.0,17.0,0.0,0.0,0.0,78,24
50,14,800,224,816,240,770.0,850.0,513.0,593.0,1,119,30464.0,104.0,5.3208,0.0169,45.0241,183.0,4.0,179.0,117.0,0.0,0.0,0.0,290,60
51,14,816,224,832,240,850.0,930.0,513.0,593.0,1,127,32512.0,108.0,5.3787,0.0166,85.1202,257.0,7.0,250.0,193.0,0.0,0.0,0.0,384,63
52,14,832,224,848,240,930.0,1010.0,513.0,593.0,1,141,36096.0,125.0,5.7027,0.0163,179.8558,118.0,5.0,113.0,87.0,0.0,0.0,0.0,192,47
53,14,848,224,864,240,1010.0,1090.0,513.0,593.0,1,175,44800.0,154.0,6.7786,0.016,492.2833,46.0,4.0,42.0,24.0,0.0,0.0,0.0,60,19
54,14,864,224,880,240,1090.0,1170.0,513.0,593.0,1,195,49920.0,156.0,6.9829,0.0156,713.373,8.0,0.0,8.0,1.0,0.0,0.0,0.0,12,6
55,14,880,224,896,240,1170.0,1250.0,513.0,593.0,1,192,49152.0,156.0,6.9695,0.0153,699.6928,0.0,0.0,0.0,0.0,0.0,0.0,0.0,0,0
56,14,896,224,912,240,1250.0,1330.0,513.0,593.0,1,194,49664.0,159.0,6.9919,0.015,774.4138,0.0,0.0,0.0,0.0,0.0,0.0,0.0,0,0
57,14,912,224,928,240,1330.0,1410.0,513.0,593.0,1,185,47360.0,170.0,7.3906,0.0146,851.0633,0.0,0.0,0.0,0.0,0.0,0.0,0.0,0,0
7,15,112,240,128,256,-2670.0,-2590.0,433.0,513.0,1,431,110336.0,233.0,9.7287,0.0148,217.761,106.0,96.0,10.0,0.0,3.0,3.0,0.0,38,10
8,15,128,240,144,256,-2590.0,-2510.0,433.0,513.0,1,438,112128.0,233.0,9.7811,0.0152,217.5224,47.0,18.0,29.0,0.0,0.0,0.0,0.0,46,12
9,15,144,240,160,256,-2510.0,-2430.0,433.0,513.0,1,439,112384.0,229.0,9.7724,0.0155,187.276,117.0,23.0,94.0,0.0,0.0,0.0,0.0,68,18
10,15,160,240,176,256,-2430.0,-2350.0,433.0,513.0,1,433,110848.0,206.0,9.7027,0.0159,153.6121,93.0,37.0,56.0,0.0,1.0,0.0,1.0,85,27
11,15,176,240,192,256,-2350.0,-2270.0,433.0,513.0,1,429,109824.0,195.0,8.9674,0.0163,116.9008,187.0,144.0,43.0,17.0,1.0,0.0,1.0,180,48
12,15,192,240,208,256,-2270.0,-2190.0,433.0,513.0,1,427,109312.0,195.0,8.9526,0.0167,111.4311,142.0,43.0,99.0,1.0,0.0,0.0,0.0,95,26
13,15,208,240,224,256,-2190.0,-2110.0,433.0,513.0,1,431,110336.0,199.0,8.9674,0.017,115.451,66.0,26.0,40.0,9.0,0.0,0.0,0.0,71,21
14,15,224,240,240,256,-2110.0,-2030.0,433.0,513.0,1,438,112128.0,233.0,9.5328,0.0174,214.6942,317.0,218.0,99.0,102.0,0.0,0.0,0.0,317,64
15,15,240,240,256,256,-2030.0,-1950.0,433.0,513.0,1,462,118272.0,288.0,11.3756,0.0178,558.5172,269.0,126.0,143.0,83.0,2.0,1.0,1.0,167,46
16,15,256,240,272,256,-1950.0,-1870.0,433.0,513.0,1,482,123392.0,306.0,11.6184,0.0182,662.7935,20.0,4.0,16.0,0.0,0.0,0.0,0.0,16,9
17,15,272,240,288,256,-1870.0,-1790.0,433.0,513.0,1,497,127232.0,282.0,10.7573,0.0186,499.3236,48.0,23.0,25.0,7.0,1.0,0.0,1.0,50,21
18,15,288,240,304,256,-1790.0,-1710.0,433.0,513.0,1,516,132096.0,273.0,10.6002,0.019,509.1984,35.0,24.0,11.0,5.0,0.0,0.0,0.0,40,15
19,15,304,240,320,256,-1710.0,-1630.0,433.0,513.0,1,520,133120.0,271.0,10.6416,0.0193,513.5767,29.0,24.0,5.0,6.0,0.0,0.0,0.0,32,14
20,15,320,240,336,256,-1630.0,-1550.0,433.0,513.0,1,511,130816.0,276.0,11.3047,0.0197,588.8251,28.0,24.0,4.0,11.0,0.0,0.0,0.0,32,15
21,15,336,240,352,256,-1550.0,-1470.0,433.0,513.0,1,494,126464.0,269.0,10.9742,0.02,453.9796,46.0,35.0,11.0,7.0,0.0,0.0,0.0,60,20
22,15,352,240,368,256,-1470.0,-1390.0,433.0,513.0,1,524,134144.0,277.0,11.9238,0.0203,737.1888,72.0,50.0,22.0,3.0,0.0,0.0,0.0,61,21
23,15,368,240,384,256,-1390.0,-1310.0,433.0,513.0,1,529,135424.0,274.0,11.9762,0.0205,692.1751,85.0,61.0,24.0,0.0,2.0,1.0,1.0,76,21
24,15,384,240,400,256,-1310.0,-1230.0,433.0,513.0,1,546,139776.0,297.0,12.2045,0.0208,817.1569,190.0,177.0,13.0,2.0,2.0,2.0,0.0,84,19
25,15,400,240,416,256,-1230.0,-1150.0,433.0,513.0,1,560,143360.0,302.0,12.3429,0.021,824.0399,398.0,0.0,398.0,0.0,0.0,0.0,0.0,36,7
26,15,416,240,432,256,-1150.0,-1070.0,433.0,513.0,1,566,144896.0,301.0,12.4132,0.0211,905.3379,204.0,0.0,204.0,0.0,0.0,0.0,0.0,126,15
27,15,432,240,448,256,-1070.0,-990.0,433.0,513.0,1,587,150272.0,336.0,12.7326,0.0212,1116.9309,318.0,0.0,318.0,1.0,0.0,0.0,0.0,104,20
28,15,448,240,464,256,-990.0,-910.0,433.0,513.0,1,598,153088.0,330.0,12.7925,0.0213,1264.8277,195.0,0.0,195.0,9.0,0.0,0.0,0.0,74,22
29,15,464,240,480,256,-910.0,-830.0,433.0,513.0,1,592,151552.0,330.0,12.6881,0.0213,1501.7786,334.0,0.0,334.0,17.0,0.0,0.0,0.0,109,31
30,15,480,240,496,256,-830.0,-750.0,433.0,513.0,1,536,137216.0,314.0,11.8459,0.0212,1219.5121,184.0,0.0,184.0,41.0,1.0,0.0,1.0,96,36
31,15,496,240,512,256,-750.0,-670.0,433.0,513.0,1,456,116736.0,239.0,10.4176,0.021,520.2736,206.0,0.0,206.0,60.0,0.0,0.0,0.0,114,41
32,15,512,240,528,256,-670.0,-590.0,433.0,513.0,1,327,83712.0,154.0,7.7099,0.0207,114.5428,143.0,0.0,143.0,61.0,0.0,0.0,0.0,110,39
33,15,528,240,544,256,-590.0,-510.0,433.0,513.0,1,313,80128.0,145.0,7.3211,0.0202,121.2765,240.0,0.0,240.0,58.0,0.0,0.0,0.0,113,38
34,15,544,240,560,256,-510.0,-430.0,433.0,513.0,1,302,77312.0,144.0,7.2673,0.0197,115.8858,159.0,0.0,159.0,74.0,0.0,0.0,0.0,136,40
35,15,560,240,576,256,-430.0,-350.0,433.0,513.0,1,280,71680.0,137.0,7.0783,0.0192,102.0641,266.0,0.0,266.0,69.0,0.0,0.0,0.0,130,35
36,15,576,240,592,256,-350.0,-270.0,433.0,513.0,1,261,66816.0,133.0,6.9208,0.0188,95.1417,240.0,0.0,240.0,123.0,0.0,0.0,0.0,158,41
37,15,592,240,608,256,-270.0,-190.0,433.0,513.0,1,248,63488.0,129.0,6.8083,0.0185,85.0434,113.0,11.0,102.0,38.0,1.0,0.0,1.0,90,32
38,15,608,240,624,256,-190.0,-110.0,433.0,513.0,1,233,59648.0,127.0,6.6911,0.0181,72.8625,79.0,2.0,77.0,52.0,0.0,0.0,0.0,30,11
43,15,688,240,704,256,210.0,290.0,433.0,513.0,1,181,46336.0,147.0,7.8773,0.019,486.9388,20.0,0.0,20.0,6.0,0.0,0.0,0.0,10,5
44,15,704,240,720,256,290.0,370.0,433.0,513.0,1,189,48384.0,144.0,7.9754,0.019,508.2082,13.0,1.0,12.0,6.0,0.0,0.0,0.0,20,10
45,15,720,240,736,256,370.0,450.0,433.0,513.0,1,188,48128.0,135.0,7.7209,0.0188,478.7859,106.0,9.0,97.0,50.0,0.0,0.0,0.0,145,40
46,15,736,240,752,256,450.0,530.0,433.0,513.0,1,155,39680.0,132.0,6.4493,0.0186,302.3496,354.0,7.0,347.0,204.0,0.0,0.0,0.0,408,66
47,15,752,240,768,256,530.0,610.0,433.0,513.0,1,104,26624.0,87.0,5.2113,0.0183,16.24,256.0,5.0,251.0,154.0,0.0,0.0,0.0,344,66
48,15,768,240,784,256,610.0,690.0,433.0,513.0,1,101,25856.0,82.0,5.184,0.0179,9.7245,243.0,30.0,213.0,153.0,0.0,0.0,0.0,312,63
49,15,784,240,800,256,690.0,770.0,433.0,513.0,1,104,26624.0,85.0,5.2163,0.0175,10.4994,203.0,4.0,199.0,139.0,0.0,0.0,0.0,304,64
50,15,800,240,816,256,770.0,850.0,433.0,513.0,1,107,27392.0,91.0,5.2414,0.0171,15.6136,207.0,4.0,203.0,150.0,0.0,0.0,0.0,306,62
51,15,816,240,832,256,850.0,930.0,433.0,513.0,1,115,29440.0,99.0,5.3156,0.0167,38.8289,243.0,5.0,238.0,180.0,0.0,0.0,0.0,386,70
52,15,832,240,848,256,930.0,1010.0,433.0,513.0,1,132,33792.0,111.0,5.4351,0.0164,122.8823,401.0,6.0,395.0,319.0,0.0,0.0,0.0,612,74
53,15,848,240,864,256,1010.0,1090.0,433.0,513.0,1,168,43008.0,148.0,6.7575,0.0161,391.5958,165.0,6.0,159.0,105.0,0.0,0.0,0.0,258,57
54,15,864,240,880,256,1090.0,1170.0,433.0,513.0,1,191,48896.0,150.0,6.9606,0.0158,613.5388,62.0,5.0,57.0,27.0,0.0,0.0,0.0,82,28
55,15,880,240,896,256,1170.0,1250.0,433.0,513.0,1,192,49152.0,152.0,6.974,0.0154,628.3292,9.0,1.0,8.0,3.0,0.0,0.0,0.0,14,7
56,15,896,240,912,256,1250.0,1330.0,433.0,513.0,1,195,49920.0,155.0,6.9964,0.0151,730.3474,0.0,0.0,0.0,0.0,0.0,0.0,0.0,0,0
57,15,912,240,928,256,1330.0,1410.0,433.0,513.0,1,198,50688.0,176.0,7.513,0.0148,935.1078,0.0,0.0,0.0,0.0,0.0,0.0,0.0,0,0
7,16,112,256,128,272,-2670.0,-2590.0,353.0,433.0,1,435,111360.0,236.0,9.7899,0.015,255.771,28.0,4.0,24.0,3.0,0.0,0.0,0.0,14,5
8,16,128,256,144,272,-2590.0,-2510.0,353.0,433.0,1,439,112384.0,236.0,9.7987,0.0154,227.2922,155.0,100.0,55.0,0.0,0.0,0.0,0.0,67,14
9,16,144,256,160,272,-2510.0,-2430.0,353.0,433.0,1,449,114944.0,237.0,9.8788,0.0157,232.9835,207.0,144.0,63.0,0.0,0.0,0.0,0.0,68,15
10,16,160,256,176,272,-2430.0,-2350.0,353.0,433.0,1,441,112896.0,227.0,9.7899,0.0161,188.2564,89.0,76.0,13.0,4.0,0.0,0.0,0.0,68,23
11,16,176,256,192,272,-2350.0,-2270.0,353.0,433.0,1,427,109312.0,194.0,8.9674,0.0165,118.8865,197.0,185.0,12.0,15.0,1.0,1.0,0.0,162,42
12,16,192,256,208,272,-2270.0,-2190.0,353.0,433.0,1,430,110080.0,193.0,8.9748,0.0169,119.5927,155.0,148.0,7.0,0.0,0.0,0.0,0.0,51,13
13,16,208,256,224,272,-2190.0,-2110.0,353.0,433.0,1,428,109568.0,192.0,8.9453,0.0173,113.6764,0.0,0.0,0.0,0.0,0.0,0.0,0.0,0,0
14,16,224,256,240,272,-2110.0,-2030.0,353.0,433.0,1,432,110592.0,203.0,9.7987,0.0177,195.1731,427.0,372.0,55.0,168.0,0.0,0.0,0.0,311,66
15,16,240,256,256,272,-2030.0,-1950.0,353.0,433.0,1,437,111872.0,217.0,9.9692,0.0181,202.7596,307.0,182.0,125.0,38.0,0.0,0.0,0.0,128,37
16,16,256,256,272,272,-1950.0,-1870.0,353.0,433.0,1,455,116480.0,272.0,10.6002,0.0185,387.9489,1000.0,1000.0,0.0,19.0,0.0,0.0,0.0,17,6
17,16,272,256,288,272,-1870.0,-1790.0,353.0,433.0,1,489,125184.0,317.0,12.096,0.0189,852.5351,31.0,5.0,26.0,3.0,0.0,0.0,0.0,22,10
18,16,288,256,304,272,-1790.0,-1710.0,353.0,433.0,1,513,131328.0,309.0,12.4274,0.0193,863.4643,17.0,10.0,7.0,2.0,1.0,0.0,1.0,16,8
19,16,304,256,320,272,-1710.0,-1630.0,353.0,433.0,1,516,132096.0,287.0,11.3282,0.0197,660.3764,23.0,20.0,3.0,3.0,0.0,0.0,0.0,22,11
20,16,320,256,336,272,-1630.0,-1550.0,353.0,433.0,1,512,131072.0,288.0,11.293,0.0201,628.2361,24.0,24.0,0.0,0.0,1.0,1.0,0.0,20,10
21,16,336,256,352,272,-1550.0,-1470.0,353.0,433.0,1,487,124672.0,262.0,10.7786,0.0204,427.9984,35.0,26.0,9.0,1.0,0.0,0.0,0.0,35,13
22,16,352,256,368,272,-1470.0,-1390.0,353.0,433.0,1,500,128000.0,277.0,11.6184,0.0207,569.7662,63.0,54.0,9.0,4.0,1.0,1.0,0.0,43,17
23,16,368,256,384,272,-1390.0,-1310.0,353.0,433.0,1,536,137216.0,280.0,12.0292,0.021,754.0812,65.0,43.0,22.0,3.0,0.0,0.0,0.0,70,19
24,16,384,256,400,272,-1310.0,-1230.0,353.0,433.0,1,546,139776.0,290.0,12.096,0.0213,763.1101,216.0,187.0,29.0,4.0,1.0,1.0,0.0,103,27
25,16,400,256,416,272,-1230.0,-1150.0,353.0,433.0,1,563,144128.0,303.0,12.3149,0.0215,873.535,52.0,0.0,52.0,0.0,0.0,0.0,0.0,16,5
26,16,416,256,432,272,-1150.0,-1070.0,353.0,433.0,1,569,145664.0,312.0,12.385,0.0216,944.7645,69.0,0.0,69.0,0.0,0.0,0.0,0.0,27,5
27,16,432,256,448,272,-1070.0,-990.0,353.0,433.0,1,591,151296.0,331.0,12.6292,0.0218,1138.535,115.0,3.0,112.0,8.0,0.0,0.0,0.0,52,19
28,16,448,256,464,272,-990.0,-910.0,353.0,433.0,1,598,153088.0,328.0,12.7178,0.0218,1311.1356,346.0,0.0,346.0,25.0,0.0,0.0,0.0,197,40
29,16,464,256,480,272,-910.0,-830.0,353.0,433.0,1,594,152064.0,325.0,12.6439,0.0218,1554.9624,152.0,0.0,152.0,22.0,0.0,0.0,0.0,122,32
30,16,480,256,496,272,-830.0,-750.0,353.0,433.0,1,535,136960.0,309.0,11.7564,0.0217,1222.1142,121.0,0.0,121.0,23.0,0.0,0.0,0.0,98,31
31,16,496,256,512,272,-750.0,-670.0,353.0,433.0,1,360,92160.0,206.0,9.1176,0.0215,197.0365,106.0,0.0,106.0,22.0,0.0,0.0,0.0,96,31
32,16,512,256,528,272,-670.0,-590.0,353.0,433.0,1,304,77824.0,141.0,7.277,0.0209,96.141,105.0,0.0,105.0,30.0,0.0,0.0,0.0,82,29
33,16,528,256,544,272,-590.0,-510.0,353.0,433.0,1,255,65280.0,131.0,6.8727,0.0203,96.9877,110.0,0.0,110.0,24.0,0.0,0.0,0.0,84,31
34,16,544,256,560,272,-510.0,-430.0,353.0,433.0,1,235,60160.0,130.0,6.787,0.0197,91.0649,152.0,0.0,152.0,19.0,0.0,0.0,0.0,92,31
35,16,560,256,576,272,-430.0,-350.0,353.0,433.0,1,220,56320.0,128.0,6.7242,0.0192,84.2937,267.0,0.0,267.0,17.0,1.0,0.0,1.0,80,27
36,16,576,256,592,272,-350.0,-270.0,353.0,433.0,1,210,53760.0,124.0,6.6502,0.0187,76.0979,77.0,0.0,77.0,8.0,0.0,0.0,0.0,28,11
37,16,592,256,608,272,-270.0,-190.0,353.0,433.0,1,205,52480.0,124.0,6.63,0.0183,72.9482,16.0,0.0,16.0,1.0,1.0,1.0,0.0,13,5
38,16,608,256,624,272,-190.0,-110.0,353.0,433.0,1,199,50944.0,122.0,6.5541,0.0179,65.8651,23.0,0.0,23.0,0.0,0.0,0.0,0.0,2,2
43,16,688,256,704,272,210.0,290.0,353.0,433.0,1,177,45312.0,140.0,7.6719,0.0192,434.6552,15.0,0.0,15.0,4.0,0.0,0.0,0.0,16,8
44,16,704,256,720,272,290.0,370.0,353.0,433.0,1,188,48128.0,142.0,7.9521,0.0192,499.2644,96.0,7.0,89.0,58.0,0.0,0.0,0.0,120,36
45,16,720,256,736,272,370.0,450.0,353.0,433.0,1,194,49664.0,142.0,8.0165,0.0191,586.1818,458.0,5.0,453.0,245.0,1.0,0.0,1.0,432,66
46,16,736,256,752,272,450.0,530.0,353.0,433.0,1,118,30208.0,121.0,6.2458,0.0188,199.456,108.0,2.0,106.0,33.0,0.0,0.0,0.0,132,43
47,16,752,256,768,272,530.0,610.0,353.0,433.0,1,93,23808.0,75.0,5.1303,0.0184,5.1103,0.0,0.0,0.0,0.0,0.0,0.0,0.0,0,0
48,16,768,256,784,272,610.0,690.0,353.0,433.0,1,92,23552.0,76.0,5.1399,0.0179,3.6358,0.0,0.0,0.0,0.0,0.0,0.0,0.0,0,0
49,16,784,256,800,272,690.0,770.0,353.0,433.0,1,92,23552.0,76.0,5.1399,0.0175,3.4588,0.0,0.0,0.0,0.0,0.0,0.0,0.0,0,0
50,16,800,256,816,272,770.0,850.0,353.0,433.0,1,92,23552.0,75.0,5.1351,0.0171,3.2998,0.0,0.0,0.0,0.0,0.0,0.0,0.0,0,0
51,16,816,256,832,272,850.0,930.0,353.0,433.0,1,98,25088.0,79.0,5.1717,0.0168,5.287,0.0,0.0,0.0,0.0,0.0,0.0,0.0,0,0
52,16,832,256,848,272,930.0,1010.0,353.0,433.0,1,119,30464.0,96.0,5.3234,0.0165,62.1871,82.0,2.0,80.0,60.0,0.0,0.0,0.0,152,49
53,16,848,256,864,272,1010.0,1090.0,353.0,433.0,1,155,39680.0,137.0,6.5188,0.0162,287.6212,416.0,7.0,409.0,346.0,0.0,0.0,0.0,570,74
54,16,864,256,880,272,1090.0,1170.0,353.0,433.0,1,189,48384.0,143.0,6.9562,0.0159,587.9098,182.0,8.0,174.0,109.0,0.0,0.0,0.0,266,57
55,16,880,256,896,272,1170.0,1250.0,353.0,433.0,1,191,48896.0,146.0,6.974,0.0155,628.9992,52.0,5.0,47.0,15.0,0.0,0.0,0.0,82,23
56,16,896,256,912,272,1250.0,1330.0,353.0,433.0,1,192,49152.0,150.0,7.3607,0.0152,709.8727,7.0,0.0,7.0,1.0,0.0,0.0,0.0,10,4
57,16,912,256,928,272,1330.0,1410.0,353.0,433.0,1,199,50944.0,173.0,7.5079,0.0149,909.2227,0.0,0.0,0.0,0.0,0.0,0.0,0.0,0,0
7,17,112,272,128,288,-2670.0,-2590.0,273.0,353.0,1,423,108288.0,234.0,9.6854,0.0151,234.4927,37.0,22.0,15.0,2.0,0.0,0.0,0.0,16,7
8,17,128,272,144,288,-2590.0,-2510.0,273.0,353.0,1,441,112896.0,240.0,10.7893,0.0155,346.3382,160.0,113.0,47.0,0.0,0.0,0.0,0.0,116,14
9,17,144,272,160,288,-2510.0,-2430.0,273.0,353.0,1,450,115200.0,241.0,10.8538,0.0159,319.4116,265.0,197.0,68.0,0.0,0.0,0.0,0.0,92,15
10,17,160,272,176,288,-2430.0,-2350.0,273.0,353.0,1,455,116480.0,245.0,11.0634,0.0163,320.6695,40.0,31.0,9.0,2.0,0.0,0.0,0.0,36,13
11,17,176,272,192,288,-2350.0,-2270.0,273.0,353.0,1,440,112640.0,224.0,10.8538,0.0168,242.2359,142.0,131.0,11.0,6.0,2.0,2.0,0.0,128,40
12,17,192,272,208,288,-2270.0,-2190.0,273.0,353.0,1,434,111104.0,206.0,9.9601,0.0172,223.6766,195.0,179.0,16.0,7.0,1.0,0.0,1.0,87,27
13,17,208,272,224,288,-2190.0,-2110.0,273.0,353.0,1,433,110848.0,207.0,9.9419,0.0176,225.5479,55.0,41.0,14.0,0.0,1.0,0.0,1.0,30,10
14,17,224,272,240,288,-2110.0,-2030.0,273.0,353.0,1,431,110336.0,208.0,9.9148,0.018,203.3875,228.0,214.0,14.0,112.0,0.0,0.0,0.0,267,66
15,17,240,272,256,288,-2030.0,-1950.0,273.0,353.0,1,432,110592.0,215.0,9.9238,0.0184,212.3187,145.0,118.0,27.0,23.0,1.0,1.0,0.0,120,35
16,17,256,272,272,288,-1950.0,-1870.0,273.0,353.0,1,446,114176.0,241.0,10.3581,0.0188,308.6339,190.0,183.0,7.0,25.0,2.0,2.0,0.0,55,22
17,17,272,272,288,288,-1870.0,-1790.0,273.0,353.0,1,458,117248.0,242.0,10.4276,0.0192,313.9117,44.0,27.0,17.0,4.0,1.0,0.0,1.0,42,19
18,17,288,272,304,288,-1790.0,-1710.0,273.0,353.0,1,488,124928.0,303.0,12.0826,0.0196,769.5519,21.0,17.0,4.0,1.0,0.0,0.0,0.0,24,12
19,17,304,272,320,288,-1710.0,-1630.0,273.0,353.0,1,510,130560.0,320.0,12.385,0.02,899.1289,15.0,12.0,3.0,0.0,0.0,0.0,0.0,16,8
20,17,320,272,336,288,-1630.0,-1550.0,273.0,353.0,1,506,129536.0,305.0,12.3149,0.0204,745.0362,17.0,15.0,2.0,0.0,0.0,0.0,0.0,10,2
21,17,336,272,352,288,-1550.0,-1470.0,273.0,353.0,1,479,122624.0,261.0,10.7361,0.0208,450.1595,16.0,15.0,1.0,0.0,0.0,0.0,0.0,6,2
22,17,352,272,368,288,-1470.0,-1390.0,273.0,353.0,1,477,122112.0,226.0,9.2571,0.0212,405.4498,32.0,32.0,0.0,6.0,0.0,0.0,0.0,9,5
23,17,368,272,384,288,-1390.0,-1310.0,273.0,353.0,1,534,136704.0,282.0,12.0027,0.0215,772.1584,84.0,65.0,19.0,9.0,0.0,0.0,0.0,76,22
24,17,384,272,400,288,-1310.0,-1230.0,273.0,353.0,1,539,137984.0,287.0,12.0692,0.0217,753.5924,193.0,165.0,28.0,24.0,0.0,0.0,0.0,153,38
25,17,400,272,416,288,-1230.0,-1150.0,273.0,353.0,1,562,143872.0,298.0,12.2871,0.022,877.4569,143.0,134.0,9.0,25.0,0.0,0.0,0.0,151,42
26,17,416,272,432,288,-1150.0,-1070.0,273.0,353.0,1,571,146176.0,322.0,12.3991,0.0222,993.5567,177.0,169.0,8.0,34.0,0.0,0.0,0.0,143,41
27,17,432,272,448,288,-1070.0,-990.0,273.0,353.0,1,587,150272.0,330.0,12.5709,0.0223,1122.4701,500.0,326.0,174.0,63.0,1.0,1.0,0.0,305,52
28,17,448,272,464,288,-990.0,-910.0,273.0,353.0,1,588,150528.0,320.0,12.4844,0.0223,1234.9771,968.0,669.0,299.0,16.0,1.0,1.0,0.0,287,50
29,17,464,272,480,288,-910.0,-830.0,273.0,353.0,1,587,150272.0,318.0,12.4701,0.0223,1386.9198,487.0,449.0,38.0,40.0,0.0,0.0,0.0,191,36
30,17,480,272,496,288,-830.0,-750.0,273.0,353.0,1,516,132096.0,303.0,11.52,0.0222,1106.8795,172.0,143.0,29.0,6.0,0.0,0.0,0.0,86,23
42,17,672,272,688,288,130.0,210.0,273.0,353.0,1,153,39168.0,142.0,6.9651,0.0193,486.6222,0.0,0.0,0.0,0.0,0.0,0.0,0.0,0,0
43,17,688,272,704,288,210.0,290.0,273.0,353.0,1,172,44032.0,146.0,7.6719,0.0195,447.0028,55.0,3.0,52.0,22.0,0.0,0.0,0.0,61,23
44,17,704,272,720,288,290.0,370.0,273.0,353.0,1,175,44800.0,140.0,7.8773,0.0195,387.3546,221.0,8.0,213.0,119.0,0.0,0.0,0.0,302,62
45,17,720,272,736,288,370.0,450.0,273.0,353.0,1,172,44032.0,129.0,7.8095,0.0193,346.7481,355.0,5.0,350.0,198.0,0.0,0.0,0.0,276,60
53,17,848,272,864,288,1010.0,1090.0,273.0,353.0,1,116,29696.0,113.0,5.8592,0.0162,103.85,114.0,3.0,111.0,95.0,0.0,0.0,0.0,216,58
54,17,864,272,880,288,1090.0,1170.0,273.0,353.0,1,178,45568.0,138.0,6.8989,0.0159,480.5983,363.0,9.0,354.0,296.0,0.0,0.0,0.0,558,73
55,17,880,272,896,288,1170.0,1250.0,273.0,353.0,1,184,47104.0,142.0,6.934,0.0156,546.759,127.0,7.0,120.0,60.0,0.0,0.0,0.0,188,46
56,17,896,272,912,288,1250.0,1330.0,273.0,353.0,1,191,48896.0,153.0,7.4412,0.0153,718.1209,34.0,3.0,31.0,3.0,0.0,0.0,0.0,42,14
57,17,912,272,928,288,1330.0,1410.0,273.0,353.0,1,197,50432.0,174.0,7.4924,0.015,909.4466,1.0,0.0,1.0,0.0,0.0,0.0,0.0,2,1
7,18,112,288,128,304,-2670.0,-2590.0,193.0,273.0,1,422,108032.0,245.0,10.7573,0.0153,409.6486,73.0,11.0,62.0,3.0,0.0,0.0,0.0,24,10
8,18,128,288,144,304,-2590.0,-2510.0,193.0,273.0,1,436,111616.0,250.0,10.8973,0.0157,373.7035,147.0,133.0,14.0,1.0,0.0,0.0,0.0,100,18
9,18,144,288,160,304,-2510.0,-2430.0,193.0,273.0,1,457,116992.0,253.0,11.1199,0.0161,393.409,179.0,173.0,6.0,0.0,0.0,0.0,0.0,73,17
10,18,160,288,176,304,-2430.0,-2350.0,193.0,273.0,1,458,117248.0,252.0,11.0973,0.0165,361.935,29.0,24.0,5.0,2.0,1.0,1.0,0.0,30,13
11,18,176,288,192,304,-2350.0,-2270.0,193.0,273.0,1,453,115968.0,247.0,11.0298,0.017,334.41,99.0,90.0,9.0,2.0,0.0,0.0,0.0,76,24
12,18,192,288,208,304,-2270.0,-2190.0,193.0,273.0,1,437,111872.0,220.0,10.7786,0.0174,261.8218,96.0,91.0,5.0,17.0,0.0,0.0,0.0,88,32
13,18,208,288,224,304,-2190.0,-2110.0,193.0,273.0,1,432,110592.0,205.0,9.9057,0.0178,179.2581,77.0,65.0,12.0,13.0,0.0,0.0,0.0,72,29
14,18,224,288,240,304,-2110.0,-2030.0,193.0,273.0,1,434,111104.0,211.0,9.9238,0.0183,191.9122,196.0,184.0,12.0,112.0,0.0,0.0,0.0,249,67
15,18,240,288,256,304,-2030.0,-1950.0,193.0,273.0,1,436,111616.0,216.0,9.9419,0.0187,201.1239,102.0,60.0,42.0,8.0,2.0,1.0,1.0,67,24
16,18,256,288,272,304,-1950.0,-1870.0,193.0,273.0,1,442,113152.0,238.0,10.2896,0.0191,265.1322,64.0,21.0,43.0,2.0,0.0,0.0,0.0,38,16
17,18,272,288,288,304,-1870.0,-1790.0,193.0,273.0,1,453,115968.0,241.0,10.3878,0.0195,323.971,49.0,26.0,23.0,4.0,1.0,0.0,1.0,35,14
18,18,288,288,304,304,-1790.0,-1710.0,193.0,273.0,1,463,118528.0,238.0,10.3779,0.0199,361.6705,36.0,25.0,11.0,2.0,0.0,0.0,0.0,35,16
19,18,304,288,320,304,-1710.0,-1630.0,193.0,273.0,1,467,119552.0,240.0,10.4077,0.0203,386.3408,35.0,26.0,9.0,1.0,0.0,0.0,0.0,38,16
20,18,320,288,336,304,-1630.0,-1550.0,193.0,273.0,1,480,122880.0,314.0,11.9762,0.0208,807.977,37.0,29.0,8.0,3.0,1.0,1.0,0.0,39,16
21,18,336,288,352,304,-1550.0,-1470.0,193.0,273.0,1,465,119040.0,280.0,11.731,0.0212,702.331,54.0,50.0,4.0,9.0,0.0,0.0,0.0,48,23
22,18,352,288,368,304,-1470.0,-1390.0,193.0,273.0,1,463,118528.0,224.0,9.0947,0.0216,396.1294,105.0,99.0,6.0,28.0,0.0,0.0,0.0,92,36
23,18,368,288,384,304,-1390.0,-1310.0,193.0,273.0,1,496,126976.0,274.0,11.5322,0.0219,601.7299,187.0,164.0,23.0,44.0,0.0,0.0,0.0,163,46
24,18,384,288,400,304,-1310.0,-1230.0,193.0,273.0,1,531,135936.0,277.0,11.9369,0.0222,785.2162,166.0,154.0,12.0,41.0,0.0,0.0,0.0,172,44
25,18,400,288,416,304,-1230.0,-1150.0,193.0,273.0,1,548,140288.0,300.0,12.15,0.0225,832.4248,152.0,139.0,13.0,42.0,0.0,0.0,0.0,172,51
26,18,416,288,432,304,-1150.0,-1070.0,193.0,273.0,1,559,143104.0,327.0,12.2182,0.0227,906.7229,265.0,253.0,12.0,56.0,0.0,0.0,0.0,200,50
27,18,432,288,448,304,-1070.0,-990.0,193.0,273.0,1,577,147712.0,321.0,12.3991,0.0228,1047.7905,442.0,276.0,166.0,48.0,1.0,0.0,1.0,355,60
28,18,448,288,464,304,-990.0,-910.0,193.0,273.0,1,579,148224.0,320.0,12.3709,0.0229,1155.3767,275.0,205.0,70.0,21.0,4.0,4.0,0.0,175,48
29,18,464,288,480,304,-910.0,-830.0,193.0,273.0,1,562,143872.0,304.0,11.9238,0.0228,1141.1751,123.0,119.0,4.0,9.0,0.0,0.0,0.0,94,32
30,18,480,288,496,304,-830.0,-750.0,193.0,273.0,1,487,124672.0,272.0,10.2028,0.0227,601.1652,150.0,143.0,7.0,11.0,0.0,0.0,0.0,72,23
42,18,672,288,688,304,130.0,210.0,193.0,273.0,1,145,37120.0,133.0,6.9785,0.0197,324.5149,115.0,0.0,115.0,43.0,0.0,0.0,0.0,42,6
43,18,688,288,704,304,210.0,290.0,193.0,273.0,1,157,40192.0,130.0,7.3507,0.0198,298.1637,344.0,4.0,340.0,167.0,0.0,0.0,0.0,123,29
44,18,704,288,720,304,290.0,370.0,193.0,273.0,1,164,41984.0,131.0,7.6182,0.0198,222.9351,226.0,9.0,217.0,126.0,0.0,0.0,0.0,294,59
45,18,720,288,736,304,370.0,450.0,193.0,273.0,1,158,40448.0,121.0,7.6449,0.0196,139.5256,124.0,5.0,119.0,74.0,0.0,0.0,0.0,138,37
53,18,848,288,864,304,1010.0,1090.0,193.0,273.0,1,59,15104.0,57.0,4.0957,0.016,0.1818,23.0,15.0,8.0,0.0,0.0,0.0,0.0,3,2
54,18,864,288,880,304,1090.0,1170.0,193.0,273.0,1,145,37120.0,119.0,6.2102,0.0159,170.7147,415.0,48.0,367.0,297.0,0.0,0.0,0.0,501,74
55,18,880,288,896,304,1170.0,1250.0,193.0,273.0,1,167,42752.0,137.0,6.8296,0.0157,374.9437,177.0,7.0,170.0,119.0,0.0,0.0,0.0,262,62
56,18,896,288,912,304,1250.0,1330.0,193.0,273.0,1,181,46336.0,154.0,7.3806,0.0154,598.2886,46.0,4.0,42.0,10.0,0.0,0.0,0.0,62,18
57,18,912,288,928,304,1330.0,1410.0,193.0,273.0,1,191,48896.0,175.0,7.4718,0.0151,795.3186,10.0,0.0,10.0,1.0,0.0,0.0,0.0,10,5
7,19,112,304,128,320,-2670.0,-2590.0,113.0,193.0,1,322,82432.0,156.0,7.7318,0.0154,76.0246,55.0,38.0,17.0,0.0,1.0,1.0,0.0,26,6
8,19,128,304,144,320,-2590.0,-2510.0,113.0,193.0,1,426,109056.0,253.0,10.7893,0.0158,404.2617,100.0,88.0,12.0,3.0,0.0,0.0,0.0,50,16
9,19,144,304,160,320,-2510.0,-2430.0,113.0,193.0,1,445,113920.0,251.0,10.9301,0.0163,312.5583,79.0,71.0,8.0,2.0,0.0,0.0,0.0,74,22
10,19,160,304,176,320,-2430.0,-2350.0,113.0,193.0,1,460,117760.0,255.0,11.1086,0.0167,360.2524,115.0,86.0,29.0,3.0,1.0,0.0,1.0,100,30
11,19,176,304,192,320,-2350.0,-2270.0,113.0,193.0,1,455,116480.0,252.0,11.0298,0.0171,320.8404,140.0,133.0,7.0,1.0,0.0,0.0,0.0,96,24
12,19,192,304,208,320,-2270.0,-2190.0,113.0,193.0,1,452,115712.0,249.0,10.9853,0.0176,303.9366,22.0,15.0,7.0,1.0,0.0,0.0,0.0,25,10
13,19,208,304,224,320,-2190.0,-2110.0,113.0,193.0,1,439,112384.0,223.0,10.8107,0.018,249.9347,50.0,39.0,11.0,10.0,1.0,0.0,1.0,53,21
14,19,224,304,240,320,-2110.0,-2030.0,113.0,193.0,1,431,110336.0,207.0,9.8342,0.0185,184.1991,209.0,183.0,26.0,97.0,0.0,0.0,0.0,269,69
15,19,240,304,256,320,-2030.0,-1950.0,113.0,193.0,1,432,110592.0,211.0,9.843,0.0189,197.8315,84.0,15.0,69.0,0.0,0.0,0.0,0.0,19,8
16,19,256,304,272,320,-1950.0,-1870.0,113.0,193.0,1,438,112128.0,228.0,10.1552,0.0193,243.9269,0.0,0.0,0.0,0.0,0.0,0.0,0.0,0,0
17,19,272,304,288,320,-1870.0,-1790.0,113.0,193.0,1,447,114432.0,236.0,10.2605,0.0197,300.7032,10.0,6.0,4.0,3.0,0.0,0.0,0.0,10,4
18,19,288,304,304,320,-1790.0,-1710.0,113.0,193.0,1,462,118272.0,236.0,10.368,0.0202,382.0918,15.0,12.0,3.0,2.0,0.0,0.0,0.0,21,7
19,19,304,304,320,320,-1710.0,-1630.0,113.0,193.0,1,460,117760.0,232.0,10.2605,0.0206,366.1541,28.0,18.0,10.0,3.0,0.0,0.0,0.0,28,12
20,19,320,304,336,320,-1630.0,-1550.0,113.0,193.0,1,441,112896.0,229.0,10.0707,0.021,290.1118,97.0,87.0,10.0,30.0,0.0,0.0,0.0,133,49
21,19,336,304,352,320,-1550.0,-1470.0,113.0,193.0,1,399,102144.0,184.0,9.0269,0.0215,141.3188,208.0,200.0,8.0,65.0,0.0,0.0,0.0,164,49
22,19,352,304,368,320,-1470.0,-1390.0,113.0,193.0,1,439,112384.0,247.0,11.3047,0.0219,620.4623,253.0,243.0,10.0,32.0,0.0,0.0,0.0,156,42
23,19,368,304,384,320,-1390.0,-1310.0,113.0,193.0,1,459,117504.0,242.0,11.5567,0.0223,646.9904,121.0,107.0,14.0,27.0,1.0,0.0,1.0,109,33
24,19,384,304,400,320,-1310.0,-1230.0,113.0,193.0,1,504,129024.0,275.0,11.569,0.0226,692.3114,164.0,153.0,11.0,21.0,1.0,1.0,0.0,101,25
25,19,400,304,416,320,-1230.0,-1150.0,113.0,193.0,1,525,134400.0,294.0,11.8331,0.0229,739.1821,78.0,72.0,6.0,15.0,0.0,0.0,0.0,74,23
26,19,416,304,432,320,-1150.0,-1070.0,113.0,193.0,1,548,140288.0,327.0,12.1365,0.0231,901.0711,59.0,41.0,18.0,6.0,0.0,0.0,0.0,64,23
27,19,432,304,448,320,-1070.0,-990.0,113.0,193.0,1,569,145664.0,322.0,12.3569,0.0233,1007.1883,194.0,52.0,142.0,19.0,1.0,1.0,0.0,163,48
28,19,448,304,464,320,-990.0,-910.0,113.0,193.0,1,562,143872.0,308.0,11.8331,0.0233,912.982,176.0,116.0,60.0,26.0,0.0,0.0,0.0,162,43
29,19,464,304,480,320,-910.0,-830.0,113.0,193.0,1,542,138752.0,290.0,11.1655,0.0233,820.5203,174.0,158.0,16.0,10.0,0.0,0.0,0.0,125,41
30,19,480,304,496,320,-830.0,-750.0,113.0,193.0,1,487,124672.0,269.0,10.2028,0.0232,626.8329,209.0,202.0,7.0,1.0,0.0,0.0,0.0,120,29
42,19,672,304,688,320,130.0,210.0,113.0,193.0,1,141,36096.0,135.0,7.0691,0.0202,269.4977,0.0,0.0,0.0,0.0,0.0,0.0,0.0,0,0
43,19,688,304,704,320,210.0,290.0,113.0,193.0,1,154,39424.0,135.0,7.3309,0.0202,243.8912,134.0,3.0,131.0,78.0,0.0,0.0,0.0,94,29
44,19,704,304,720,320,290.0,370.0,113.0,193.0,1,159,40704.0,119.0,7.5495,0.0201,97.393,236.0,3.0,233.0,135.0,0.0,0.0,0.0,280,57
45,19,720,304,736,320,370.0,450.0,113.0,193.0,1,173,44288.0,147.0,8.3166,0.0199,160.3565,190.0,9.0,181.0,96.0,0.0,0.0,0.0,160,42
54,19,864,304,880,320,1090.0,1170.0,113.0,193.0,1,128,32768.0,103.0,5.7478,0.0158,56.5623,245.0,18.0,227.0,195.0,1.0,1.0,0.0,366,73
55,19,880,304,896,320,1170.0,1250.0,113.0,193.0,1,145,37120.0,119.0,6.1022,0.0156,162.0999,202.0,8.0,194.0,154.0,0.0,0.0,0.0,306,67
56,19,896,304,912,320,1250.0,1330.0,113.0,193.0,1,162,41472.0,145.0,6.9919,0.0154,348.7162,79.0,5.0,74.0,44.0,0.0,0.0,0.0,110,37
57,19,912,304,928,320,1330.0,1410.0,113.0,193.0,1,186,47616.0,177.0,7.4259,0.0151,696.4557,18.0,0.0,18.0,0.0,0.0,0.0,0.0,20,10
7,20,112,320,128,336,-2670.0,-2590.0,33.0,113.0,1,288,73728.0,142.0,7.4616,0.0155,43.4948,95.0,57.0,38.0,19.0,1.0,0.0,1.0,16,5
8,20,128,320,144,336,-2590.0,-2510.0,33.0,113.0,1,307,78592.0,149.0,7.56,0.0159,52.2544,11.0,7.0,4.0,0.0,0.0,0.0,0.0,10,4
9,20,144,320,160,336,-2510.0,-2430.0,33.0,113.0,1,438,112128.0,252.0,10.8755,0.0164,365.1114,26.0,26.0,0.0,0.0,0.0,0.0,0.0,4,1
10,20,160,320,176,336,-2430.0,-2350.0,33.0,113.0,1,456,116736.0,256.0,11.0634,0.0168,366.183,248.0,236.0,12.0,1.0,0.0,0.0,0.0,78,24
11,20,176,320,192,336,-2350.0,-2270.0,33.0,113.0,1,459,117504.0,253.0,11.0298,0.0173,351.835,253.0,241.0,12.0,3.0,2.0,2.0,0.0,174,35
12,20,192,320,208,336,-2270.0,-2190.0,33.0,113.0,1,456,116736.0,252.0,10.9742,0.0178,326.2485,170.0,163.0,7.0,0.0,0.0,0.0,0.0,29,9
13,20,208,320,224,336,-2190.0,-2110.0,33.0,113.0,1,447,114432.0,245.0,10.843,0.0182,298.6129,21.0,15.0,6.0,4.0,0.0,0.0,0.0,29,14
14,20,224,320,240,336,-2110.0,-2030.0,33.0,113.0,1,432,110592.0,207.0,9.852,0.0187,208.3407,255.0,216.0,39.0,118.0,0.0,0.0,0.0,306,71
15,20,240,320,256,336,-2030.0,-1950.0,33.0,113.0,1,428,109568.0,207.0,9.8076,0.0191,195.6332,131.0,131.0,0.0,0.0,0.0,0.0,0.0,16,4
16,20,256,320,272,336,-1950.0,-1870.0,33.0,113.0,1,435,111360.0,220.0,9.8788,0.0196,239.9337,0.0,0.0,0.0,0.0,0.0,0.0,0.0,0,0
17,20,272,320,288,336,-1870.0,-1790.0,33.0,113.0,1,443,113408.0,230.0,10.1458,0.02,285.6896,20.0,20.0,0.0,3.0,0.0,0.0,0.0,21,6
18,20,288,320,304,336,-1790.0,-1710.0,33.0,113.0,1,453,115968.0,230.0,10.2028,0.0204,336.7642,34.0,30.0,4.0,2.0,2.0,2.0,0.0,23,8
19,20,304,320,320,336,-1710.0,-1630.0,33.0,113.0,1,457,116992.0,229.0,10.2316,0.0208,393.5325,80.0,74.0,6.0,38.0,0.0,0.0,0.0,111,43
20,20,320,320,336,336,-1630.0,-1550.0,33.0,113.0,1,437,111872.0,227.0,10.0336,0.0212,311.8087,105.0,83.0,22.0,35.0,0.0,0.0,0.0,132,46
21,20,336,320,352,336,-1550.0,-1470.0,33.0,113.0,1,383,98048.0,168.0,8.3613,0.0216,112.6479,88.0,87.0,1.0,0.0,0.0,0.0,0.0,14,4
22,20,352,320,368,336,-1470.0,-1390.0,33.0,113.0,1,367,93952.0,158.0,7.7318,0.022,87.4556,21.0,15.0,6.0,0.0,0.0,0.0,0.0,28,4
23,20,368,320,384,336,-1390.0,-1310.0,33.0,113.0,1,321,82176.0,152.0,7.3856,0.0225,58.4081,7.0,3.0,4.0,0.0,0.0,0.0,0.0,14,5
24,20,384,320,400,336,-1310.0,-1230.0,33.0,113.0,1,439,112384.0,286.0,11.4473,0.023,728.2779,19.0,11.0,8.0,0.0,1.0,1.0,0.0,18,9
25,20,400,320,416,336,-1230.0,-1150.0,33.0,113.0,1,508,130048.0,294.0,11.6184,0.0233,791.2456,30.0,14.0,16.0,0.0,0.0,0.0,0.0,21,9
26,20,416,320,432,336,-1150.0,-1070.0,33.0,113.0,1,532,136192.0,322.0,11.8977,0.0235,820.8853,34.0,19.0,15.0,3.0,0.0,0.0,0.0,26,10
27,20,432,320,448,336,-1070.0,-990.0,33.0,113.0,1,556,142336.0,314.0,12.0826,0.0237,842.389,164.0,18.0,146.0,14.0,0.0,0.0,0.0,124,36
28,20,448,320,464,336,-990.0,-910.0,33.0,113.0,1,554,141824.0,299.0,11.6308,0.0238,825.7903,77.0,19.0,58.0,2.0,0.0,0.0,0.0,72,22
29,20,464,320,480,336,-910.0,-830.0,33.0,113.0,1,537,137472.0,277.0,10.7361,0.0238,663.277,203.0,137.0,66.0,19.0,2.0,1.0,1.0,133,40
30,20,480,320,496,336,-830.0,-750.0,33.0,113.0,1,495,126720.0,269.0,10.2799,0.0236,649.8615,302.0,280.0,22.0,14.0,2.0,2.0,0.0,232,52
42,20,672,320,688,336,130.0,210.0,33.0,113.0,1,139,35584.0,131.0,7.0645,0.0207,229.7036,20.0,1.0,19.0,14.0,0.0,0.0,0.0,24,7
43,20,688,320,704,336,210.0,290.0,33.0,113.0,1,155,39680.0,126.0,7.3211,0.0207,148.137,139.0,4.0,135.0,79.0,0.0,0.0,0.0,136,39
44,20,704,320,720,336,290.0,370.0,33.0,113.0,1,175,44800.0,148.0,8.1668,0.0205,160.9397,198.0,0.0,198.0,88.0,0.0,0.0,0.0,224,52
45,20,720,320,736,336,370.0,450.0,33.0,113.0,1,190,48640.0,148.0,8.4065,0.0202,200.6817,143.0,9.0,134.0,71.0,0.0,0.0,0.0,162,47
54,20,864,320,880,336,1090.0,1170.0,33.0,113.0,1,124,31744.0,100.0,5.7237,0.0157,33.3521,179.0,6.0,173.0,151.0,0.0,0.0,0.0,274,70
55,20,880,320,896,336,1170.0,1250.0,33.0,113.0,1,135,34560.0,112.0,5.9069,0.0156,88.1637,234.0,5.0,229.0,179.0,0.0,0.0,0.0,324,70
56,20,896,320,912,336,1250.0,1330.0,33.0,113.0,1,151,38656.0,136.0,6.4723,0.0153,212.3872,177.0,30.0,147.0,128.0,0.0,0.0,0.0,178,52
57,20,912,320,928,336,1330.0,1410.0,33.0,113.0,1,170,43520.0,165.0,6.8641,0.0151,421.3493,87.0,0.0,87.0,64.0,0.0,0.0,0.0,80,31
58,20,928,320,944,336,1410.0,1490.0,33.0,113.0,1,168,43008.0,170.0,7.2335,0.0148,615.1369,182.0,0.0,182.0,158.0,0.0,0.0,0.0,60,25
10,21,160,336,176,352,-2430.0,-2350.0,-47.0,33.0,1,457,116992.0,254.0,11.0186,0.017,399.8261,69.0,65.0,4.0,0.0,0.0,0.0,0.0,12,5
11,21,176,336,192,352,-2350.0,-2270.0,-47.0,33.0,1,455,116480.0,253.0,10.9853,0.0174,356.2675,93.0,87.0,6.0,0.0,0.0,0.0,0.0,110,33
12,21,192,336,208,352,-2270.0,-2190.0,-47.0,33.0,1,461,118016.0,253.0,11.0522,0.0179,377.5209,180.0,170.0,10.0,3.0,2.0,2.0,0.0,91,29
13,21,208,336,224,352,-2190.0,-2110.0,-47.0,33.0,1,460,117760.0,252.0,11.0186,0.0184,368.3367,74.0,65.0,9.0,3.0,1.0,1.0,0.0,62,23
14,21,224,336,240,352,-2110.0,-2030.0,-47.0,33.0,1,443,113408.0,236.0,10.7467,0.0188,271.17,193.0,185.0,8.0,60.0,1.0,1.0,0.0,240,61
15,21,240,336,256,352,-2030.0,-1950.0,-47.0,33.0,1,429,109824.0,203.0,9.7724,0.0193,198.4102,227.0,221.0,6.0,63.0,4.0,4.0,0.0,260,63
16,21,256,336,272,352,-1950.0,-1870.0,-47.0,33.0,1,427,109312.0,210.0,9.7461,0.0197,197.0388,180.0,173.0,7.0,2.0,1.0,0.0,1.0,106,22
17,21,272,336,288,352,-1870.0,-1790.0,-47.0,33.0,1,440,112640.0,231.0,10.1269,0.0202,302.0572,156.0,154.0,2.0,31.0,1.0,1.0,0.0,78,23
18,21,288,336,304,352,-1790.0,-1710.0,-47.0,33.0,1,452,115712.0,229.0,10.222,0.0206,376.1799,79.0,78.0,1.0,38.0,0.0,0.0,0.0,102,39
19,21,304,336,320,352,-1710.0,-1630.0,-47.0,33.0,1,449,114944.0,225.0,10.1552,0.0209,382.5521,71.0,65.0,6.0,29.0,0.0,0.0,0.0,100,40
20,21,320,336,336,352,-1630.0,-1550.0,-47.0,33.0,1,424,108544.0,219.0,9.8253,0.0212,283.0645,25.0,8.0,17.0,0.0,0.0,0.0,0.0,24,11
21,21,336,336,352,352,-1550.0,-1470.0,-47.0,33.0,1,351,89856.0,152.0,7.6557,0.0216,81.4457,0.0,0.0,0.0,0.0,0.0,0.0,0.0,0,0
25,21,400,336,416,352,-1230.0,-1150.0,-47.0,33.0,1,430,110080.0,297.0,11.3164,0.0236,651.0667,0.0,0.0,0.0,0.0,0.0,0.0,0.0,0,0
26,21,416,336,432,352,-1150.0,-1070.0,-47.0,33.0,1,510,130560.0,345.0,12.2595,0.0239,885.2573,0.0,0.0,0.0,0.0,0.0,0.0,0.0,0,0
27,21,432,336,448,352,-1070.0,-990.0,-47.0,33.0,1,534,136704.0,314.0,11.569,0.0241,758.2623,137.0,5.0,132.0,9.0,0.0,0.0,0.0,95,30
28,21,448,336,464,352,-990.0,-910.0,-47.0,33.0,1,534,136704.0,291.0,11.2231,0.0242,604.3642,63.0,3.0,60.0,0.0,0.0,0.0,0.0,28,13
29,21,464,336,480,352,-910.0,-830.0,-47.0,33.0,1,531,135936.0,280.0,10.9411,0.0242,646.9102,69.0,38.0,31.0,1.0,0.0,0.0,0.0,64,25
30,21,480,336,496,352,-830.0,-750.0,-47.0,33.0,1,503,128768.0,267.0,10.3581,0.0241,646.5362,392.0,319.0,73.0,24.0,1.0,0.0,1.0,236,56
42,21,672,336,688,352,130.0,210.0,-47.0,33.0,1,144,36864.0,137.0,7.106,0.0213,233.2263,208.0,3.0,205.0,145.0,0.0,0.0,0.0,78,24
43,21,688,336,704,352,210.0,290.0,-47.0,33.0,1,169,43264.0,145.0,7.9988,0.0212,245.3473,156.0,2.0,154.0,89.0,0.0,0.0,0.0,146,39
44,21,704,336,720,352,290.0,370.0,-47.0,33.0,1,199,50944.0,161.0,8.4719,0.0209,243.163,343.0,2.0,341.0,147.0,0.0,0.0,0.0,262,55
45,21,720,336,736,352,370.0,450.0,-47.0,33.0,1,199,50944.0,151.0,8.3293,0.0206,198.4798,256.0,7.0,249.0,109.0,0.0,0.0,0.0,218,50
54,21,864,336,880,352,1090.0,1170.0,-47.0,33.0,1,120,30720.0,98.0,5.7057,0.0156,11.1862,6100.0,6.0,6094.0,141.0,1.0,0.0,1.0,202,68
55,21,880,336,896,352,1170.0,1250.0,-47.0,33.0,1,131,33536.0,104.0,5.7692,0.0155,56.8851,4800.0,4.0,4796.0,231.0,1.0,0.0,1.0,282,73
56,21,896,336,912,352,1250.0,1330.0,-47.0,33.0,1,146,37376.0,139.0,6.3552,0.0153,168.6343,3582.0,1.0,3581.0,144.0,0.0,0.0,0.0,161,57
57,21,912,336,928,352,1330.0,1410.0,-47.0,33.0,1,164,41984.0,159.0,6.5819,0.0151,323.6771,345.0,0.0,345.0,73.0,0.0,0.0,0.0,131,39
58,21,928,336,944,352,1410.0,1490.0,-47.0,33.0,1,168,43008.0,164.0,6.745,0.0149,545.8839,28.0,0.0,28.0,20.0,0.0,0.0,0.0,54,17
10,22,160,352,176,368,-2430.0,-2350.0,-127.0,-47.0,1,450,115200.0,254.0,10.9631,0.0171,468.3792,91.0,86.0,5.0,0.0,0.0,0.0,0.0,25,10
11,22,176,352,192,368,-2350.0,-2270.0,-127.0,-47.0,1,450,115200.0,249.0,10.8973,0.0176,382.1348,61.0,53.0,8.0,0.0,0.0,0.0,0.0,72,24
12,22,192,352,208,368,-2270.0,-2190.0,-127.0,-47.0,1,450,115200.0,248.0,10.8864,0.0181,343.3222,47.0,35.0,12.0,0.0,0.0,0.0,0.0,55,20
13,22,208,352,224,368,-2190.0,-2110.0,-127.0,-47.0,1,453,115968.0,246.0,10.8864,0.0185,348.6923,37.0,27.0,10.0,1.0,0.0,0.0,0.0,44,17
14,22,224,352,240,368,-2110.0,-2030.0,-127.0,-47.0,1,447,114432.0,244.0,10.8107,0.019,317.0384,55.0,47.0,8.0,5.0,1.0,1.0,0.0,71,26
15,22,240,352,256,368,-2030.0,-1950.0,-127.0,-47.0,1,434,111104.0,220.0,10.6313,0.0194,266.1624,228.0,223.0,5.0,120.0,1.0,1.0,0.0,290,71
16,22,256,352,272,368,-1950.0,-1870.0,-127.0,-47.0,1,425,108800.0,207.0,9.7374,0.0199,219.4695,100.0,96.0,4.0,7.0,0.0,0.0,0.0,76,22
17,22,272,352,288,368,-1870.0,-1790.0,-127.0,-47.0,1,434,111104.0,231.0,10.0987,0.0203,291.2161,118.0,117.0,1.0,29.0,0.0,0.0,0.0,94,36
18,22,288,352,304,368,-1790.0,-1710.0,-127.0,-47.0,1,441,112896.0,225.0,10.0336,0.0207,347.1197,71.0,61.0,10.0,33.0,0.0,0.0,0.0,94,38
19,22,304,352,320,368,-1710.0,-1630.0,-127.0,-47.0,1,432,110592.0,219.0,9.9057,0.021,343.7676,22.0,17.0,5.0,0.0,1.0,1.0,0.0,26,10
20,22,320,352,336,368,-1630.0,-1550.0,-127.0,-47.0,1,376,96256.0,189.0,8.6744,0.0213,113.0175,22.0,9.0,13.0,0.0,0.0,0.0,0.0,20,6
21,22,336,352,352,368,-1550.0,-1470.0,-127.0,-47.0,1,272,69632.0,107.0,6.634,0.0213,1.8952,7.0,7.0,0.0,0.0,0.0,0.0,0.0,2,1
25,22,400,352,416,368,-1230.0,-1150.0,-127.0,-47.0,1,355,90880.0,272.0,10.3977,0.0238,491.7636,126.0,126.0,0.0,0.0,0.0,0.0,0.0,2,2
26,22,416,352,432,368,-1150.0,-1070.0,-127.0,-47.0,1,476,121856.0,327.0,11.7184,0.0242,848.7827,34.0,2.0,32.0,2.0,0.0,0.0,0.0,4,2
27,22,432,352,448,368,-1070.0,-990.0,-127.0,-47.0,1,512,131072.0,327.0,12.1365,0.0244,754.1075,562.0,339.0,223.0,54.0,0.0,0.0,0.0,151,39
28,22,448,352,464,368,-990.0,-910.0,-127.0,-47.0,1,517,132352.0,308.0,11.9894,0.0246,635.8761,292.0,195.0,97.0,30.0,4.0,3.0,1.0,121,31
29,22,464,352,480,368,-910.0,-830.0,-127.0,-47.0,1,524,134144.0,287.0,11.0973,0.0246,621.6954,210.0,127.0,83.0,9.0,2.0,1.0,1.0,158,39
30,22,480,352,496,368,-830.0,-750.0,-127.0,-47.0,1,495,126720.0,267.0,10.3091,0.0246,584.5649,220.0,171.0,49.0,12.0,1.0,0.0,1.0,178,43
42,22,672,352,688,368,130.0,210.0,-127.0,-47.0,1,157,40192.0,139.0,7.2335,0.0219,228.2118,221.0,3.0,218.0,120.0,0.0,0.0,0.0,118,30
43,22,688,352,704,368,210.0,290.0,-127.0,-47.0,1,205,52480.0,174.0,8.4195,0.0217,304.3777,213.0,4.0,209.0,125.0,0.0,0.0,0.0,190,45
44,22,704,352,720,368,290.0,370.0,-127.0,-47.0,1,210,53760.0,165.0,8.5451,0.0214,249.3306,309.0,6.0,303.0,164.0,0.0,0.0,0.0,296,53
45,22,720,352,736,368,370.0,450.0,-127.0,-47.0,1,210,53760.0,169.0,8.7441,0.021,273.6558,488.0,4.0,484.0,163.0,0.0,0.0,0.0,316,51
46,22,736,352,752,368,450.0,530.0,-127.0,-47.0,1,198,50688.0,158.0,8.2786,0.0205,94.3295,169.0,0.0,169.0,34.0,0.0,0.0,0.0,58,18
54,22,864,352,880,368,1090.0,1170.0,-127.0,-47.0,1,117,29952.0,96.0,5.6937,0.0155,7.5259,8178.0,6.0,8172.0,139.0,0.0,0.0,0.0,169,63
55,22,880,352,896,368,1170.0,1250.0,-127.0,-47.0,1,128,32768.0,102.0,5.76,0.0154,39.4752,5509.0,3.0,5506.0,214.0,1.0,0.0,1.0,247,70
56,22,896,352,912,368,1250.0,1330.0,-127.0,-47.0,1,143,36608.0,136.0,6.2638,0.0153,124.8892,272.0,1.0,271.0,80.0,0.0,0.0,0.0,152,50
57,22,912,352,928,368,1330.0,1410.0,-127.0,-47.0,1,163,41728.0,154.0,6.4839,0.0151,295.5557,167.0,0.0,167.0,34.0,0.0,0.0,0.0,81,28
58,22,928,352,944,368,1410.0,1490.0,-127.0,-47.0,1,163,41728.0,160.0,6.6058,0.0149,453.0922,31.0,0.0,31.0,10.0,0.0,0.0,0.0,10,4
10,23,160,368,176,384,-2430.0,-2350.0,-207.0,-127.0,1,443,113408.0,254.0,10.9192,0.0172,554.4364,54.0,50.0,4.0,0.0,1.0,1.0,0.0,25,9
11,23,176,368,192,384,-2350.0,-2270.0,-207.0,-127.0,1,450,115200.0,254.0,10.9301,0.0177,480.3787,74.0,55.0,19.0,0.0,0.0,0.0,0.0,84,25
12,23,192,368,208,384,-2270.0,-2190.0,-207.0,-127.0,1,448,114688.0,251.0,10.8973,0.0182,390.3263,36.0,30.0,6.0,0.0,0.0,0.0,0.0,33,13
13,23,208,368,224,384,-2190.0,-2110.0,-207.0,-127.0,1,449,114944.0,250.0,10.8864,0.0187,384.0943,34.0,18.0,16.0,0.0,0.0,0.0,0.0,30,10
14,23,224,368,240,384,-2110.0,-2030.0,-207.0,-127.0,1,449,114944.0,245.0,10.843,0.0191,368.6438,33.0,27.0,6.0,1.0,0.0,0.0,0.0,33,15
15,23,240,368,256,384,-2030.0,-1950.0,-207.0,-127.0,1,447,114432.0,242.0,10.8107,0.0196,351.1099,212.0,208.0,4.0,101.0,0.0,0.0,0.0,271,69
16,23,256,368,272,384,-1950.0,-1870.0,-207.0,-127.0,1,422,108032.0,213.0,10.4576,0.02,227.1012,201.0,195.0,6.0,66.0,0.0,0.0,0.0,223,60
17,23,272,368,288,384,-1870.0,-1790.0,-207.0,-127.0,1,420,107520.0,221.0,9.9057,0.0204,251.1251,78.0,77.0,1.0,48.0,0.0,0.0,0.0,100,38
18,23,288,368,304,384,-1790.0,-1710.0,-207.0,-127.0,1,412,105472.0,215.0,9.5244,0.0208,219.9981,18.0,17.0,1.0,0.0,0.0,0.0,0.0,18,8
19,23,304,368,320,384,-1710.0,-1630.0,-207.0,-127.0,1,393,100608.0,187.0,8.8078,0.0211,143.483,10.0,0.0,10.0,0.0,0.0,0.0,0.0,10,3
20,23,320,368,336,384,-1630.0,-1550.0,-207.0,-127.0,1,358,91648.0,177.0,8.4851,0.0213,112.9866,153.0,0.0,153.0,0.0,0.0,0.0,0.0,21,3
25,23,400,368,416,384,-1230.0,-1150.0,-207.0,-127.0,1,360,92160.0,281.0,10.4077,0.024,565.176,31.0,11.0,20.0,0.0,2.0,1.0,1.0,20,8
26,23,416,368,432,384,-1150.0,-1070.0,-207.0,-127.0,1,456,116736.0,321.0,11.4594,0.0244,806.1088,76.0,48.0,28.0,10.0,1.0,0.0,1.0,66,20
27,23,432,368,448,384,-1070.0,-990.0,-207.0,-127.0,1,495,126720.0,313.0,11.7946,0.0248,700.2282,590.0,86.0,504.0,10.0,0.0,0.0,0.0,176,40
28,23,448,368,464,384,-990.0,-910.0,-207.0,-127.0,1,520,133120.0,317.0,12.096,0.025,748.8963,140.0,45.0,95.0,5.0,0.0,0.0,0.0,81,24
29,23,464,368,480,384,-910.0,-830.0,-207.0,-127.0,1,534,136704.0,315.0,12.2871,0.0251,808.4084,204.0,147.0,57.0,18.0,0.0,0.0,0.0,160,36
30,23,480,368,496,384,-830.0,-750.0,-207.0,-127.0,1,508,130048.0,278.0,10.9082,0.0251,624.5991,159.0,119.0,40.0,12.0,2.0,2.0,0.0,151,45
42,23,672,368,688,384,130.0,210.0,-207.0,-127.0,1,214,54784.0,178.0,8.4719,0.0225,433.7311,531.0,3.0,528.0,236.0,0.0,0.0,0.0,206,42
43,23,688,368,704,384,210.0,290.0,-207.0,-127.0,1,227,58112.0,199.0,9.0194,0.0222,459.9927,210.0,3.0,207.0,121.0,0.0,0.0,0.0,204,51
44,23,704,368,720,384,290.0,370.0,-207.0,-127.0,1,248,63488.0,212.0,9.1714,0.0218,389.8991,144.0,3.0,141.0,72.0,0.0,0.0,0.0,184,47
45,23,720,368,736,384,370.0,450.0,-207.0,-127.0,1,259,66304.0,198.0,9.2414,0.0214,394.1682,263.0,4.0,259.0,50.0,0.0,0.0,0.0,184,40
46,23,736,368,752,384,450.0,530.0,-207.0,-127.0,1,241,61696.0,181.0,8.9379,0.0209,256.4784,150.0,0.0,150.0,35.0,1.0,0.0,1.0,101,24
53,23,848,368,864,384,1010.0,1090.0,-207.0,-127.0,1,71,18176.0,81.0,5.2898,0.0154,1.9249,2.0,0.0,2.0,2.0,0.0,0.0,0.0,2,1
54,23,864,368,880,384,1090.0,1170.0,-207.0,-127.0,1,116,29696.0,96.0,5.6908,0.0155,7.0174,4576.0,5.0,4571.0,138.0,0.0,0.0,0.0,129,60
55,23,880,368,896,384,1170.0,1250.0,-207.0,-127.0,1,128,32768.0,110.0,6.1194,0.0155,51.9331,176.0,5.0,171.0,137.0,0.0,0.0,0.0,236,65
56,23,896,368,912,384,1250.0,1330.0,-207.0,-127.0,1,148,37888.0,144.0,6.3183,0.0153,144.349,359.0,2.0,357.0,90.0,0.0,0.0,0.0,157,52
57,23,912,368,928,384,1330.0,1410.0,-207.0,-127.0,1,160,40960.0,148.0,6.4302,0.0152,228.1886,53.0,0.0,53.0,20.0,0.0,0.0,0.0,66,21
58,23,928,368,944,384,1410.0,1490.0,-207.0,-127.0,1,161,41216.0,155.0,6.4685,0.015,459.9209,13.0,0.0,13.0,6.0,0.0,0.0,0.0,6,3
10,24,160,384,176,400,-2430.0,-2350.0,-287.0,-207.0,1,420,107520.0,255.0,10.6939,0.0173,650.3746,37.0,10.0,27.0,0.0,0.0,0.0,0.0,36,8
11,24,176,384,192,400,-2350.0,-2270.0,-287.0,-207.0,1,449,114944.0,254.0,10.9853,0.0178,632.4252,151.0,114.0,37.0,0.0,1.0,0.0,1.0,139,33
12,24,192,384,208,400,-2270.0,-2190.0,-287.0,-207.0,1,451,115456.0,252.0,10.9411,0.0183,528.0214,29.0,25.0,4.0,0.0,0.0,0.0,0.0,24,8
13,24,208,384,224,400,-2190.0,-2110.0,-287.0,-207.0,1,447,114432.0,250.0,10.8864,0.0188,438.8728,118.0,22.0,96.0,0.0,0.0,0.0,0.0,24,5
14,24,224,384,240,400,-2110.0,-2030.0,-287.0,-207.0,1,442,113152.0,246.0,10.7467,0.0193,356.091,12.0,11.0,1.0,0.0,0.0,0.0,0.0,10,5
15,24,240,384,256,400,-2030.0,-1950.0,-287.0,-207.0,1,437,111872.0,240.0,10.6521,0.0198,332.3372,211.0,211.0,0.0,30.0,0.0,0.0,0.0,17,9
16,24,256,384,272,400,-1950.0,-1870.0,-287.0,-207.0,1,422,108032.0,236.0,10.4176,0.0202,268.0341,351.0,333.0,18.0,182.0,1.0,1.0,0.0,434,75
17,24,272,384,288,400,-1870.0,-1790.0,-287.0,-207.0,1,389,99584.0,197.0,9.3126,0.0206,117.5444,15.0,11.0,4.0,0.0,0.0,0.0,0.0,12,4
18,24,288,384,304,400,-1790.0,-1710.0,-287.0,-207.0,1,398,101888.0,191.0,8.9306,0.021,140.994,31.0,5.0,26.0,0.0,0.0,0.0,0.0,11,4
19,24,304,384,320,400,-1710.0,-1630.0,-287.0,-207.0,1,381,97536.0,178.0,8.6744,0.0212,136.8939,36.0,0.0,36.0,0.0,0.0,0.0,0.0,8,2
20,24,320,384,336,400,-1630.0,-1550.0,-287.0,-207.0,1,348,89088.0,174.0,8.413,0.0213,111.211,24.0,0.0,24.0,0.0,0.0,0.0,0.0,16,2
25,24,400,384,416,400,-1230.0,-1150.0,-287.0,-207.0,1,380,97280.0,302.0,10.6416,0.0242,710.8849,81.0,60.0,21.0,16.0,2.0,2.0,0.0,83,18
26,24,416,384,432,400,-1150.0,-1070.0,-287.0,-207.0,1,450,115200.0,301.0,11.3756,0.0247,672.7027,105.0,47.0,58.0,1.0,0.0,0.0,0.0,67,10
27,24,432,384,448,400,-1070.0,-990.0,-287.0,-207.0,1,492,125952.0,300.0,11.7564,0.0251,689.2603,154.0,14.0,140.0,7.0,0.0,0.0,0.0,107,32
28,24,448,384,464,400,-990.0,-910.0,-287.0,-207.0,1,523,133888.0,311.0,12.1908,0.0253,867.7325,440.0,18.0,422.0,7.0,0.0,0.0,0.0,80,24
29,24,464,384,480,400,-910.0,-830.0,-287.0,-207.0,1,545,139520.0,314.0,12.4844,0.0255,903.4534,245.0,193.0,52.0,24.0,1.0,1.0,0.0,145,35
30,24,480,384,496,400,-830.0,-750.0,-287.0,-207.0,1,549,140544.0,314.0,12.4987,0.0256,937.8748,98.0,60.0,38.0,3.0,1.0,0.0,1.0,85,27
31,24,496,384,512,400,-750.0,-670.0,-287.0,-207.0,1,480,122880.0,302.0,11.5813,0.0256,754.4027,111.0,104.0,7.0,6.0,0.0,0.0,0.0,82,27
41,24,656,384,672,400,50.0,130.0,-287.0,-207.0,1,198,50688.0,189.0,8.7441,0.0233,329.9057,0.0,0.0,0.0,0.0,0.0,0.0,0.0,0,0
42,24,672,384,688,400,130.0,210.0,-287.0,-207.0,1,286,73216.0,226.0,9.4582,0.023,690.3192,561.0,6.0,555.0,166.0,1.0,0.0,1.0,206,47
43,24,688,384,704,400,210.0,290.0,-287.0,-207.0,1,289,73984.0,222.0,9.4995,0.0226,566.5336,80.0,4.0,76.0,25.0,0.0,0.0,0.0,88,29
44,24,704,384,720,400,290.0,370.0,-287.0,-207.0,1,288,73728.0,211.0,9.4912,0.0222,446.5582,46.0,3.0,43.0,14.0,0.0,0.0,0.0,54,21
45,24,720,384,736,400,370.0,450.0,-287.0,-207.0,1,283,72448.0,199.0,9.4092,0.0217,393.8433,123.0,5.0,118.0,32.0,1.0,0.0,1.0,115,31
46,24,736,384,752,400,450.0,530.0,-287.0,-207.0,1,268,68608.0,180.0,9.0494,0.0212,298.7575,168.0,0.0,168.0,39.0,0.0,0.0,0.0,118,28
53,24,848,384,864,400,1010.0,1090.0,-287.0,-207.0,1,63,16128.0,64.0,4.6325,0.0155,0.4585,0.0,0.0,0.0,0.0,0.0,0.0,0.0,0,0
54,24,864,384,880,400,1090.0,1170.0,-287.0,-207.0,1,115,29440.0,96.0,5.6878,0.0156,6.6951,5885.0,6.0,5879.0,92.0,0.0,0.0,0.0,98,50
55,24,880,384,896,400,1170.0,1250.0,-287.0,-207.0,1,129,33024.0,114.0,6.1297,0.0155,41.8206,5771.0,5.0,5766.0,183.0,0.0,0.0,0.0,185,65
56,24,896,384,912,400,1250.0,1330.0,-287.0,-207.0,1,147,37632.0,143.0,6.333,0.0154,118.2142,476.0,0.0,476.0,92.0,0.0,0.0,0.0,170,57
57,24,912,384,928,400,1330.0,1410.0,-287.0,-207.0,1,165,42240.0,148.0,6.4761,0.0153,251.5091,337.0,0.0,337.0,24.0,1.0,0.0,1.0,59,22
58,24,928,384,944,400,1410.0,1490.0,-287.0,-207.0,1,163,41728.0,152.0,6.434,0.0151,501.2723,3.0,0.0,3.0,0.0,0.0,0.0,0.0,2,1
10,25,160,400,176,416,-2430.0,-2350.0,-367.0,-287.0,1,382,97792.0,210.0,10.3878,0.0174,467.8883,70.0,13.0,57.0,0.0,0.0,0.0,0.0,21,9
11,25,176,400,192,416,-2350.0,-2270.0,-367.0,-287.0,1,417,106752.0,257.0,10.7044,0.0179,697.0854,103.0,90.0,13.0,0.0,0.0,0.0,0.0,120,34
12,25,192,400,208,416,-2270.0,-2190.0,-367.0,-287.0,1,445,113920.0,252.0,10.8864,0.0184,626.348,0.0,0.0,0.0,0.0,0.0,0.0,0.0,0,0
13,25,208,400,224,416,-2190.0,-2110.0,-367.0,-287.0,1,444,113664.0,248.0,10.8107,0.0189,495.2217,0.0,0.0,0.0,0.0,0.0,0.0,0.0,0,0
14,25,224,400,240,416,-2110.0,-2030.0,-367.0,-287.0,1,427,109312.0,243.0,10.5386,0.0194,359.0214,0.0,0.0,0.0,0.0,0.0,0.0,0.0,0,0
15,25,240,400,256,416,-2030.0,-1950.0,-367.0,-287.0,1,416,106496.0,234.0,10.2028,0.0199,251.2753,5.0,5.0,0.0,0.0,0.0,0.0,0.0,2,1
16,25,256,400,272,416,-1950.0,-1870.0,-367.0,-287.0,1,406,103936.0,213.0,9.4747,0.0204,157.5237,424.0,376.0,48.0,177.0,0.0,0.0,0.0,438,75
17,25,272,400,288,416,-1870.0,-1790.0,-367.0,-287.0,1,398,101888.0,213.0,9.4092,0.0208,150.8462,0.0,0.0,0.0,0.0,0.0,0.0,0.0,0,0
18,25,288,400,304,416,-1790.0,-1710.0,-367.0,-287.0,1,390,99840.0,187.0,8.8364,0.0212,135.3356,0.0,0.0,0.0,0.0,0.0,0.0,0.0,0,0
19,25,304,400,320,416,-1710.0,-1630.0,-367.0,-287.0,1,378,96768.0,179.0,8.64,0.0214,137.3849,0.0,0.0,0.0,0.0,0.0,0.0,0.0,0,0
20,25,320,400,336,416,-1630.0,-1550.0,-367.0,-287.0,1,336,86016.0,168.0,8.2912,0.0214,105.0657,0.0,0.0,0.0,0.0,0.0,0.0,0.0,0,0
25,25,400,400,416,416,-1230.0,-1150.0,-367.0,-287.0,1,395,101120.0,273.0,10.7467,0.0245,577.8802,67.0,61.0,6.0,20.0,0.0,0.0,0.0,60,18
26,25,416,400,432,416,-1150.0,-1070.0,-367.0,-287.0,1,448,114688.0,296.0,11.2463,0.0249,645.9357,86.0,81.0,5.0,0.0,0.0,0.0,0.0,34,6
27,25,432,400,448,416,-1070.0,-990.0,-367.0,-287.0,1,485,124160.0,297.0,11.6932,0.0253,720.7982,179.0,8.0,171.0,1.0,0.0,0.0,0.0,118,32
28,25,448,400,464,416,-990.0,-910.0,-367.0,-287.0,1,514,131584.0,301.0,12.0692,0.0256,797.8297,146.0,5.0,141.0,2.0,1.0,0.0,1.0,82,27
29,25,464,400,480,416,-910.0,-830.0,-367.0,-287.0,1,550,140800.0,305.0,12.5419,0.0258,907.2157,163.0,119.0,44.0,16.0,7.0,6.0,1.0,96,28
30,25,480,400,496,416,-830.0,-750.0,-367.0,-287.0,1,565,144640.0,319.0,12.7925,0.026,1121.809,149.0,103.0,46.0,1.0,0.0,0.0,0.0,75,23
31,25,496,400,512,416,-750.0,-670.0,-367.0,-287.0,1,532,136192.0,311.0,12.301,0.0261,979.9383,207.0,155.0,52.0,11.0,3.0,3.0,0.0,135,41
32,25,512,400,528,416,-670.0,-590.0,-367.0,-287.0,1,479,122624.0,298.0,11.5813,0.026,815.8399,179.0,61.0,118.0,12.0,2.0,0.0,2.0,94,34
33,25,528,400,544,416,-590.0,-510.0,-367.0,-287.0,1,344,88064.0,219.0,9.7811,0.0259,302.9059,278.0,14.0,264.0,21.0,1.0,0.0,1.0,95,28
34,25,544,400,560,416,-510.0,-430.0,-367.0,-287.0,1,321,82176.0,209.0,9.5328,0.0257,253.2358,173.0,16.0,157.0,8.0,2.0,1.0,1.0,99,26
35,25,560,400,576,416,-430.0,-350.0,-367.0,-287.0,1,297,76032.0,206.0,9.2967,0.0255,197.953,134.0,20.0,114.0,9.0,0.0,0.0,0.0,84,26
36,25,576,400,592,416,-350.0,-270.0,-367.0,-287.0,1,275,70400.0,187.0,9.1176,0.0253,142.6615,104.0,28.0,76.0,9.0,0.0,0.0,0.0,76,26
37,25,592,400,608,416,-270.0,-190.0,-367.0,-287.0,1,266,68096.0,170.0,8.8941,0.025,117.6661,96.0,20.0,76.0,6.0,1.0,1.0,0.0,63,24
38,25,608,400,624,416,-190.0,-110.0,-367.0,-287.0,1,256,65536.0,160.0,8.6127,0.0247,82.0753,75.0,2.0,73.0,7.0,0.0,0.0,0.0,62,21
39,25,624,400,640,416,-110.0,-30.0,-367.0,-287.0,1,261,66816.0,164.0,8.6606,0.0244,106.0121,72.0,0.0,72.0,3.0,0.0,0.0,0.0,54,18
40,25,640,400,656,416,-30.0,50.0,-367.0,-287.0,1,268,68608.0,174.0,8.7371,0.0242,123.8217,87.0,3.0,84.0,6.0,0.0,0.0,0.0,66,23
41,25,656,400,672,416,50.0,130.0,-367.0,-287.0,1,305,78080.0,213.0,9.5831,0.0238,656.9152,117.0,19.0,98.0,6.0,0.0,0.0,0.0,86,31
42,25,672,400,688,416,130.0,210.0,-367.0,-287.0,1,311,79616.0,213.0,9.6682,0.0234,611.7574,139.0,9.0,130.0,20.0,0.0,0.0,0.0,137,46
43,25,688,400,704,416,210.0,290.0,-367.0,-287.0,1,313,80128.0,225.0,9.694,0.0229,647.0311,81.0,3.0,78.0,19.0,1.0,1.0,0.0,78,26
44,25,704,400,720,416,290.0,370.0,-367.0,-287.0,1,303,77568.0,216.0,9.634,0.0225,495.6735,56.0,3.0,53.0,12.0,0.0,0.0,0.0,54,23
45,25,720,400,736,416,370.0,450.0,-367.0,-287.0,1,290,74240.0,193.0,9.45,0.022,361.9116,97.0,4.0,93.0,32.0,0.0,0.0,0.0,89,26
46,25,736,400,752,416,450.0,530.0,-367.0,-287.0,1,277,70912.0,180.0,9.1252,0.0214,325.4148,124.0,0.0,124.0,21.0,1.0,0.0,1.0,117,31
54,25,864,400,880,416,1090.0,1170.0,-367.0,-287.0,1,114,29184.0,96.0,5.6848,0.0157,6.4279,41.0,5.0,36.0,24.0,0.0,0.0,0.0,56,21
55,25,880,400,896,416,1170.0,1250.0,-367.0,-287.0,1,130,33280.0,120.0,6.1505,0.0157,43.715,4989.0,5.0,4984.0,131.0,1.0,0.0,1.0,189,62
56,25,896,400,912,416,1250.0,1330.0,-367.0,-287.0,1,151,38656.0,144.0,6.385,0.0156,114.6124,6006.0,0.0,6006.0,202.0,0.0,0.0,0.0,145,59
57,25,912,400,928,416,1330.0,1410.0,-367.0,-287.0,1,172,44032.0,150.0,6.5305,0.0154,290.8364,335.0,0.0,335.0,24.0,1.0,0.0,1.0,50,20
58,25,928,400,944,416,1410.0,1490.0,-367.0,-287.0,1,105,26880.0,128.0,5.7906,0.0152,175.3746,6.0,0.0,6.0,1.0,0.0,0.0,0.0,3,2
10,26,160,416,176,432,-2430.0,-2350.0,-447.0,-367.0,1,363,92928.0,174.0,8.0342,0.0175,119.3917,66.0,31.0,35.0,0.0,1.0,1.0,0.0,26,9
11,26,176,416,192,432,-2350.0,-2270.0,-447.0,-367.0,1,369,94464.0,175.0,8.07,0.018,122.504,173.0,156.0,17.0,0.0,0.0,0.0,0.0,120,32
12,26,192,416,208,432,-2270.0,-2190.0,-447.0,-367.0,1,395,101120.0,248.0,10.4276,0.0185,575.5917,0.0,0.0,0.0,0.0,0.0,0.0,0.0,0,0
13,26,208,416,224,432,-2190.0,-2110.0,-447.0,-367.0,1,420,107520.0,247.0,10.498,0.019,498.3389,0.0,0.0,0.0,0.0,0.0,0.0,0.0,0,0
14,26,224,416,240,432,-2110.0,-2030.0,-447.0,-367.0,1,418,107008.0,227.0,10.1552,0.0196,334.4414,29.0,27.0,2.0,0.0,0.0,0.0,0.0,18,5
15,26,240,416,256,432,-2030.0,-1950.0,-447.0,-367.0,1,405,103680.0,214.0,9.5161,0.0201,218.6466,51.0,50.0,1.0,3.0,0.0,0.0,0.0,50,16
16,26,256,416,272,432,-1950.0,-1870.0,-447.0,-367.0,1,400,102400.0,210.0,9.4582,0.0206,185.7409,340.0,322.0,18.0,165.0,0.0,0.0,0.0,423,75
17,26,272,416,288,432,-1870.0,-1790.0,-447.0,-367.0,1,399,102144.0,208.0,9.4255,0.021,167.9331,0.0,0.0,0.0,0.0,0.0,0.0,0.0,0,0
18,26,288,416,304,432,-1790.0,-1710.0,-447.0,-367.0,1,408,104448.0,227.0,9.4747,0.0214,206.3887,0.0,0.0,0.0,0.0,0.0,0.0,0.0,0,0
19,26,304,416,320,432,-1710.0,-1630.0,-447.0,-367.0,1,379,97024.0,181.0,8.6952,0.0217,140.7485,0.0,0.0,0.0,0.0,0.0,0.0,0.0,0,0
20,26,320,416,336,432,-1630.0,-1550.0,-447.0,-367.0,1,333,85248.0,166.0,8.2786,0.0217,103.325,0.0,0.0,0.0,0.0,0.0,0.0,0.0,0,0
25,26,400,416,416,432,-1230.0,-1150.0,-447.0,-367.0,1,397,101632.0,239.0,10.6209,0.0247,505.0634,138.0,125.0,13.0,27.0,1.0,1.0,0.0,66,19
26,26,416,416,432,432,-1150.0,-1070.0,-447.0,-367.0,1,434,111104.0,287.0,11.0522,0.0252,616.1331,114.0,114.0,0.0,41.0,0.0,0.0,0.0,28,6
27,26,432,416,448,432,-1070.0,-990.0,-447.0,-367.0,1,469,120064.0,296.0,11.4594,0.0256,678.9464,229.0,38.0,191.0,22.0,1.0,1.0,0.0,133,32
28,26,448,416,464,432,-990.0,-910.0,-447.0,-367.0,1,507,129792.0,295.0,11.9631,0.0259,772.7588,491.0,117.0,374.0,54.0,2.0,0.0,2.0,128,31
29,26,464,416,480,432,-910.0,-830.0,-447.0,-367.0,1,538,137728.0,307.0,12.3991,0.0261,912.9036,103.0,47.0,56.0,8.0,1.0,1.0,0.0,54,16
30,26,480,416,496,432,-830.0,-750.0,-447.0,-367.0,1,543,139008.0,304.0,12.4701,0.0263,961.0601,50.0,26.0,24.0,2.0,0.0,0.0,0.0,42,15
31,26,496,416,512,432,-750.0,-670.0,-447.0,-367.0,1,516,132096.0,300.0,12.0692,0.0264,817.3078,67.0,29.0,38.0,2.0,1.0,0.0,1.0,55,20
32,26,512,416,528,432,-670.0,-590.0,-447.0,-367.0,1,486,124416.0,289.0,11.7058,0.0264,742.8729,62.0,20.0,42.0,1.0,0.0,0.0,0.0,71,27
33,26,528,416,544,432,-590.0,-510.0,-447.0,-367.0,1,445,113920.0,276.0,11.2,0.0263,638.0724,67.0,26.0,41.0,6.0,1.0,1.0,0.0,60,22
34,26,544,416,560,432,-510.0,-430.0,-447.0,-367.0,1,377,96512.0,271.0,10.4476,0.0262,450.1322,51.0,19.0,32.0,0.0,0.0,0.0,0.0,46,16
35,26,560,416,576,432,-430.0,-350.0,-447.0,-367.0,1,303,77568.0,210.0,9.4173,0.026,194.7135,66.0,24.0,42.0,0.0,0.0,0.0,0.0,52,18
36,26,576,416,592,432,-350.0,-270.0,-447.0,-367.0,1,280,71680.0,187.0,9.1714,0.0257,121.3224,40.0,8.0,32.0,0.0,0.0,0.0,0.0,46,16
37,26,592,416,608,432,-270.0,-190.0,-447.0,-367.0,1,274,70144.0,173.0,9.0947,0.0255,114.9199,41.0,9.0,32.0,3.0,0.0,0.0,0.0,48,17
38,26,608,416,624,432,-190.0,-110.0,-447.0,-367.0,1,271,69376.0,171.0,8.9674,0.0252,114.3943,67.0,16.0,51.0,14.0,1.0,0.0,1.0,59,22
39,26,624,416,640,432,-110.0,-30.0,-447.0,-367.0,1,271,69376.0,169.0,8.7231,0.0248,95.1863,57.0,16.0,41.0,9.0,0.0,0.0,0.0,56,23
40,26,640,416,656,432,-30.0,50.0,-447.0,-367.0,1,288,73728.0,202.0,9.4092,0.0245,403.2969,36.0,10.0,26.0,5.0,0.0,0.0,0.0,46,22
41,26,656,416,672,432,50.0,130.0,-447.0,-367.0,1,308,78848.0,211.0,9.6255,0.0241,555.1345,55.0,9.0,46.0,11.0,0.0,0.0,0.0,64,22
42,26,672,416,688,432,130.0,210.0,-447.0,-367.0,1,316,80896.0,220.0,9.7461,0.0237,623.5684,63.0,0.0,63.0,15.0,0.0,0.0,0.0,70,27
43,26,688,416,704,432,210.0,290.0,-447.0,-367.0,1,312,79872.0,227.0,9.694,0.0232,628.5582,68.0,4.0,64.0,20.0,0.0,0.0,0.0,70,20
44,26,704,416,720,432,290.0,370.0,-447.0,-367.0,1,301,77056.0,218.0,9.6255,0.0227,490.6586,45.0,2.0,43.0,6.0,0.0,0.0,0.0,54,21
45,26,720,416,736,432,370.0,450.0,-447.0,-367.0,1,291,74496.0,196.0,9.5244,0.0222,393.404,74.0,3.0,71.0,27.0,0.0,0.0,0.0,86,29
46,26,736,416,752,432,450.0,530.0,-447.0,-367.0,1,277,70912.0,172.0,9.1406,0.0217,371.8432,115.0,0.0,115.0,16.0,0.0,0.0,0.0,107,29
54,26,864,416,880,432,1090.0,1170.0,-447.0,-367.0,1,113,28928.0,95.0,5.6818,0.0159,6.2046,43.0,6.0,37.0,21.0,0.0,0.0,0.0,54,22
55,26,880,416,896,432,1170.0,1250.0,-447.0,-367.0,1,131,33536.0,129.0,6.2137,0.0158,38.3356,131.0,9.0,122.0,67.0,0.0,0.0,0.0,186,54
56,26,896,416,912,432,1250.0,1330.0,-447.0,-367.0,1,156,39936.0,144.0,6.4113,0.0157,116.4868,104.0,3.0,101.0,62.0,0.0,0.0,0.0,136,42
57,26,912,416,928,432,1330.0,1410.0,-447.0,-367.0,1,181,46336.0,149.0,6.6058,0.0156,301.7538,35.0,0.0,35.0,13.0,0.0,0.0,0.0,42,15
10,27,160,432,176,448,-2430.0,-2350.0,-527.0,-447.0,1,350,89600.0,182.0,8.0342,0.0175,127.572,9.0,6.0,3.0,0.0,0.0,0.0,0.0,8,4
11,27,176,432,192,448,-2350.0,-2270.0,-527.0,-447.0,1,349,89344.0,170.0,7.8546,0.018,94.2502,169.0,160.0,9.0,0.0,4.0,4.0,0.0,125,35
12,27,192,432,208,448,-2270.0,-2190.0,-527.0,-447.0,1,344,88064.0,166.0,7.7539,0.0185,69.4309,105.0,98.0,7.0,0.0,0.0,0.0,0.0,92,31
13,27,208,432,224,448,-2190.0,-2110.0,-527.0,-447.0,1,353,90368.0,192.0,9.265,0.0191,205.4967,40.0,36.0,4.0,0.0,0.0,0.0,0.0,40,17
14,27,224,432,240,448,-2110.0,-2030.0,-527.0,-447.0,1,401,102656.0,221.0,9.5831,0.0196,395.8552,45.0,41.0,4.0,0.0,0.0,0.0,0.0,34,11
15,27,240,432,256,448,-2030.0,-1950.0,-527.0,-447.0,1,407,104192.0,216.0,9.6085,0.0202,321.489,82.0,80.0,2.0,2.0,1.0,1.0,0.0,57,18
16,27,256,432,272,448,-1950.0,-1870.0,-527.0,-447.0,1,401,102656.0,207.0,9.4829,0.0207,234.6946,206.0,204.0,2.0,79.0,0.0,0.0,0.0,269,69
17,27,272,432,288,448,-1870.0,-1790.0,-527.0,-447.0,1,397,101632.0,206.0,9.4336,0.0212,195.8562,215.0,205.0,10.0,132.0,0.0,0.0,0.0,319,74
18,27,288,432,304,448,-1790.0,-1710.0,-527.0,-447.0,1,417,106752.0,236.0,9.5747,0.0216,239.6605,5.0,5.0,0.0,0.0,0.0,0.0,0.0,2,1
19,27,304,432,320,448,-1710.0,-1630.0,-527.0,-447.0,1,391,100096.0,197.0,9.3206,0.022,185.2063,23.0,23.0,0.0,0.0,0.0,0.0,0.0,6,2
20,27,320,432,336,448,-1630.0,-1550.0,-527.0,-447.0,1,335,85760.0,168.0,8.2976,0.0221,107.3661,0.0,0.0,0.0,0.0,0.0,0.0,0.0,0,0
24,27,384,432,400,448,-1310.0,-1230.0,-527.0,-447.0,1,307,78592.0,213.0,9.7987,0.0243,356.1725,155.0,102.0,53.0,26.0,1.0,1.0,0.0,66,21
25,27,400,432,416,448,-1230.0,-1150.0,-527.0,-447.0,1,399,102144.0,230.0,10.5693,0.0249,455.1689,289.0,245.0,44.0,112.0,2.0,2.0,0.0,178,35
26,27,416,432,432,448,-1150.0,-1070.0,-527.0,-447.0,1,419,107264.0,255.0,10.9082,0.0254,560.053,192.0,102.0,90.0,26.0,0.0,0.0,0.0,82,17
27,27,432,432,448,448,-1070.0,-990.0,-527.0,-447.0,1,458,117248.0,288.0,11.3518,0.0258,644.2241,172.0,45.0,127.0,27.0,0.0,0.0,0.0,146,35
28,27,448,432,464,448,-990.0,-910.0,-527.0,-447.0,1,492,125952.0,295.0,11.7691,0.0261,745.8006,211.0,79.0,132.0,48.0,1.0,1.0,0.0,148,31
29,27,464,432,480,448,-910.0,-830.0,-527.0,-447.0,1,521,133376.0,298.0,12.1229,0.0264,812.2244,12.0,8.0,4.0,3.0,0.0,0.0,0.0,16,8
30,27,480,432,496,448,-830.0,-750.0,-527.0,-447.0,1,525,134400.0,298.0,12.1772,0.0266,843.6303,15.0,12.0,3.0,2.0,0.0,0.0,0.0,10,5
31,27,496,432,512,448,-750.0,-670.0,-527.0,-447.0,1,504,129024.0,280.0,11.9238,0.0266,694.1176,34.0,31.0,3.0,21.0,1.0,1.0,0.0,16,8
32,27,512,432,528,448,-670.0,-590.0,-527.0,-447.0,1,477,122112.0,275.0,11.5936,0.0267,668.8645,28.0,13.0,15.0,0.0,2.0,1.0,1.0,29,14
33,27,528,432,544,448,-590.0,-510.0,-527.0,-447.0,1,449,114944.0,271.0,11.2347,0.0266,584.5036,22.0,7.0,15.0,0.0,0.0,0.0,0.0,27,12
34,27,544,432,560,448,-510.0,-430.0,-527.0,-447.0,1,422,108032.0,280.0,10.9521,0.0265,591.0478,43.0,13.0,30.0,0.0,0.0,0.0,0.0,24,9
35,27,560,432,576,448,-430.0,-350.0,-527.0,-447.0,1,362,92672.0,273.0,10.3189,0.0263,414.7908,29.0,3.0,26.0,0.0,0.0,0.0,0.0,26,7
36,27,576,432,592,448,-350.0,-270.0,-527.0,-447.0,1,308,78848.0,238.0,9.7287,0.0261,212.2583,17.0,0.0,17.0,0.0,0.0,0.0,0.0,12,6
37,27,592,432,608,448,-270.0,-190.0,-527.0,-447.0,1,276,70656.0,174.0,9.1406,0.0258,104.2747,16.0,2.0,14.0,0.0,0.0,0.0,0.0,12,7
38,27,608,432,624,448,-190.0,-110.0,-527.0,-447.0,1,278,71168.0,178.0,9.1482,0.0255,117.3242,22.0,4.0,18.0,1.0,0.0,0.0,0.0,22,11
39,27,624,432,640,448,-110.0,-30.0,-527.0,-447.0,1,279,71424.0,185.0,9.3848,0.0251,250.1637,34.0,8.0,26.0,2.0,0.0,0.0,0.0,38,18
40,27,640,432,656,448,-30.0,50.0,-527.0,-447.0,1,292,74752.0,201.0,9.4418,0.0247,420.5474,58.0,16.0,42.0,4.0,0.0,0.0,0.0,62,27
41,27,656,432,672,448,50.0,130.0,-527.0,-447.0,1,313,80128.0,210.0,9.6682,0.0243,553.0949,75.0,7.0,68.0,8.0,0.0,0.0,0.0,71,28
42,27,672,432,688,448,130.0,210.0,-527.0,-447.0,1,309,79104.0,214.0,9.6682,0.0239,537.9228,88.0,4.0,84.0,29.0,0.0,0.0,0.0,80,22
43,27,688,432,704,448,210.0,290.0,-527.0,-447.0,1,303,77568.0,214.0,9.617,0.0234,473.2543,59.0,5.0,54.0,9.0,0.0,0.0,0.0,70,21
44,27,704,432,720,448,290.0,370.0,-527.0,-447.0,1,305,78080.0,226.0,9.634,0.0229,656.8523,75.0,0.0,75.0,3.0,0.0,0.0,0.0,65,23
45,27,720,432,736,448,370.0,450.0,-527.0,-447.0,1,292,74752.0,199.0,9.5161,0.0224,420.503,165.0,2.0,163.0,38.0,1.0,0.0,1.0,138,34
46,27,736,432,752,448,450.0,530.0,-527.0,-447.0,1,278,71168.0,169.0,9.3126,0.0219,321.366,319.0,0.0,319.0,39.0,0.0,0.0,0.0,153,29
54,27,864,432,880,448,1090.0,1170.0,-527.0,-447.0,1,112,28672.0,94.0,5.6818,0.0161,2.9029,44.0,6.0,38.0,15.0,0.0,0.0,0.0,58,22
55,27,880,432,896,448,1170.0,1250.0,-527.0,-447.0,1,137,35072.0,138.0,6.2746,0.0161,49.9087,132.0,15.0,117.0,57.0,0.0,0.0,0.0,179,45
56,27,896,432,912,448,1250.0,1330.0,-527.0,-447.0,1,163,41728.0,146.0,6.4916,0.016,133.2955,79.0,0.0,79.0,51.0,0.0,0.0,0.0,124,42
57,27,912,432,928,448,1330.0,1410.0,-527.0,-447.0,1,190,48640.0,153.0,6.7242,0.0158,324.1808,30.0,0.0,30.0,10.0,0.0,0.0,0.0,34,13
10,28,160,448,176,464,-2430.0,-2350.0,-607.0,-527.0,1,355,90880.0,232.0,10.1552,0.0174,342.2522,5.0,5.0,0.0,0.0,0.0,0.0,0.0,2,1
11,28,176,448,192,464,-2350.0,-2270.0,-607.0,-527.0,1,348,89088.0,214.0,10.0059,0.018,216.0145,24.0,20.0,4.0,0.0,0.0,0.0,0.0,18,7
12,28,192,448,208,464,-2270.0,-2190.0,-607.0,-527.0,1,342,87552.0,189.0,7.7373,0.0185,74.1108,64.0,60.0,4.0,0.0,0.0,0.0,0.0,54,18
13,28,208,448,224,464,-2190.0,-2110.0,-607.0,-527.0,1,341,87296.0,174.0,7.6557,0.0191,59.9774,87.0,83.0,4.0,0.0,0.0,0.0,0.0,92,30
14,28,224,448,240,464,-2110.0,-2030.0,-607.0,-527.0,1,334,85504.0,158.0,7.5079,0.0197,48.3765,135.0,131.0,4.0,3.0,0.0,0.0,0.0,96,30
15,28,240,448,256,464,-2030.0,-1950.0,-607.0,-527.0,1,387,99072.0,219.0,9.4912,0.0202,431.9678,223.0,220.0,3.0,1.0,2.0,2.0,0.0,95,31
16,28,256,448,272,464,-1950.0,-1870.0,-607.0,-527.0,1,403,103168.0,211.0,9.5747,0.0208,346.459,93.0,86.0,7.0,6.0,1.0,1.0,0.0,109,35
17,28,272,448,288,464,-1870.0,-1790.0,-607.0,-527.0,1,398,101888.0,210.0,9.4829,0.0213,252.8038,309.0,299.0,10.0,159.0,1.0,1.0,0.0,419,75
18,28,288,448,304,464,-1790.0,-1710.0,-607.0,-527.0,1,414,105984.0,239.0,9.5831,0.0218,264.4228,299.0,257.0,42.0,100.0,0.0,0.0,0.0,245,66
19,28,304,448,320,464,-1710.0,-1630.0,-607.0,-527.0,1,422,108032.0,232.0,9.617,0.0223,278.9832,83.0,83.0,0.0,14.0,0.0,0.0,0.0,58,20
20,28,320,448,336,464,-1630.0,-1550.0,-607.0,-527.0,1,351,89856.0,173.0,8.4587,0.0225,121.0307,1.0,1.0,0.0,0.0,0.0,0.0,0.0,2,1
24,28,384,448,400,464,-1310.0,-1230.0,-607.0,-527.0,1,359,91904.0,212.0,10.222,0.0246,423.9382,459.0,432.0,27.0,132.0,2.0,1.0,1.0,127,31
25,28,400,448,416,464,-1230.0,-1150.0,-607.0,-527.0,1,404,103424.0,231.0,10.6834,0.0251,514.5484,314.0,287.0,27.0,173.0,1.0,1.0,0.0,216,40
26,28,416,448,432,464,-1150.0,-1070.0,-607.0,-527.0,1,410,104960.0,230.0,10.6939,0.0256,449.8855,228.0,159.0,69.0,96.0,0.0,0.0,0.0,146,40
27,28,432,448,448,464,-1070.0,-990.0,-607.0,-527.0,1,434,111104.0,276.0,11.041,0.026,589.5676,150.0,40.0,110.0,22.0,0.0,0.0,0.0,144,32
28,28,448,448,464,464,-990.0,-910.0,-607.0,-527.0,1,471,120576.0,289.0,11.4473,0.0263,670.9069,146.0,31.0,115.0,21.0,0.0,0.0,0.0,143,36
29,28,464,448,480,464,-910.0,-830.0,-607.0,-527.0,1,507,129792.0,295.0,11.9631,0.0266,802.0053,76.0,22.0,54.0,7.0,1.0,1.0,0.0,57,19
30,28,480,448,496,464,-830.0,-750.0,-607.0,-527.0,1,506,129536.0,279.0,11.95,0.0268,807.4709,136.0,11.0,125.0,10.0,1.0,1.0,0.0,49,20
31,28,496,448,512,464,-750.0,-670.0,-607.0,-527.0,1,494,126464.0,273.0,11.7818,0.0269,672.212,45.0,12.0,33.0,6.0,0.0,0.0,0.0,42,15
32,28,512,448,528,464,-670.0,-590.0,-607.0,-527.0,1,474,121344.0,272.0,11.52,0.0269,629.4501,61.0,28.0,33.0,15.0,1.0,0.0,1.0,57,24
33,28,528,448,544,464,-590.0,-510.0,-607.0,-527.0,1,452,115712.0,269.0,11.293,0.0268,594.7798,61.0,33.0,28.0,17.0,0.0,0.0,0.0,58,22
34,28,544,448,560,464,-510.0,-430.0,-607.0,-527.0,1,421,107776.0,268.0,10.9411,0.0267,550.7327,86.0,17.0,69.0,14.0,0.0,0.0,0.0,58,22
35,28,560,448,576,464,-430.0,-350.0,-607.0,-527.0,1,375,96000.0,250.0,10.4276,0.0265,366.0083,68.0,17.0,51.0,19.0,1.0,1.0,0.0,58,19
36,28,576,448,592,464,-350.0,-270.0,-607.0,-527.0,1,351,89856.0,244.0,10.1458,0.0263,343.3874,44.0,18.0,26.0,15.0,0.0,0.0,0.0,44,20
37,28,592,448,608,464,-270.0,-190.0,-607.0,-527.0,1,320,81920.0,238.0,9.852,0.026,254.0739,67.0,31.0,36.0,23.0,0.0,0.0,0.0,56,22
38,28,608,448,624,464,-190.0,-110.0,-607.0,-527.0,1,298,76288.0,232.0,9.6511,0.0257,205.6429,75.0,28.0,47.0,14.0,0.0,0.0,0.0,72,31
39,28,624,448,640,464,-110.0,-30.0,-607.0,-527.0,1,290,74240.0,213.0,9.5663,0.0253,372.5262,100.0,19.0,81.0,7.0,0.0,0.0,0.0,92,35
40,28,640,448,656,464,-30.0,50.0,-607.0,-527.0,1,301,77056.0,212.0,9.6768,0.0249,426.7454,74.0,4.0,70.0,6.0,0.0,0.0,0.0,74,30
41,28,656,448,672,464,50.0,130.0,-607.0,-527.0,1,307,78592.0,209.0,9.694,0.0245,469.7393,68.0,10.0,58.0,9.0,0.0,0.0,0.0,64,21
42,28,672,448,688,464,130.0,210.0,-607.0,-527.0,1,306,78336.0,204.0,9.6255,0.024,483.4925,116.0,4.0,112.0,31.0,0.0,0.0,0.0,80,22
43,28,688,448,704,464,210.0,290.0,-607.0,-527.0,1,305,78080.0,209.0,9.6768,0.0236,544.89,26.0,1.0,25.0,2.0,0.0,0.0,0.0,20,7
44,28,704,448,720,464,290.0,370.0,-607.0,-527.0,1,307,78592.0,220.0,9.6511,0.0231,578.7968,40.0,0.0,40.0,6.0,0.0,0.0,0.0,24,9
45,28,720,448,736,464,370.0,450.0,-607.0,-527.0,1,295,75520.0,209.0,9.6,0.0226,424.4612,158.0,0.0,158.0,23.0,0.0,0.0,0.0,134,28
46,28,736,448,752,464,450.0,530.0,-607.0,-527.0,1,281,71936.0,186.0,9.3606,0.0221,320.47,297.0,3.0,294.0,23.0,0.0,0.0,0.0,169,29
54,28,864,448,880,464,1090.0,1170.0,-607.0,-527.0,1,112,28672.0,93.0,5.6818,0.0164,2.0941,59.0,6.0,53.0,18.0,0.0,0.0,0.0,68,24
55,28,880,448,896,464,1170.0,1250.0,-607.0,-527.0,1,144,36864.0,139.0,6.333,0.0164,66.7751,123.0,10.0,113.0,56.0,0.0,0.0,0.0,160,42
56,28,896,448,912,464,1250.0,1330.0,-607.0,-527.0,1,179,45824.0,148.0,6.5978,0.0162,181.2782,90.0,4.0,86.0,68.0,0.0,0.0,0.0,120,42
57,28,912,448,928,464,1330.0,1410.0,-607.0,-527.0,1,206,52736.0,157.0,6.9429,0.016,434.8128,39.0,4.0,35.0,11.0,0.0,0.0,0.0,42,16
10,29,160,464,176,480,-2430.0,-2350.0,-687.0,-607.0,1,360,92160.0,208.0,8.9748,0.0174,245.8776,0.0,0.0,0.0,0.0,0.0,0.0,0.0,0,0
11,29,176,464,192,480,-2350.0,-2270.0,-687.0,-607.0,1,362,92672.0,205.0,8.9526,0.0179,267.2115,34.0,34.0,0.0,0.0,0.0,0.0,0.0,13,5
12,29,192,464,208,480,-2270.0,-2190.0,-687.0,-607.0,1,362,92672.0,201.0,8.9087,0.0185,234.8762,54.0,54.0,0.0,0.0,0.0,0.0,0.0,26,7
13,29,208,464,224,480,-2190.0,-2110.0,-687.0,-607.0,1,360,92160.0,199.0,8.8941,0.0191,226.5557,30.0,30.0,0.0,0.0,0.0,0.0,0.0,30,8
14,29,224,464,240,480,-2110.0,-2030.0,-687.0,-607.0,1,362,92672.0,203.0,9.9784,0.0196,274.9616,62.0,61.0,1.0,1.0,0.0,0.0,0.0,40,13
15,29,240,464,256,480,-2030.0,-1950.0,-687.0,-607.0,1,361,92416.0,204.0,9.9692,0.0202,269.6286,189.0,185.0,4.0,19.0,0.0,0.0,0.0,74,23
16,29,256,464,272,480,-1950.0,-1870.0,-687.0,-607.0,1,394,100864.0,283.0,10.6105,0.0208,676.1583,99.0,93.0,6.0,0.0,0.0,0.0,0.0,90,27
17,29,272,464,288,480,-1870.0,-1790.0,-687.0,-607.0,1,434,111104.0,287.0,11.041,0.0214,731.6605,170.0,151.0,19.0,13.0,1.0,1.0,0.0,179,52
18,29,288,464,304,480,-1790.0,-1710.0,-687.0,-607.0,1,422,108032.0,266.0,10.1175,0.022,363.185,453.0,411.0,42.0,89.0,0.0,0.0,0.0,370,73
19,29,304,464,320,480,-1710.0,-1630.0,-687.0,-607.0,1,437,111872.0,238.0,9.7811,0.0225,342.1794,453.0,431.0,22.0,199.0,1.0,0.0,1.0,537,76
20,29,320,464,336,480,-1630.0,-1550.0,-687.0,-607.0,1,408,104448.0,227.0,9.4995,0.0229,259.1493,35.0,33.0,2.0,4.0,0.0,0.0,0.0,42,17
24,29,384,464,400,480,-1310.0,-1230.0,-687.0,-607.0,1,382,97792.0,214.0,10.3779,0.0248,436.9335,186.0,175.0,11.0,63.0,0.0,0.0,0.0,101,29
25,29,400,464,416,480,-1230.0,-1150.0,-687.0,-607.0,1,404,103424.0,223.0,10.6105,0.0253,447.1233,302.0,265.0,37.0,157.0,3.0,2.0,1.0,243,54
26,29,416,464,432,480,-1150.0,-1070.0,-687.0,-607.0,1,410,104960.0,221.0,10.6729,0.0257,461.3374,401.0,194.0,207.0,95.0,2.0,0.0,2.0,214,52
27,29,432,464,448,480,-1070.0,-990.0,-687.0,-607.0,1,416,106496.0,229.0,10.8,0.0261,489.6406,134.0,24.0,110.0,12.0,0.0,0.0,0.0,112,30
28,29,448,464,464,480,-990.0,-910.0,-687.0,-607.0,1,452,115712.0,286.0,11.2813,0.0265,656.3423,117.0,21.0,96.0,10.0,1.0,0.0,1.0,116,34
29,29,464,464,480,480,-910.0,-830.0,-687.0,-607.0,1,480,122880.0,290.0,11.6184,0.0267,676.9298,75.0,17.0,58.0,10.0,0.0,0.0,0.0,80,32
30,29,480,464,496,480,-830.0,-750.0,-687.0,-607.0,1,496,126976.0,275.0,11.7691,0.0269,648.3507,69.0,12.0,57.0,8.0,0.0,0.0,0.0,53,21
31,29,496,464,512,480,-750.0,-670.0,-687.0,-607.0,1,486,124416.0,271.0,11.6184,0.027,602.5923,45.0,17.0,28.0,5.0,0.0,0.0,0.0,42,18
32,29,512,464,528,480,-670.0,-590.0,-687.0,-607.0,1,475,121600.0,281.0,11.5567,0.027,667.6295,49.0,29.0,20.0,2.0,0.0,0.0,0.0,48,19
33,29,528,464,544,480,-590.0,-510.0,-687.0,-607.0,1,452,115712.0,275.0,11.2813,0.027,599.0838,40.0,11.0,29.0,1.0,0.0,0.0,0.0,42,19
34,29,544,464,560,480,-510.0,-430.0,-687.0,-607.0,1,423,108288.0,285.0,10.9521,0.0268,561.8392,64.0,21.0,43.0,3.0,1.0,0.0,1.0,60,21
35,29,560,464,576,480,-430.0,-350.0,-687.0,-607.0,1,385,98560.0,260.0,10.4376,0.0267,386.5501,45.0,24.0,21.0,4.0,1.0,1.0,0.0,43,17
36,29,576,464,592,480,-350.0,-270.0,-687.0,-607.0,1,366,93696.0,254.0,10.2799,0.0264,362.5974,52.0,17.0,35.0,5.0,0.0,0.0,0.0,52,20
37,29,592,464,608,480,-270.0,-190.0,-687.0,-607.0,1,347,88832.0,256.0,10.0987,0.0261,317.6308,80.0,16.0,64.0,13.0,0.0,0.0,0.0,76,27
38,29,608,464,624,480,-190.0,-110.0,-687.0,-607.0,1,335,85760.0,286.0,10.2509,0.0257,497.4156,61.0,5.0,56.0,10.0,0.0,0.0,0.0,58,21
39,29,624,464,640,480,-110.0,-30.0,-687.0,-607.0,1,327,83712.0,289.0,10.1647,0.0254,649.6305,47.0,2.0,45.0,5.0,0.0,0.0,0.0,52,19
40,29,640,464,656,480,-30.0,50.0,-687.0,-607.0,1,319,81664.0,268.0,10.0893,0.025,635.7942,48.0,8.0,40.0,5.0,0.0,0.0,0.0,44,17
41,29,656,464,672,480,50.0,130.0,-687.0,-607.0,1,313,80128.0,224.0,9.843,0.0246,596.3862,54.0,4.0,50.0,10.0,0.0,0.0,0.0,54,21
42,29,672,464,688,480,130.0,210.0,-687.0,-607.0,1,307,78592.0,210.0,9.6854,0.0241,463.168,58.0,0.0,58.0,22.0,2.0,0.0,2.0,42,13
43,29,688,464,704,480,210.0,290.0,-687.0,-607.0,1,304,77824.0,215.0,9.6,0.0237,465.7301,4.0,0.0,4.0,0.0,0.0,0.0,0.0,4,2
44,29,704,464,720,480,290.0,370.0,-687.0,-607.0,1,303,77568.0,223.0,9.6511,0.0232,483.313,147.0,0.0,147.0,2.0,0.0,0.0,0.0,36,11
45,29,720,464,736,480,370.0,450.0,-687.0,-607.0,1,304,77824.0,234.0,9.6768,0.0228,562.0105,159.0,3.0,156.0,16.0,0.0,0.0,0.0,136,28
46,29,736,464,752,480,450.0,530.0,-687.0,-607.0,1,288,73728.0,199.0,9.3848,0.0222,377.3357,293.0,0.0,293.0,29.0,0.0,0.0,0.0,168,25
54,29,864,464,880,480,1090.0,1170.0,-687.0,-607.0,1,113,28928.0,93.0,5.6878,0.0167,2.4534,73.0,8.0,65.0,24.0,0.0,0.0,0.0,86,30
55,29,880,464,896,480,1170.0,1250.0,-687.0,-607.0,1,154,39424.0,143.0,6.434,0.0167,82.1662,130.0,18.0,112.0,50.0,0.0,0.0,0.0,158,42
56,29,896,464,912,480,1250.0,1330.0,-687.0,-607.0,1,194,49664.0,152.0,6.745,0.0165,252.1469,90.0,3.0,87.0,61.0,0.0,0.0,0.0,132,46
57,29,912,464,928,480,1330.0,1410.0,-687.0,-607.0,1,231,59136.0,161.0,7.5705,0.0162,522.9527,37.0,3.0,34.0,9.0,0.0,0.0,0.0,44,18
11,30,176,480,192,496,-2350.0,-2270.0,-767.0,-687.0,1,364,93184.0,195.0,8.5117,0.0178,336.2646,0.0,0.0,0.0,0.0,0.0,0.0,0.0,0,0
12,30,192,480,208,496,-2270.0,-2190.0,-767.0,-687.0,1,367,93952.0,194.0,8.5317,0.0183,349.5314,0.0,0.0,0.0,0.0,0.0,0.0,0.0,0,0
13,30,208,480,224,496,-2190.0,-2110.0,-767.0,-687.0,1,374,95744.0,198.0,8.5787,0.0189,368.091,0.0,0.0,0.0,0.0,0.0,0.0,0.0,0,0
14,30,224,480,240,496,-2110.0,-2030.0,-767.0,-687.0,1,375,96000.0,196.0,8.5855,0.0195,382.0677,0.0,0.0,0.0,0.0,0.0,0.0,0.0,0,0
15,30,240,480,256,496,-2030.0,-1950.0,-767.0,-687.0,1,375,96000.0,195.0,8.5855,0.0201,389.363,0.0,0.0,0.0,0.0,0.0,0.0,0.0,0,0
16,30,256,480,272,496,-1950.0,-1870.0,-767.0,-687.0,1,381,97536.0,202.0,9.0947,0.0207,487.7924,0.0,0.0,0.0,0.0,0.0,0.0,0.0,0,0
17,30,272,480,288,496,-1870.0,-1790.0,-767.0,-687.0,1,390,99840.0,204.0,9.1714,0.0214,552.5043,0.0,0.0,0.0,0.0,0.0,0.0,0.0,0,0
18,30,288,480,304,496,-1790.0,-1710.0,-767.0,-687.0,1,497,127232.0,286.0,11.0186,0.022,1222.0739,16.0,16.0,0.0,0.0,0.0,0.0,0.0,8,4
19,30,304,480,320,496,-1710.0,-1630.0,-767.0,-687.0,1,545,139520.0,318.0,11.4594,0.0226,1366.7092,127.0,97.0,30.0,29.0,0.0,0.0,0.0,169,49
20,30,320,480,336,496,-1630.0,-1550.0,-767.0,-687.0,1,537,137472.0,308.0,11.3164,0.0231,1312.9329,432.0,420.0,12.0,165.0,0.0,0.0,0.0,538,76
21,30,336,480,352,496,-1550.0,-1470.0,-767.0,-687.0,1,458,117248.0,299.0,11.2696,0.0237,1220.3353,4.0,4.0,0.0,0.0,0.0,0.0,0.0,6,1
22,30,352,480,368,496,-1470.0,-1390.0,-767.0,-687.0,1,368,94208.0,253.0,10.1933,0.0241,666.452,26.0,26.0,0.0,0.0,0.0,0.0,0.0,6,1
23,30,368,480,384,496,-1390.0,-1310.0,-767.0,-687.0,1,384,98304.0,246.0,10.4576,0.0246,609.4668,0.0,0.0,0.0,0.0,0.0,0.0,0.0,0,0
24,30,384,480,400,496,-1310.0,-1230.0,-767.0,-687.0,1,410,104960.0,250.0,10.7044,0.025,510.4043,275.0,25.0,250.0,17.0,0.0,0.0,0.0,12,7
25,30,400,480,416,496,-1230.0,-1150.0,-767.0,-687.0,1,419,107264.0,251.0,10.8,0.0254,502.1629,941.0,893.0,48.0,506.0,6.0,6.0,0.0,374,69
26,30,416,480,432,496,-1150.0,-1070.0,-767.0,-687.0,1,420,107520.0,247.0,10.8107,0.0258,551.4283,207.0,127.0,80.0,86.0,1.0,1.0,0.0,185,50
27,30,432,480,448,496,-1070.0,-990.0,-767.0,-687.0,1,420,107520.0,245.0,10.7786,0.0262,532.4384,322.0,64.0,258.0,5.0,1.0,0.0,1.0,115,25
28,30,448,480,464,496,-990.0,-910.0,-767.0,-687.0,1,393,100608.0,254.0,10.4576,0.0266,467.6356,198.0,92.0,106.0,17.0,2.0,2.0,0.0,142,30
29,30,464,480,480,496,-910.0,-830.0,-767.0,-687.0,1,447,114432.0,274.0,11.1427,0.0268,512.1246,153.0,91.0,62.0,26.0,1.0,1.0,0.0,124,35
30,30,480,480,496,496,-830.0,-750.0,-767.0,-687.0,1,495,126720.0,284.0,11.7184,0.027,703.621,194.0,82.0,112.0,18.0,0.0,0.0,0.0,158,40
31,30,496,480,512,496,-750.0,-670.0,-767.0,-687.0,1,486,124416.0,283.0,11.6807,0.0271,660.3897,134.0,66.0,68.0,12.0,0.0,0.0,0.0,133,37
32,30,512,480,528,496,-670.0,-590.0,-767.0,-687.0,1,468,119808.0,281.0,11.4715,0.0271,627.8264,99.0,49.0,50.0,0.0,0.0,0.0,0.0,107,34
33,30,528,480,544,496,-590.0,-510.0,-767.0,-687.0,1,453,115968.0,283.0,11.293,0.0271,659.2953,92.0,38.0,54.0,0.0,0.0,0.0,0.0,100,31
34,30,544,480,560,496,-510.0,-430.0,-767.0,-687.0,1,420,107520.0,280.0,10.8864,0.0269,549.6525,93.0,16.0,77.0,3.0,2.0,0.0,2.0,94,30
35,30,560,480,576,496,-430.0,-350.0,-767.0,-687.0,1,378,96768.0,250.0,10.3483,0.0267,356.9899,67.0,10.0,57.0,3.0,0.0,0.0,0.0,68,24
36,30,576,480,592,496,-350.0,-270.0,-767.0,-687.0,1,362,92672.0,244.0,10.1837,0.0264,317.3862,73.0,10.0,63.0,8.0,0.0,0.0,0.0,68,24
37,30,592,480,608,496,-270.0,-190.0,-767.0,-687.0,1,359,91904.0,267.0,10.4176,0.0261,549.7492,66.0,7.0,59.0,5.0,0.0,0.0,0.0,56,22
38,30,608,480,624,496,-190.0,-110.0,-767.0,-687.0,1,356,91136.0,285.0,10.4677,0.0257,731.1554,74.0,18.0,56.0,16.0,0.0,0.0,0.0,56,21
39,30,624,480,640,496,-110.0,-30.0,-767.0,-687.0,1,339,86784.0,283.0,10.3483,0.0253,680.9827,35.0,9.0,26.0,5.0,0.0,0.0,0.0,35,15
40,30,640,480,656,496,-30.0,50.0,-767.0,-687.0,1,339,86784.0,278.0,10.2702,0.025,767.8703,20.0,3.0,17.0,0.0,0.0,0.0,0.0,22,9
41,30,656,480,672,496,50.0,130.0,-767.0,-687.0,1,328,83968.0,264.0,10.1458,0.0246,672.7342,19.0,0.0,19.0,1.0,0.0,0.0,0.0,16,7
42,30,672,480,688,496,130.0,210.0,-767.0,-687.0,1,316,80896.0,241.0,10.0336,0.0241,609.4448,36.0,0.0,36.0,7.0,1.0,0.0,1.0,36,13
43,30,688,480,704,496,210.0,290.0,-767.0,-687.0,1,302,77312.0,209.0,9.6425,0.0237,436.4219,7.0,0.0,7.0,0.0,0.0,0.0,0.0,12,4
44,30,704,480,720,496,290.0,370.0,-767.0,-687.0,1,303,77568.0,218.0,9.6085,0.0233,482.9278,64.0,0.0,64.0,2.0,0.0,0.0,0.0,18,8
45,30,720,480,736,496,370.0,450.0,-767.0,-687.0,1,311,79616.0,240.0,9.7113,0.0229,679.2933,137.0,2.0,135.0,18.0,0.0,0.0,0.0,132,26
46,30,736,480,752,496,450.0,530.0,-767.0,-687.0,1,292,74752.0,214.0,9.5078,0.0224,450.5542,192.0,0.0,192.0,23.0,0.0,0.0,0.0,180,22
54,30,864,480,880,496,1090.0,1170.0,-767.0,-687.0,1,119,30464.0,110.0,6.0852,0.0171,31.6864,95.0,10.0,85.0,33.0,0.0,0.0,0.0,118,38
55,30,880,480,896,496,1170.0,1250.0,-767.0,-687.0,1,178,45568.0,146.0,6.5938,0.017,145.339,134.0,17.0,117.0,42.0,0.0,0.0,0.0,148,44
56,30,896,480,912,496,1250.0,1330.0,-767.0,-687.0,1,227,58112.0,159.0,7.4209,0.0168,396.0135,80.0,3.0,77.0,56.0,0.0,0.0,0.0,112,42
57,30,912,480,928,496,1330.0,1410.0,-767.0,-687.0,1,274,70144.0,180.0,8.106,0.0165,886.3273,52.0,3.0,49.0,15.0,0.0,0.0,0.0,56,22
19,31,304,496,320,512,-1710.0,-1630.0,-847.0,-767.0,1,593,151808.0,324.0,12.301,0.0226,2156.189,44.0,44.0,0.0,0.0,0.0,0.0,0.0,38,11
20,31,320,496,336,512,-1630.0,-1550.0,-847.0,-767.0,1,584,149504.0,316.0,12.0159,0.0232,1879.6759,360.0,347.0,13.0,172.0,0.0,0.0,0.0,507,76
21,31,336,496,352,512,-1550.0,-1470.0,-847.0,-767.0,1,532,136192.0,303.0,11.2579,0.0237,1523.2992,119.0,118.0,1.0,6.0,0.0,0.0,0.0,142,37
22,31,352,496,368,512,-1470.0,-1390.0,-847.0,-767.0,1,456,116736.0,292.0,10.4276,0.0243,1040.2872,1.0,1.0,0.0,0.0,0.0,0.0,0.0,2,1
23,31,368,496,384,512,-1390.0,-1310.0,-847.0,-767.0,1,431,110336.0,281.0,10.1837,0.0247,797.6287,0.0,0.0,0.0,0.0,0.0,0.0,0.0,0,0
24,31,384,496,400,512,-1310.0,-1230.0,-847.0,-767.0,1,425,108800.0,252.0,9.8967,0.0251,613.717,0.0,0.0,0.0,0.0,0.0,0.0,0.0,0,0
25,31,400,496,416,512,-1230.0,-1150.0,-847.0,-767.0,1,426,109056.0,253.0,9.9875,0.0254,588.3993,433.0,388.0,45.0,244.0,1.0,0.0,1.0,422,73
26,31,416,496,432,512,-1150.0,-1070.0,-847.0,-767.0,1,423,108288.0,243.0,9.9329,0.0257,551.8899,188.0,165.0,23.0,72.0,0.0,0.0,0.0,165,45
27,31,432,496,448,512,-1070.0,-990.0,-847.0,-767.0,1,410,104960.0,241.0,9.7811,0.0261,566.4096,99.0,0.0,99.0,0.0,0.0,0.0,0.0,44,12
28,31,448,496,464,512,-990.0,-910.0,-847.0,-767.0,1,350,89600.0,206.0,9.9601,0.0264,252.9242,163.0,23.0,140.0,0.0,2.0,1.0,1.0,79,21
29,31,464,496,480,512,-910.0,-830.0,-847.0,-767.0,1,401,102656.0,266.0,10.6625,0.0268,474.6354,135.0,5.0,130.0,0.0,1.0,0.0,1.0,49,15
30,31,480,496,496,512,-830.0,-750.0,-847.0,-767.0,1,493,126208.0,280.0,11.7564,0.027,773.1358,79.0,25.0,54.0,7.0,0.0,0.0,0.0,54,19
31,31,496,496,512,512,-750.0,-670.0,-847.0,-767.0,1,486,124416.0,276.0,11.6432,0.0271,702.4995,316.0,146.0,170.0,29.0,2.0,2.0,0.0,234,47
32,31,512,496,528,512,-670.0,-590.0,-847.0,-767.0,1,476,121856.0,283.0,11.5567,0.0271,728.6914,350.0,149.0,201.0,20.0,0.0,0.0,0.0,273,57
33,31,528,496,544,512,-590.0,-510.0,-847.0,-767.0,1,453,115968.0,277.0,11.2463,0.0271,679.4806,138.0,10.0,128.0,1.0,0.0,0.0,0.0,99,29
34,31,544,496,560,512,-510.0,-430.0,-847.0,-767.0,1,412,105472.0,274.0,10.768,0.0269,509.7042,204.0,6.0,198.0,6.0,0.0,0.0,0.0,96,28
35,31,560,496,576,512,-430.0,-350.0,-847.0,-767.0,1,370,94720.0,238.0,10.1647,0.0267,332.1525,123.0,5.0,118.0,9.0,0.0,0.0,0.0,77,27
36,31,576,496,592,512,-350.0,-270.0,-847.0,-767.0,1,366,93696.0,243.0,10.222,0.0263,346.8407,94.0,4.0,90.0,7.0,1.0,0.0,1.0,65,25
37,31,592,496,608,512,-270.0,-190.0,-847.0,-767.0,1,361,92416.0,268.0,10.4376,0.026,599.646,85.0,6.0,79.0,2.0,1.0,0.0,1.0,54,19
38,31,608,496,624,512,-190.0,-110.0,-847.0,-767.0,1,359,91904.0,264.0,10.4476,0.0256,853.4133,110.0,5.0,105.0,4.0,1.0,0.0,1.0,58,17
39,31,624,496,640,512,-110.0,-30.0,-847.0,-767.0,1,353,90368.0,263.0,10.3483,0.0252,795.677,43.0,8.0,35.0,2.0,0.0,0.0,0.0,30,12
40,31,640,496,656,512,-30.0,50.0,-847.0,-767.0,1,351,89856.0,274.0,10.3779,0.0248,859.36,39.0,7.0,32.0,2.0,0.0,0.0,0.0,34,14
41,31,656,496,672,512,50.0,130.0,-847.0,-767.0,1,344,88064.0,269.0,10.3189,0.0244,815.404,36.0,8.0,28.0,7.0,0.0,0.0,0.0,34,11
42,31,672,496,688,512,130.0,210.0,-847.0,-767.0,1,339,86784.0,278.0,10.2702,0.0241,774.013,24.0,4.0,20.0,3.0,0.0,0.0,0.0,32,13
43,31,688,496,704,512,210.0,290.0,-847.0,-767.0,1,322,82432.0,257.0,10.0893,0.0237,632.9221,28.0,9.0,19.0,1.0,0.0,0.0,0.0,28,13
44,31,704,496,720,512,290.0,370.0,-847.0,-767.0,1,310,79360.0,232.0,9.9238,0.0233,574.3263,90.0,24.0,66.0,1.0,1.0,1.0,0.0,55,19
45,31,720,496,736,512,370.0,450.0,-847.0,-767.0,1,306,78336.0,227.0,9.6854,0.0229,571.0043,230.0,3.0,227.0,16.0,1.0,0.0,1.0,106,27
46,31,736,496,752,512,450.0,530.0,-847.0,-767.0,1,302,77312.0,233.0,9.6085,0.0225,626.7223,165.0,0.0,165.0,13.0,0.0,0.0,0.0,96,13
54,31,864,496,880,512,1090.0,1170.0,-847.0,-767.0,1,133,34048.0,134.0,6.2638,0.0175,48.8834,116.0,15.0,101.0,42.0,0.0,0.0,0.0,153,43
55,31,880,496,896,512,1170.0,1250.0,-847.0,-767.0,1,215,55040.0,156.0,7.181,0.0174,284.0193,125.0,9.0,116.0,35.0,0.0,0.0,0.0,122,38
56,31,896,496,912,512,1250.0,1330.0,-847.0,-767.0,1,288,73728.0,183.0,8.2162,0.0171,659.8862,81.0,1.0,80.0,60.0,0.0,0.0,0.0,106,42
57,31,912,496,928,512,1330.0,1410.0,-847.0,-767.0,1,329,84224.0,196.0,8.6059,0.0167,1217.7915,63.0,4.0,59.0,18.0,0.0,0.0,0.0,64,24
19,32,304,512,320,528,-1710.0,-1630.0,-927.0,-847.0,1,529,135424.0,324.0,11.6557,0.0225,1997.259,56.0,50.0,6.0,0.0,0.0,0.0,0.0,35,13
20,32,320,512,336,528,-1630.0,-1550.0,-927.0,-847.0,1,582,148992.0,321.0,12.2595,0.0231,1976.9399,258.0,251.0,7.0,175.0,0.0,0.0,0.0,367,74
21,32,336,512,352,528,-1550.0,-1470.0,-927.0,-847.0,1,544,139264.0,313.0,11.5444,0.0237,1589.3888,172.0,160.0,12.0,15.0,0.0,0.0,0.0,193,50
22,32,352,512,368,528,-1470.0,-1390.0,-927.0,-847.0,1,499,127744.0,329.0,10.9411,0.0242,1200.9673,61.0,58.0,3.0,4.0,1.0,0.0,1.0,93,32
23,32,368,512,384,528,-1390.0,-1310.0,-927.0,-847.0,1,454,116224.0,314.0,10.4276,0.0247,874.3127,8.0,8.0,0.0,0.0,0.0,0.0,0.0,1,1
24,32,384,512,400,528,-1310.0,-1230.0,-927.0,-847.0,1,401,102656.0,275.0,9.9057,0.0251,565.9071,25.0,25.0,0.0,4.0,0.0,0.0,0.0,12,5
25,32,400,512,416,528,-1230.0,-1150.0,-927.0,-847.0,1,366,93696.0,244.0,9.3848,0.0254,404.1563,431.0,382.0,49.0,219.0,1.0,1.0,0.0,451,73
26,32,416,512,432,528,-1150.0,-1070.0,-927.0,-847.0,1,314,80384.0,221.0,8.9306,0.0255,243.4773,106.0,90.0,16.0,22.0,0.0,0.0,0.0,119,34
30,32,480,512,496,528,-830.0,-750.0,-927.0,-847.0,1,449,114944.0,227.0,10.368,0.0268,578.3859,213.0,201.0,12.0,41.0,0.0,0.0,0.0,43,16
31,32,496,512,512,528,-750.0,-670.0,-927.0,-847.0,1,457,116992.0,228.0,10.4476,0.0271,569.6255,386.0,167.0,219.0,26.0,2.0,0.0,2.0,254,48
32,32,512,512,528,528,-670.0,-590.0,-927.0,-847.0,1,463,118528.0,272.0,10.5081,0.0271,712.9198,469.0,266.0,203.0,17.0,3.0,1.0,2.0,301,54
33,32,528,512,544,528,-590.0,-510.0,-927.0,-847.0,1,445,113920.0,273.0,10.3189,0.0271,620.8343,67.0,67.0,0.0,3.0,0.0,0.0,0.0,8,2
34,32,544,512,560,528,-510.0,-430.0,-927.0,-847.0,1,387,99072.0,258.0,9.7461,0.0269,408.4307,0.0,0.0,0.0,0.0,0.0,0.0,0.0,0,0
35,32,560,512,576,528,-430.0,-350.0,-927.0,-847.0,1,372,95232.0,236.0,9.3046,0.0265,330.0874,0.0,0.0,0.0,0.0,0.0,0.0,0.0,0,0
36,32,576,512,592,528,-350.0,-270.0,-927.0,-847.0,1,360,92160.0,256.0,10.4276,0.0262,585.472,180.0,0.0,180.0,0.0,1.0,0.0,1.0,76,12
37,32,592,512,608,528,-270.0,-190.0,-927.0,-847.0,1,358,91648.0,249.0,10.2993,0.0257,750.6181,140.0,0.0,140.0,8.0,0.0,0.0,0.0,106,14
38,32,608,512,624,528,-190.0,-110.0,-927.0,-847.0,1,357,91392.0,251.0,10.2605,0.0253,740.2678,119.0,20.0,99.0,1.0,0.0,0.0,0.0,72,14
39,32,624,512,640,528,-110.0,-30.0,-927.0,-847.0,1,361,92416.0,251.0,10.2702,0.0249,890.2884,57.0,9.0,48.0,2.0,1.0,1.0,0.0,38,12
40,32,640,512,656,528,-30.0,50.0,-927.0,-847.0,1,362,92672.0,257.0,10.3878,0.0246,958.7247,40.0,0.0,40.0,3.0,0.0,0.0,0.0,36,11
41,32,656,512,672,528,50.0,130.0,-927.0,-847.0,1,358,91648.0,267.0,10.3483,0.0242,994.5236,35.0,0.0,35.0,2.0,0.0,0.0,0.0,29,11
42,32,672,512,688,528,130.0,210.0,-927.0,-847.0,1,345,88320.0,269.0,10.2702,0.0239,835.4705,80.0,1.0,79.0,4.0,1.0,0.0,1.0,54,16
43,32,688,512,704,528,210.0,290.0,-927.0,-847.0,1,337,86272.0,271.0,10.2509,0.0235,755.8349,45.0,1.0,44.0,3.0,0.0,0.0,0.0,42,14
44,32,704,512,720,528,290.0,370.0,-927.0,-847.0,1,333,85248.0,274.0,10.2124,0.0232,745.3439,42.0,0.0,42.0,4.0,0.0,0.0,0.0,40,13
45,32,720,512,736,528,370.0,450.0,-927.0,-847.0,1,322,82432.0,258.0,10.1081,0.0229,689.6103,16.0,0.0,16.0,2.0,0.0,0.0,0.0,13,7
46,32,736,512,752,528,450.0,530.0,-927.0,-847.0,1,339,86784.0,260.0,10.2028,0.0226,1277.7967,18.0,0.0,18.0,0.0,0.0,0.0,0.0,8,4
54,32,864,512,880,528,1090.0,1170.0,-927.0,-847.0,1,176,45056.0,142.0,6.5739,0.018,132.835,150.0,17.0,133.0,54.0,0.0,0.0,0.0,172,44
55,32,880,512,896,528,1170.0,1250.0,-927.0,-847.0,1,318,81408.0,192.0,8.4917,0.0178,735.1521,161.0,28.0,133.0,35.0,0.0,0.0,0.0,120,36
56,32,896,512,912,528,1250.0,1330.0,-927.0,-847.0,1,341,87296.0,196.0,8.6952,0.0173,938.2706,70.0,2.0,68.0,50.0,0.0,0.0,0.0,98,38
57,32,912,512,928,528,1330.0,1410.0,-927.0,-847.0,1,348,89088.0,200.0,8.7511,0.0169,1423.2688,61.0,3.0,58.0,16.0,0.0,0.0,0.0,64,24
19,33,304,528,320,544,-1710.0,-1630.0,-1007.0,-927.0,1,500,128000.0,321.0,11.4233,0.0224,1886.7445,56.0,47.0,9.0,17.0,0.0,0.0,0.0,58,20
20,33,320,528,336,544,-1630.0,-1550.0,-1007.0,-927.0,1,565,144640.0,337.0,12.2319,0.023,2128.3053,235.0,233.0,2.0,170.0,0.0,0.0,0.0,350,72
21,33,336,528,352,544,-1550.0,-1470.0,-1007.0,-927.0,1,555,142080.0,335.0,11.9894,0.0236,1717.8882,182.0,174.0,8.0,140.0,0.0,0.0,0.0,254,72
22,33,352,528,368,544,-1470.0,-1390.0,-1007.0,-927.0,1,514,131584.0,340.0,11.2696,0.0241,1166.1202,392.0,371.0,21.0,185.0,0.0,0.0,0.0,464,75
23,33,368,528,384,544,-1390.0,-1310.0,-1007.0,-927.0,1,454,116224.0,323.0,10.4576,0.0246,710.9975,1025.0,980.0,45.0,473.0,0.0,0.0,0.0,528,75
24,33,384,528,400,544,-1310.0,-1230.0,-1007.0,-927.0,1,384,98304.0,300.0,9.7636,0.0249,406.8028,863.0,816.0,47.0,278.0,1.0,1.0,0.0,619,75
25,33,400,528,416,544,-1230.0,-1150.0,-1007.0,-927.0,1,319,81664.0,215.0,8.5787,0.0252,175.0342,417.0,382.0,35.0,113.0,0.0,0.0,0.0,423,69
26,33,416,528,432,544,-1150.0,-1070.0,-1007.0,-927.0,1,284,72704.0,190.0,8.2912,0.0253,148.1765,203.0,171.0,32.0,17.0,1.0,0.0,1.0,43,18
30,33,480,528,496,544,-830.0,-750.0,-1007.0,-927.0,1,444,113664.0,222.0,10.3287,0.0266,648.3416,177.0,146.0,31.0,15.0,1.0,0.0,1.0,88,22
31,33,496,528,512,544,-750.0,-670.0,-1007.0,-927.0,1,456,116736.0,228.0,10.4476,0.0269,592.1565,238.0,75.0,163.0,11.0,2.0,0.0,2.0,186,48
32,33,512,528,528,544,-670.0,-590.0,-1007.0,-927.0,1,448,114688.0,228.0,10.368,0.027,549.5187,320.0,208.0,112.0,19.0,1.0,0.0,1.0,250,50
33,33,528,528,544,544,-590.0,-510.0,-1007.0,-927.0,1,425,108800.0,227.0,10.1269,0.027,493.7604,328.0,244.0,84.0,11.0,0.0,0.0,0.0,68,21
34,33,544,528,560,544,-510.0,-430.0,-1007.0,-927.0,1,346,88576.0,186.0,9.0947,0.0267,243.8625,0.0,0.0,0.0,0.0,0.0,0.0,0.0,0,0
35,33,560,528,576,544,-430.0,-350.0,-1007.0,-927.0,1,321,82176.0,171.0,8.8435,0.0262,297.302,8.0,0.0,8.0,0.0,0.0,0.0,0.0,16,2
36,33,576,528,592,544,-350.0,-270.0,-1007.0,-927.0,1,331,84736.0,204.0,9.9148,0.0258,538.2821,140.0,0.0,140.0,1.0,0.0,0.0,0.0,73,11
37,33,592,528,608,544,-270.0,-190.0,-1007.0,-927.0,1,337,86272.0,226.0,10.0428,0.0254,838.1811,61.0,0.0,61.0,5.0,0.0,0.0,0.0,58,5
38,33,608,528,624,544,-190.0,-110.0,-1007.0,-927.0,1,343,87808.0,231.0,10.08,0.025,885.1918,14.0,0.0,14.0,4.0,0.0,0.0,0.0,18,4
39,33,624,528,640,544,-110.0,-30.0,-1007.0,-927.0,1,351,89856.0,240.0,10.1081,0.0246,1029.0012,7.0,4.0,3.0,1.0,0.0,0.0,0.0,8,4
40,33,640,528,656,544,-30.0,50.0,-1007.0,-927.0,1,352,90112.0,243.0,10.1175,0.0242,1081.8973,1.0,0.0,1.0,0.0,0.0,0.0,0.0,2,1
41,33,656,528,672,544,50.0,130.0,-1007.0,-927.0,1,351,89856.0,244.0,9.7461,0.0239,1078.3201,0.0,0.0,0.0,0.0,0.0,0.0,0.0,0,0
42,33,672,528,688,544,130.0,210.0,-1007.0,-927.0,1,343,87808.0,248.0,9.4664,0.0236,872.0742,80.0,0.0,80.0,10.0,0.0,0.0,0.0,22,7
43,33,688,528,704,544,210.0,290.0,-1007.0,-927.0,1,332,84992.0,255.0,10.0336,0.0233,732.5049,12.0,0.0,12.0,1.0,0.0,0.0,0.0,14,6
44,33,704,528,720,544,290.0,370.0,-1007.0,-927.0,1,327,83712.0,264.0,10.0521,0.023,720.513,5.0,0.0,5.0,0.0,0.0,0.0,0.0,3,2
45,33,720,528,736,544,370.0,450.0,-1007.0,-927.0,1,329,84224.0,276.0,10.1742,0.0228,791.9782,0.0,0.0,0.0,0.0,0.0,0.0,0.0,0,0
46,33,736,528,752,544,450.0,530.0,-1007.0,-927.0,1,349,89344.0,290.0,10.4376,0.0226,1175.3255,0.0,0.0,0.0,0.0,0.0,0.0,0.0,0,0
54,33,864,528,880,544,1090.0,1170.0,-1007.0,-927.0,1,343,87808.0,193.0,8.6883,0.0184,778.3577,211.0,24.0,187.0,61.0,0.0,0.0,0.0,214,47
55,33,880,528,896,544,1170.0,1250.0,-1007.0,-927.0,1,358,91648.0,200.0,8.8796,0.018,929.126,108.0,4.0,104.0,25.0,0.0,0.0,0.0,96,32
56,33,896,528,912,544,1250.0,1330.0,-1007.0,-927.0,1,364,93184.0,201.0,8.9379,0.0175,1070.9933,68.0,1.0,67.0,44.0,0.0,0.0,0.0,94,39
57,33,912,528,928,544,1330.0,1410.0,-1007.0,-927.0,1,356,91136.0,201.0,8.8796,0.017,1308.5903,57.0,4.0,53.0,14.0,0.0,0.0,0.0,60,22
19,34,304,544,320,560,-1710.0,-1630.0,-1087.0,-1007.0,1,481,123136.0,323.0,11.2,0.0222,1735.489,99.0,80.0,19.0,27.0,0.0,0.0,0.0,75,30
20,34,320,544,336,560,-1630.0,-1550.0,-1087.0,-1007.0,1,545,139520.0,338.0,11.9894,0.0228,2118.2973,302.0,299.0,3.0,231.0,0.0,0.0,0.0,458,75
21,34,336,544,352,560,-1550.0,-1470.0,-1087.0,-1007.0,1,578,147968.0,360.0,12.4701,0.0234,2040.7327,115.0,114.0,1.0,81.0,0.0,0.0,0.0,168,56
22,34,352,544,368,560,-1470.0,-1390.0,-1087.0,-1007.0,1,535,136960.0,345.0,11.8718,0.0239,1398.7683,38.0,37.0,1.0,8.0,0.0,0.0,0.0,44,20
23,34,368,544,384,560,-1390.0,-1310.0,-1087.0,-1007.0,1,482,123392.0,317.0,10.6729,0.0243,748.8462,7.0,7.0,0.0,0.0,0.0,0.0,0.0,6,3
24,34,384,544,400,560,-1310.0,-1230.0,-1087.0,-1007.0,1,413,105728.0,290.0,9.6425,0.0247,368.0688,559.0,504.0,55.0,31.0,1.0,0.0,1.0,362,62
25,34,400,544,416,560,-1230.0,-1150.0,-1087.0,-1007.0,1,344,88064.0,254.0,9.0045,0.025,237.7321,224.0,209.0,15.0,46.0,0.0,0.0,0.0,225,55
26,34,416,544,432,560,-1150.0,-1070.0,-1087.0,-1007.0,1,283,72448.0,205.0,8.2849,0.025,149.8233,9.0,5.0,4.0,0.0,0.0,0.0,0.0,8,4
30,34,480,544,496,560,-830.0,-750.0,-1087.0,-1007.0,1,396,101376.0,214.0,9.9057,0.0264,627.8515,150.0,72.0,78.0,10.0,0.0,0.0,0.0,79,27
31,34,496,544,512,560,-750.0,-670.0,-1087.0,-1007.0,1,441,112896.0,226.0,10.2896,0.0267,580.3909,190.0,116.0,74.0,15.0,0.0,0.0,0.0,194,46
32,34,512,544,528,560,-670.0,-590.0,-1087.0,-1007.0,1,433,110848.0,232.0,10.222,0.0268,523.2281,169.0,123.0,46.0,11.0,0.0,0.0,0.0,165,43
33,34,528,544,544,560,-590.0,-510.0,-1087.0,-1007.0,1,395,101120.0,240.0,9.852,0.0268,452.3783,404.0,368.0,36.0,24.0,2.0,2.0,0.0,155,36
47,34,752,544,768,560,530.0,610.0,-1087.0,-1007.0,1,257,65792.0,226.0,9.3606,0.0222,812.4117,0.0,0.0,0.0,0.0,0.0,0.0,0.0,0,0
48,34,768,544,784,560,610.0,690.0,-1087.0,-1007.0,1,252,64512.0,177.0,8.1242,0.0217,448.1088,0.0,0.0,0.0,0.0,0.0,0.0,0.0,0,0
49,34,784,544,800,560,690.0,770.0,-1087.0,-1007.0,1,230,58880.0,170.0,8.1546,0.0212,296.6333,37.0,4.0,33.0,0.0,0.0,0.0,0.0,16,6
50,34,800,544,816,560,770.0,850.0,-1087.0,-1007.0,1,255,65280.0,199.0,9.0419,0.0207,1001.5351,75.0,8.0,67.0,0.0,0.0,0.0,0.0,49,18
51,34,816,544,832,560,850.0,930.0,-1087.0,-1007.0,1,265,67840.0,177.0,8.9896,0.0201,627.3165,141.0,16.0,125.0,4.0,0.0,0.0,0.0,78,26
52,34,832,544,848,560,930.0,1010.0,-1087.0,-1007.0,1,277,70912.0,156.0,8.2912,0.0196,140.1583,210.0,21.0,189.0,61.0,0.0,0.0,0.0,161,38
53,34,848,544,864,560,1010.0,1090.0,-1087.0,-1007.0,1,307,78592.0,169.0,8.5855,0.0191,222.3551,240.0,28.0,212.0,57.0,0.0,0.0,0.0,220,46
54,34,864,544,880,560,1090.0,1170.0,-1087.0,-1007.0,1,378,96768.0,206.0,9.3606,0.0186,1147.7131,182.0,16.0,166.0,68.0,0.0,0.0,0.0,197,44
55,34,880,544,896,560,1170.0,1250.0,-1087.0,-1007.0,1,374,95744.0,209.0,9.3365,0.0181,1208.0354,63.0,0.0,63.0,28.0,0.0,0.0,0.0,61,22
56,34,896,544,912,560,1250.0,1330.0,-1087.0,-1007.0,1,376,96256.0,210.0,9.3365,0.0176,1363.978,61.0,0.0,61.0,45.0,0.0,0.0,0.0,90,36
57,34,912,544,928,560,1330.0,1410.0,-1087.0,-1007.0,1,368,94208.0,209.0,9.2336,0.0171,1476.4702,69.0,6.0,63.0,18.0,0.0,0.0,0.0,66,24
19,35,304,560,320,576,-1710.0,-1630.0,-1167.0,-1087.0,1,450,115200.0,325.0,10.843,0.022,1402.0904,66.0,65.0,1.0,47.0,0.0,0.0,0.0,92,39
20,35,320,560,336,576,-1630.0,-1550.0,-1167.0,-1087.0,1,501,128256.0,328.0,11.4353,0.0226,1738.2945,350.0,349.0,1.0,288.0,0.0,0.0,0.0,500,75
21,35,336,560,352,576,-1550.0,-1470.0,-1167.0,-1087.0,1,552,141312.0,333.0,11.8588,0.0231,1861.9708,141.0,139.0,2.0,34.0,0.0,0.0,0.0,92,35
22,35,352,560,368,576,-1470.0,-1390.0,-1167.0,-1087.0,1,570,145920.0,330.0,12.096,0.0236,1719.2173,3.0,3.0,0.0,0.0,0.0,0.0,0.0,6,3
23,35,368,560,384,576,-1390.0,-1310.0,-1167.0,-1087.0,1,554,141824.0,325.0,11.8847,0.0241,1460.4916,39.0,9.0,30.0,0.0,0.0,0.0,0.0,18,6
24,35,384,560,400,576,-1310.0,-1230.0,-1167.0,-1087.0,1,493,126208.0,317.0,11.0747,0.0244,902.4378,498.0,370.0,128.0,22.0,4.0,3.0,1.0,344,61
25,35,400,560,416,576,-1230.0,-1150.0,-1167.0,-1087.0,1,406,103936.0,279.0,9.6596,0.0247,388.0822,364.0,341.0,23.0,41.0,1.0,1.0,0.0,281,63
26,35,416,560,432,576,-1150.0,-1070.0,-1167.0,-1087.0,1,278,71168.0,204.0,8.2348,0.0248,148.5455,16.0,13.0,3.0,0.0,0.0,0.0,0.0,14,5
30,35,480,560,496,576,-830.0,-750.0,-1167.0,-1087.0,1,374,95744.0,216.0,9.7724,0.0261,600.0745,208.0,192.0,16.0,0.0,2.0,2.0,0.0,61,21
31,35,496,560,512,576,-750.0,-670.0,-1167.0,-1087.0,1,426,109056.0,236.0,10.2316,0.0264,577.5131,203.0,140.0,63.0,23.0,2.0,2.0,0.0,211,50
32,35,512,560,528,576,-670.0,-590.0,-1167.0,-1087.0,1,413,105728.0,261.0,10.0521,0.0265,610.7204,195.0,156.0,39.0,20.0,2.0,2.0,0.0,165,41
33,35,528,560,544,576,-590.0,-510.0,-1167.0,-1087.0,1,347,88832.0,226.0,9.0494,0.0264,244.5558,300.0,269.0,31.0,39.0,2.0,2.0,0.0,162,39
47,35,752,560,768,576,530.0,610.0,-1167.0,-1087.0,1,191,48896.0,144.0,6.7998,0.0218,265.4946,16.0,0.0,16.0,0.0,0.0,0.0,0.0,2,2
48,35,768,560,784,576,610.0,690.0,-1167.0,-1087.0,1,222,56832.0,145.0,7.0326,0.0217,292.7945,1.0,0.0,1.0,0.0,0.0,0.0,0.0,2,1
49,35,784,560,800,576,690.0,770.0,-1167.0,-1087.0,1,289,73984.0,238.0,9.6425,0.0212,702.8834,71.0,12.0,59.0,5.0,0.0,0.0,0.0,90,30
50,35,800,560,816,576,770.0,850.0,-1167.0,-1087.0,1,302,77312.0,206.0,8.7935,0.0207,358.8394,241.0,21.0,220.0,61.0,0.0,0.0,0.0,226,42
51,35,816,560,832,576,850.0,930.0,-1167.0,-1087.0,1,317,81152.0,209.0,8.8652,0.0202,313.9132,178.0,11.0,167.0,60.0,0.0,0.0,0.0,186,43
52,35,832,560,848,576,930.0,1010.0,-1167.0,-1087.0,1,336,86016.0,209.0,9.0269,0.0197,297.4697,105.0,10.0,95.0,39.0,0.0,0.0,0.0,136,43
53,35,848,560,864,576,1010.0,1090.0,-1167.0,-1087.0,1,362,92672.0,237.0,9.3848,0.0192,767.3525,48.0,7.0,41.0,11.0,0.0,0.0,0.0,58,22
54,35,864,560,880,576,1090.0,1170.0,-1167.0,-1087.0,1,401,102656.0,242.0,9.8609,0.0186,2023.8745,43.0,0.0,43.0,12.0,0.0,0.0,0.0,46,16
55,35,880,560,896,576,1170.0,1250.0,-1167.0,-1087.0,1,395,101120.0,232.0,9.7811,0.0181,1689.2523,272.0,0.0,272.0,89.0,0.0,0.0,0.0,56,19
56,35,896,560,912,576,1250.0,1330.0,-1167.0,-1087.0,1,391,100096.0,250.0,10.6105,0.0176,2525.213,77.0,0.0,77.0,55.0,0.0,0.0,0.0,100,39
57,35,912,560,928,576,1330.0,1410.0,-1167.0,-1087.0,1,384,98304.0,252.0,10.5284,0.0171,2967.8928,66.0,6.0,60.0,10.0,0.0,0.0,0.0,60,22
19,36,304,576,320,592,-1710.0,-1630.0,-1247.0,-1167.0,1,419,107264.0,303.0,10.3189,0.0217,1045.0578,147.0,143.0,4.0,85.0,0.0,0.0,0.0,172,60
20,36,320,576,336,592,-1630.0,-1550.0,-1247.0,-1167.0,1,489,125184.0,327.0,11.0973,0.0223,1507.0039,288.0,286.0,2.0,219.0,0.0,0.0,0.0,456,74
21,36,336,576,352,592,-1550.0,-1470.0,-1247.0,-1167.0,1,531,135936.0,326.0,11.5936,0.0228,1773.0824,38.0,38.0,0.0,16.0,0.0,0.0,0.0,58,22
22,36,352,576,368,592,-1470.0,-1390.0,-1247.0,-1167.0,1,550,140800.0,328.0,11.8331,0.0233,1717.5883,0.0,0.0,0.0,0.0,0.0,0.0,0.0,0,0
23,36,368,576,384,592,-1390.0,-1310.0,-1247.0,-1167.0,1,564,144384.0,326.0,12.0159,0.0238,1675.5742,0.0,0.0,0.0,0.0,0.0,0.0,0.0,0,0
24,36,384,576,400,592,-1310.0,-1230.0,-1247.0,-1167.0,1,550,140800.0,314.0,11.8331,0.0242,1433.6629,234.0,134.0,100.0,14.0,3.0,2.0,1.0,183,49
25,36,400,576,416,592,-1230.0,-1150.0,-1247.0,-1167.0,1,522,133632.0,305.0,11.4836,0.0245,1148.5543,452.0,404.0,48.0,76.0,0.0,0.0,0.0,430,70
26,36,416,576,432,592,-1150.0,-1070.0,-1247.0,-1167.0,1,425,108800.0,292.0,10.3581,0.0248,667.1728,15.0,11.0,4.0,0.0,0.0,0.0,0.0,4,2
30,36,480,576,496,592,-830.0,-750.0,-1247.0,-1167.0,1,390,99840.0,263.0,10.1647,0.0259,761.3598,293.0,161.0,132.0,0.0,1.0,1.0,0.0,91,29
31,36,496,576,512,592,-750.0,-670.0,-1247.0,-1167.0,1,429,109824.0,271.0,10.4077,0.0261,799.7047,291.0,184.0,107.0,20.0,2.0,0.0,2.0,257,52
32,36,512,576,528,592,-670.0,-590.0,-1247.0,-1167.0,1,395,101120.0,243.0,9.8967,0.0262,402.8758,264.0,190.0,74.0,26.0,1.0,1.0,0.0,242,55
33,36,528,576,544,592,-590.0,-510.0,-1247.0,-1167.0,1,356,91136.0,221.0,9.1252,0.026,220.3509,392.0,330.0,62.0,17.0,1.0,1.0,0.0,101,33
47,36,752,576,768,592,530.0,610.0,-1247.0,-1167.0,1,193,49408.0,159.0,7.3458,0.0216,356.5149,53.0,8.0,45.0,0.0,0.0,0.0,0.0,16,6
48,36,768,576,784,592,610.0,690.0,-1247.0,-1167.0,1,238,60928.0,146.0,7.6936,0.0215,194.8455,67.0,10.0,57.0,15.0,0.0,0.0,0.0,66,20
49,36,784,576,800,592,690.0,770.0,-1247.0,-1167.0,1,288,73728.0,175.0,8.1668,0.0212,304.8486,308.0,29.0,279.0,86.0,0.0,0.0,0.0,260,48
50,36,800,576,816,592,770.0,850.0,-1247.0,-1167.0,1,341,87296.0,223.0,10.1175,0.0207,592.983,147.0,1.0,146.0,17.0,0.0,0.0,0.0,107,28
51,36,816,576,832,592,850.0,930.0,-1247.0,-1167.0,1,380,97280.0,271.0,10.5386,0.0202,784.9684,113.0,2.0,111.0,30.0,0.0,0.0,0.0,62,17
52,36,832,576,848,592,930.0,1010.0,-1247.0,-1167.0,1,386,98816.0,244.0,9.5579,0.0197,622.4697,355.0,1.0,354.0,91.0,0.0,0.0,0.0,48,15
53,36,848,576,864,592,1010.0,1090.0,-1247.0,-1167.0,1,404,103424.0,262.0,9.8788,0.0191,1112.7387,69.0,0.0,69.0,10.0,0.0,0.0,0.0,44,13
54,36,864,576,880,592,1090.0,1170.0,-1247.0,-1167.0,1,419,107264.0,258.0,10.0151,0.0186,1990.7305,27.0,0.0,27.0,13.0,0.0,0.0,0.0,28,11
55,36,880,576,896,592,1170.0,1250.0,-1247.0,-1167.0,1,409,104704.0,259.0,9.9784,0.0181,2189.0354,147.0,0.0,147.0,47.0,0.0,0.0,0.0,55,20
56,36,896,576,912,592,1250.0,1330.0,-1247.0,-1167.0,1,390,99840.0,242.0,9.7724,0.0176,1843.1964,72.0,0.0,72.0,49.0,0.0,0.0,0.0,102,40
57,36,912,576,928,592,1330.0,1410.0,-1247.0,-1167.0,1,378,96768.0,250.0,9.694,0.0171,2219.4344,67.0,5.0,62.0,8.0,0.0,0.0,0.0,62,23
19,37,304,592,320,608,-1710.0,-1630.0,-1327.0,-1247.0,1,397,101632.0,304.0,10.1081,0.0214,936.7467,170.0,164.0,6.0,121.0,0.0,0.0,0.0,227,69
20,37,320,592,336,608,-1630.0,-1550.0,-1327.0,-1247.0,1,451,115456.0,319.0,10.6416,0.022,1234.9702,262.0,259.0,3.0,200.0,0.0,0.0,0.0,408,75
21,37,336,592,352,608,-1550.0,-1470.0,-1327.0,-1247.0,1,498,127488.0,326.0,11.177,0.0225,1512.3696,29.0,29.0,0.0,12.0,0.0,0.0,0.0,34,13
22,37,352,592,368,608,-1470.0,-1390.0,-1327.0,-1247.0,1,535,136960.0,324.0,11.6432,0.023,1727.118,0.0,0.0,0.0,0.0,0.0,0.0,0.0,0,0
23,37,368,592,384,608,-1390.0,-1310.0,-1327.0,-1247.0,1,543,139008.0,329.0,11.7437,0.0235,1679.4172,0.0,0.0,0.0,0.0,0.0,0.0,0.0,0,0
24,37,384,592,400,608,-1310.0,-1230.0,-1327.0,-1247.0,1,547,140032.0,313.0,11.7946,0.0239,1563.4089,193.0,164.0,29.0,13.0,4.0,4.0,0.0,132,34
25,37,400,592,416,608,-1230.0,-1150.0,-1327.0,-1247.0,1,534,136704.0,309.0,11.6308,0.0243,1374.9191,396.0,359.0,37.0,66.0,0.0,0.0,0.0,378,69
26,37,416,592,432,608,-1150.0,-1070.0,-1327.0,-1247.0,1,494,126464.0,298.0,11.1541,0.0247,1055.3109,94.0,84.0,10.0,9.0,1.0,1.0,0.0,101,37
27,37,432,592,448,608,-1070.0,-990.0,-1327.0,-1247.0,1,410,104960.0,234.0,10.2316,0.025,613.2749,272.0,168.0,104.0,11.0,0.0,0.0,0.0,97,20
28,37,448,592,464,608,-990.0,-910.0,-1327.0,-1247.0,1,303,77568.0,168.0,8.4851,0.0252,161.7836,0.0,0.0,0.0,0.0,0.0,0.0,0.0,0,0
29,37,464,592,480,608,-910.0,-830.0,-1327.0,-1247.0,1,394,100864.0,233.0,9.7899,0.0256,924.1656,147.0,101.0,46.0,0.0,0.0,0.0,0.0,70,19
30,37,480,592,496,608,-830.0,-750.0,-1327.0,-1247.0,1,436,111616.0,271.0,10.7255,0.0258,882.6808,377.0,342.0,35.0,6.0,1.0,1.0,0.0,239,40
31,37,496,592,512,608,-750.0,-670.0,-1327.0,-1247.0,1,432,110592.0,277.0,10.6209,0.0259,682.1118,431.0,306.0,125.0,23.0,3.0,0.0,3.0,364,59
32,37,512,592,528,608,-670.0,-590.0,-1327.0,-1247.0,1,412,105472.0,240.0,9.7987,0.0258,340.3369,478.0,384.0,94.0,32.0,3.0,3.0,0.0,339,57
33,37,528,592,544,608,-590.0,-510.0,-1327.0,-1247.0,1,371,94976.0,220.0,9.2729,0.0256,196.8461,289.0,230.0,59.0,13.0,0.0,0.0,0.0,218,34
34,37,544,592,560,608,-510.0,-430.0,-1327.0,-1247.0,1,222,56832.0,201.0,8.173,0.0252,89.4394,557.0,543.0,14.0,10.0,0.0,0.0,0.0,104,17
47,37,752,592,768,608,530.0,610.0,-1327.0,-1247.0,1,209,53504.0,150.0,7.3856,0.0214,347.2267,80.0,5.0,75.0,5.0,0.0,0.0,0.0,80,15
48,37,768,592,784,608,610.0,690.0,-1327.0,-1247.0,1,292,74752.0,177.0,8.2535,0.0213,180.6991,245.0,13.0,232.0,44.0,0.0,0.0,0.0,223,38
49,37,784,592,800,608,690.0,770.0,-1327.0,-1247.0,1,344,88064.0,183.0,8.5923,0.021,261.5587,129.0,15.0,114.0,40.0,0.0,0.0,0.0,158,38
50,37,800,592,816,608,770.0,850.0,-1327.0,-1247.0,1,369,94464.0,192.0,8.7935,0.0206,396.6667,61.0,0.0,61.0,12.0,0.0,0.0,0.0,42,10
51,37,816,592,832,608,850.0,930.0,-1327.0,-1247.0,1,384,98304.0,205.0,8.9233,0.0201,412.3337,36.0,0.0,36.0,12.0,0.0,0.0,0.0,38,11
52,37,832,592,848,608,930.0,1010.0,-1327.0,-1247.0,1,423,108288.0,299.0,11.1655,0.0196,1360.8759,54.0,0.0,54.0,10.0,0.0,0.0,0.0,41,13
53,37,848,592,864,608,1010.0,1090.0,-1327.0,-1247.0,1,445,113920.0,303.0,11.569,0.019,2043.3417,55.0,0.0,55.0,16.0,0.0,0.0,0.0,54,15
54,37,864,592,880,608,1090.0,1170.0,-1327.0,-1247.0,1,446,114176.0,278.0,10.3581,0.0185,2534.7343,59.0,0.0,59.0,25.0,1.0,0.0,1.0,39,15
55,37,880,592,896,608,1170.0,1250.0,-1327.0,-1247.0,1,415,106240.0,267.0,10.0428,0.018,2186.1202,61.0,0.0,61.0,12.0,0.0,0.0,0.0,28,11
56,37,896,592,912,608,1250.0,1330.0,-1327.0,-1247.0,1,390,99840.0,262.0,9.7987,0.0175,2113.8823,91.0,0.0,91.0,56.0,0.0,0.0,0.0,118,40
57,37,912,592,928,608,1330.0,1410.0,-1327.0,-1247.0,1,358,91648.0,257.0,9.6768,0.017,1970.9388,140.0,5.0,135.0,51.0,0.0,0.0,0.0,58,22
19,38,304,608,320,624,-1710.0,-1630.0,-1407.0,-1327.0,1,384,98304.0,302.0,9.9692,0.0211,854.9074,208.0,202.0,6.0,170.0,0.0,0.0,0.0,288,73
20,38,320,608,336,624,-1630.0,-1550.0,-1407.0,-1327.0,1,425,108800.0,309.0,10.3581,0.0217,1051.8996,240.0,240.0,0.0,189.0,0.0,0.0,0.0,335,74
21,38,336,608,352,624,-1550.0,-1470.0,-1407.0,-1327.0,1,467,119552.0,316.0,10.8,0.0222,1280.4462,24.0,24.0,0.0,8.0,0.0,0.0,0.0,32,14
22,38,352,608,368,624,-1470.0,-1390.0,-1407.0,-1327.0,1,490,125440.0,320.0,11.0634,0.0227,1436.9608,0.0,0.0,0.0,0.0,0.0,0.0,0.0,0,0
23,38,368,608,384,624,-1390.0,-1310.0,-1407.0,-1327.0,1,506,129536.0,325.0,11.2579,0.0231,1493.9513,0.0,0.0,0.0,0.0,0.0,0.0,0.0,0,0
24,38,384,608,400,624,-1310.0,-1230.0,-1407.0,-1327.0,1,525,134400.0,317.0,11.52,0.0236,1576.2018,102.0,85.0,17.0,0.0,1.0,1.0,0.0,63,21
25,38,400,608,416,624,-1230.0,-1150.0,-1407.0,-1327.0,1,526,134656.0,310.0,11.5322,0.024,1518.219,168.0,141.0,27.0,25.0,0.0,0.0,0.0,171,49
26,38,416,608,432,624,-1150.0,-1070.0,-1407.0,-1327.0,1,495,126720.0,304.0,11.1655,0.0244,1208.684,323.0,282.0,41.0,59.0,0.0,0.0,0.0,288,66
27,38,432,608,448,624,-1070.0,-990.0,-1407.0,-1327.0,1,450,115200.0,288.0,10.8647,0.0248,1071.9635,294.0,234.0,60.0,44.0,1.0,0.0,1.0,310,59
28,38,448,608,464,624,-990.0,-910.0,-1407.0,-1327.0,1,491,125696.0,295.0,11.3164,0.025,1593.778,203.0,153.0,50.0,33.0,0.0,0.0,0.0,209,55
29,38,464,608,480,624,-910.0,-830.0,-1407.0,-1327.0,1,441,112896.0,263.0,10.6209,0.0253,976.318,425.0,347.0,78.0,32.0,0.0,0.0,0.0,317,59
30,38,480,608,496,624,-830.0,-750.0,-1407.0,-1327.0,1,448,114688.0,270.0,10.8538,0.0255,690.8743,501.0,419.0,82.0,38.0,0.0,0.0,0.0,368,65
31,38,496,608,512,624,-750.0,-670.0,-1407.0,-1327.0,1,453,115968.0,251.0,10.7044,0.0256,458.5221,325.0,293.0,32.0,47.0,2.0,2.0,0.0,313,61
32,38,512,608,528,624,-670.0,-590.0,-1407.0,-1327.0,1,454,116224.0,247.0,10.7044,0.0256,430.8916,287.0,240.0,47.0,45.0,4.0,3.0,1.0,261,52
33,38,528,608,544,624,-590.0,-510.0,-1407.0,-1327.0,1,412,105472.0,235.0,10.0059,0.0255,301.9643,514.0,379.0,135.0,70.0,1.0,1.0,0.0,400,51
34,38,544,608,560,624,-510.0,-430.0,-1407.0,-1327.0,1,327,83712.0,210.0,8.9014,0.0251,140.7652,648.0,458.0,190.0,45.0,3.0,0.0,3.0,288,40
47,38,752,608,768,624,530.0,610.0,-1407.0,-1327.0,1,337,86272.0,182.0,8.96,0.0212,597.3382,301.0,12.0,289.0,118.0,0.0,0.0,0.0,75,23
48,38,768,608,784,624,610.0,690.0,-1407.0,-1327.0,1,378,96768.0,196.0,8.9674,0.021,368.704,196.0,24.0,172.0,59.0,0.0,0.0,0.0,206,40
49,38,784,608,800,624,690.0,770.0,-1407.0,-1327.0,1,391,100096.0,190.0,8.9526,0.0207,259.619,95.0,8.0,87.0,22.0,0.0,0.0,0.0,82,26
50,38,800,608,816,624,770.0,850.0,-1407.0,-1327.0,1,401,102656.0,196.0,9.0344,0.0203,320.2792,115.0,0.0,115.0,13.0,0.0,0.0,0.0,28,8
51,38,816,608,832,624,850.0,930.0,-1407.0,-1327.0,1,417,106752.0,212.0,9.2571,0.0199,574.8144,15.0,0.0,15.0,0.0,0.0,0.0,0.0,2,1
52,38,832,608,848,624,930.0,1010.0,-1407.0,-1327.0,1,429,109824.0,231.0,9.4173,0.0194,675.1264,7.0,0.0,7.0,0.0,0.0,0.0,0.0,6,3
53,38,848,608,864,624,1010.0,1090.0,-1407.0,-1327.0,1,444,113664.0,250.0,9.72,0.0189,1470.8087,13.0,0.0,13.0,0.0,0.0,0.0,0.0,8,3
54,38,864,608,880,624,1090.0,1170.0,-1407.0,-1327.0,1,455,116480.0,319.0,11.6932,0.0184,3999.6939,11.0,0.0,11.0,1.0,0.0,0.0,0.0,10,5
55,38,880,608,896,624,1170.0,1250.0,-1407.0,-1327.0,1,393,100608.0,269.0,10.0336,0.0179,1999.8175,19.0,0.0,19.0,3.0,0.0,0.0,0.0,16,6
56,38,896,608,912,624,1250.0,1330.0,-1407.0,-1327.0,1,336,86016.0,278.0,9.5411,0.0173,2126.293,166.0,12.0,154.0,68.0,0.0,0.0,0.0,176,45
57,38,912,608,928,624,1330.0,1410.0,-1407.0,-1327.0,1,281,71936.0,240.0,8.8078,0.0169,1633.1685,25.0,4.0,21.0,0.0,0.0,0.0,0.0,26,12
19,39,304,624,320,640,-1710.0,-1630.0,-1487.0,-1407.0,1,362,92672.0,297.0,9.7461,0.0208,807.6823,214.0,206.0,8.0,176.0,0.0,0.0,0.0,315,74
20,39,320,624,336,640,-1630.0,-1550.0,-1487.0,-1407.0,1,410,104960.0,308.0,10.1837,0.0213,995.1194,195.0,195.0,0.0,144.0,0.0,0.0,0.0,298,73
21,39,336,624,352,640,-1550.0,-1470.0,-1487.0,-1407.0,1,437,111872.0,311.0,10.4677,0.0218,1155.5012,28.0,28.0,0.0,9.0,0.0,0.0,0.0,38,14
22,39,352,624,368,640,-1470.0,-1390.0,-1487.0,-1407.0,1,454,116224.0,314.0,10.6416,0.0223,1243.8059,0.0,0.0,0.0,0.0,0.0,0.0,0.0,0,0
23,39,368,624,384,640,-1390.0,-1310.0,-1487.0,-1407.0,1,465,119040.0,318.0,10.7786,0.0228,1281.7672,0.0,0.0,0.0,0.0,0.0,0.0,0.0,0,0
24,39,384,624,400,640,-1310.0,-1230.0,-1487.0,-1407.0,1,462,118272.0,307.0,10.7467,0.0232,1232.6985,122.0,109.0,13.0,0.0,1.0,1.0,0.0,58,15
25,39,400,624,416,640,-1230.0,-1150.0,-1487.0,-1407.0,1,464,118784.0,315.0,10.9521,0.0237,1317.6025,104.0,90.0,14.0,1.0,1.0,1.0,0.0,79,29
26,39,416,624,432,640,-1150.0,-1070.0,-1487.0,-1407.0,1,490,125440.0,354.0,11.34,0.024,1673.8708,252.0,227.0,25.0,16.0,0.0,0.0,0.0,212,43
27,39,432,624,448,640,-1070.0,-990.0,-1487.0,-1407.0,1,483,123648.0,297.0,11.2347,0.0244,1826.5186,173.0,148.0,25.0,6.0,0.0,0.0,0.0,185,43
28,39,448,624,464,640,-990.0,-910.0,-1487.0,-1407.0,1,510,130560.0,288.0,11.5322,0.0247,1623.3437,220.0,172.0,48.0,10.0,2.0,2.0,0.0,201,55
29,39,464,624,480,640,-910.0,-830.0,-1487.0,-1407.0,1,525,134400.0,289.0,11.7184,0.0249,1377.3215,190.0,149.0,41.0,14.0,0.0,0.0,0.0,181,52
30,39,480,624,496,640,-830.0,-750.0,-1487.0,-1407.0,1,488,124928.0,278.0,11.0298,0.0251,599.6252,151.0,106.0,45.0,8.0,2.0,1.0,1.0,123,37
31,39,496,624,512,640,-750.0,-670.0,-1487.0,-1407.0,1,485,124160.0,252.0,11.041,0.0253,469.3895,90.0,63.0,27.0,23.0,2.0,0.0,2.0,98,36
32,39,512,624,528,640,-670.0,-590.0,-1487.0,-1407.0,1,495,126720.0,253.0,11.1655,0.0253,501.8135,99.0,91.0,8.0,22.0,2.0,1.0,1.0,103,33
33,39,528,624,544,640,-590.0,-510.0,-1487.0,-1407.0,1,498,127488.0,253.0,11.2,0.0252,547.9574,619.0,423.0,196.0,95.0,3.0,3.0,0.0,305,46
34,39,544,624,560,640,-510.0,-430.0,-1487.0,-1407.0,1,448,114688.0,249.0,10.6416,0.025,453.5392,417.0,262.0,155.0,41.0,4.0,1.0,3.0,247,41
38,39,608,624,624,640,-190.0,-110.0,-1487.0,-1407.0,1,315,80640.0,132.0,7.8319,0.0227,12.9621,230.0,1.0,229.0,0.0,1.0,0.0,1.0,84,12
39,39,624,624,640,640,-110.0,-30.0,-1487.0,-1407.0,1,322,82432.0,133.0,7.8716,0.0224,13.4081,232.0,18.0,214.0,0.0,2.0,0.0,2.0,122,22
40,39,640,624,656,640,-30.0,50.0,-1487.0,-1407.0,1,326,83456.0,136.0,7.9002,0.0221,13.8207,360.0,157.0,203.0,11.0,4.0,3.0,1.0,154,31
41,39,656,624,672,640,50.0,130.0,-1487.0,-1407.0,1,329,84224.0,136.0,7.9174,0.0219,14.0948,253.0,107.0,146.0,15.0,6.0,0.0,6.0,148,32
42,39,672,624,688,640,130.0,210.0,-1487.0,-1407.0,1,332,84992.0,136.0,7.9347,0.0216,14.4112,155.0,56.0,99.0,12.0,0.0,0.0,0.0,142,35
43,39,688,624,704,640,210.0,290.0,-1487.0,-1407.0,1,336,86016.0,138.0,7.9871,0.0214,15.5732,127.0,49.0,78.0,16.0,0.0,0.0,0.0,125,35
44,39,704,624,720,640,290.0,370.0,-1487.0,-1407.0,1,342,87552.0,141.0,8.088,0.0212,16.9894,114.0,15.0,99.0,4.0,1.0,0.0,1.0,72,20
45,39,720,624,736,640,370.0,450.0,-1487.0,-1407.0,1,359,91904.0,148.0,8.3613,0.021,22.309,84.0,15.0,69.0,2.0,0.0,0.0,0.0,35,10
46,39,736,624,752,640,450.0,530.0,-1487.0,-1407.0,1,387,99072.0,159.0,8.7441,0.0211,38.6523,10.0,4.0,6.0,0.0,0.0,0.0,0.0,4,2
47,39,752,624,768,640,530.0,610.0,-1487.0,-1407.0,1,401,102656.0,183.0,9.3365,0.021,454.6678,238.0,12.0,226.0,55.0,0.0,0.0,0.0,126,37
48,39,768,624,784,640,610.0,690.0,-1487.0,-1407.0,1,410,104960.0,211.0,9.5411,0.0207,479.5837,276.0,20.0,256.0,85.0,0.0,0.0,0.0,194,37
49,39,784,624,800,640,690.0,770.0,-1487.0,-1407.0,1,412,105472.0,204.0,9.5078,0.0204,203.1019,139.0,14.0,125.0,27.0,0.0,0.0,0.0,74,16
50,39,800,624,816,640,770.0,850.0,-1487.0,-1407.0,1,419,107264.0,216.0,9.7374,0.02,312.1681,22.0,0.0,22.0,11.0,0.0,0.0,0.0,20,5
51,39,816,624,832,640,850.0,930.0,-1487.0,-1407.0,1,431,110336.0,234.0,10.1175,0.0196,496.9767,5.0,0.0,5.0,0.0,0.0,0.0,0.0,4,2
52,39,832,624,848,640,930.0,1010.0,-1487.0,-1407.0,1,449,114944.0,254.0,10.5796,0.0192,962.3108,59.0,5.0,54.0,24.0,0.0,0.0,0.0,102,36
53,39,848,624,864,640,1010.0,1090.0,-1487.0,-1407.0,1,444,113664.0,270.0,10.843,0.0187,1881.2376,161.0,8.0,153.0,65.0,0.0,0.0,0.0,166,45
54,39,864,624,880,640,1090.0,1170.0,-1487.0,-1407.0,1,335,85760.0,275.0,9.8253,0.0182,1945.3133,156.0,11.0,145.0,68.0,0.0,0.0,0.0,164,44
55,39,880,624,896,640,1170.0,1250.0,-1487.0,-1407.0,1,268,68608.0,303.0,9.6768,0.0177,2768.7598,149.0,16.0,133.0,56.0,0.0,0.0,0.0,172,42
56,39,896,624,912,640,1250.0,1330.0,-1487.0,-1407.0,1,256,65536.0,315.0,9.5747,0.0172,2949.1941,104.0,28.0,76.0,31.0,1.0,0.0,1.0,137,36
57,39,912,624,928,640,1330.0,1410.0,-1487.0,-1407.0,1,224,57344.0,261.0,8.9896,0.0167,1512.4629,4.0,0.0,4.0,0.0,0.0,0.0,0.0,4,2
19,40,304,640,320,656,-1710.0,-1630.0,-1567.0,-1487.0,1,345,88320.0,302.0,9.8164,0.0205,707.0927,236.0,230.0,6.0,199.0,0.0,0.0,0.0,359,75
20,40,320,640,336,656,-1630.0,-1550.0,-1567.0,-1487.0,1,375,96000.0,313.0,10.0893,0.021,886.5162,146.0,146.0,0.0,108.0,0.0,0.0,0.0,244,66
21,40,336,640,352,656,-1550.0,-1470.0,-1567.0,-1487.0,1,399,102144.0,320.0,10.3091,0.0214,1068.4837,34.0,34.0,0.0,11.0,0.0,0.0,0.0,42,15
22,40,352,640,368,656,-1470.0,-1390.0,-1567.0,-1487.0,1,413,105728.0,322.0,10.4576,0.0219,1184.5657,0.0,0.0,0.0,0.0,0.0,0.0,0.0,0,0
23,40,368,640,384,656,-1390.0,-1310.0,-1567.0,-1487.0,1,405,103680.0,316.0,10.4376,0.0224,1187.9878,0.0,0.0,0.0,0.0,0.0,0.0,0.0,0,0
24,40,384,640,400,656,-1310.0,-1230.0,-1567.0,-1487.0,1,402,102912.0,335.0,10.6939,0.0228,1154.9991,140.0,131.0,9.0,0.0,0.0,0.0,0.0,70,9
25,40,400,640,416,656,-1230.0,-1150.0,-1567.0,-1487.0,1,408,104448.0,347.0,10.7573,0.0232,1254.9247,136.0,91.0,45.0,0.0,0.0,0.0,0.0,53,9
26,40,416,640,432,656,-1150.0,-1070.0,-1567.0,-1487.0,1,426,109056.0,349.0,10.9521,0.0236,1713.0537,184.0,174.0,10.0,38.0,0.0,0.0,0.0,108,26
27,40,432,640,448,656,-1070.0,-990.0,-1567.0,-1487.0,1,402,102912.0,317.0,10.715,0.0239,1573.5803,293.0,251.0,42.0,17.0,1.0,0.0,1.0,145,34
28,40,448,640,464,656,-990.0,-910.0,-1567.0,-1487.0,1,456,116736.0,297.0,11.293,0.0242,1612.59,207.0,180.0,27.0,46.0,1.0,1.0,0.0,121,32
29,40,464,640,480,656,-910.0,-830.0,-1567.0,-1487.0,1,529,135424.0,285.0,12.1908,0.0245,1265.1505,160.0,118.0,42.0,9.0,1.0,0.0,1.0,112,36
30,40,480,640,496,656,-830.0,-750.0,-1567.0,-1487.0,1,568,145408.0,320.0,12.5419,0.0247,1112.1793,137.0,93.0,44.0,9.0,2.0,1.0,1.0,145,42
31,40,496,640,512,656,-750.0,-670.0,-1567.0,-1487.0,1,542,138752.0,308.0,12.1772,0.0248,747.6725,88.0,64.0,24.0,22.0,1.0,0.0,1.0,98,32
32,40,512,640,528,656,-670.0,-590.0,-1567.0,-1487.0,1,539,137984.0,285.0,12.15,0.0248,691.3046,49.0,36.0,13.0,17.0,0.0,0.0,0.0,72,22
33,40,528,640,544,656,-590.0,-510.0,-1567.0,-1487.0,1,556,142336.0,277.0,12.385,0.0248,789.7056,183.0,155.0,28.0,38.0,1.0,1.0,0.0,188,36
34,40,544,640,560,656,-510.0,-430.0,-1567.0,-1487.0,1,550,140800.0,273.0,12.301,0.0247,803.054,145.0,88.0,57.0,15.0,3.0,3.0,0.0,107,31
35,40,560,640,576,656,-430.0,-350.0,-1567.0,-1487.0,1,457,116992.0,267.0,11.1199,0.0245,467.5617,167.0,62.0,105.0,11.0,0.0,0.0,0.0,54,15
36,40,576,640,592,656,-350.0,-270.0,-1567.0,-1487.0,1,398,101888.0,181.0,9.6085,0.024,107.0477,241.0,161.0,80.0,13.0,1.0,1.0,0.0,67,16
37,40,592,640,608,656,-270.0,-190.0,-1567.0,-1487.0,1,381,97536.0,177.0,9.45,0.0235,90.2051,555.0,516.0,39.0,62.0,1.0,0.0,1.0,37,11
38,40,608,640,624,656,-190.0,-110.0,-1567.0,-1487.0,1,371,94976.0,175.0,9.3687,0.023,78.8209,105.0,8.0,97.0,2.0,1.0,0.0,1.0,55,12
39,40,624,640,640,656,-110.0,-30.0,-1567.0,-1487.0,1,367,93952.0,175.0,9.3365,0.0226,72.908,156.0,43.0,113.0,7.0,1.0,0.0,1.0,101,24
40,40,640,640,656,656,-30.0,50.0,-1567.0,-1487.0,1,366,93696.0,177.0,9.3526,0.0223,69.1788,138.0,62.0,76.0,16.0,2.0,1.0,1.0,120,28
41,40,656,640,672,656,50.0,130.0,-1567.0,-1487.0,1,368,94208.0,175.0,9.3687,0.0221,67.6226,74.0,12.0,62.0,2.0,1.0,1.0,0.0,81,20
42,40,672,640,688,656,130.0,210.0,-1567.0,-1487.0,1,372,95232.0,177.0,9.4747,0.0218,71.1624,126.0,45.0,81.0,11.0,2.0,0.0,2.0,120,31
43,40,688,640,704,656,210.0,290.0,-1567.0,-1487.0,1,378,96768.0,180.0,9.5579,0.0215,76.631,192.0,39.0,153.0,6.0,1.0,0.0,1.0,165,40
44,40,704,640,720,656,290.0,370.0,-1567.0,-1487.0,1,394,100864.0,186.0,9.7461,0.0213,93.8737,238.0,28.0,210.0,2.0,1.0,0.0,1.0,184,33
45,40,720,640,736,656,370.0,450.0,-1567.0,-1487.0,1,401,102656.0,187.0,9.8698,0.021,101.4955,223.0,18.0,205.0,12.0,0.0,0.0,0.0,137,32
46,40,736,640,752,656,450.0,530.0,-1567.0,-1487.0,1,407,104192.0,191.0,9.9329,0.0209,113.861,201.0,9.0,192.0,9.0,0.0,0.0,0.0,68,19
47,40,752,640,768,656,530.0,610.0,-1567.0,-1487.0,1,415,106240.0,205.0,10.4778,0.0207,524.6719,532.0,20.0,512.0,179.0,0.0,0.0,0.0,200,41
48,40,768,640,784,656,610.0,690.0,-1567.0,-1487.0,1,421,107776.0,225.0,10.5081,0.0204,453.215,147.0,16.0,131.0,37.0,0.0,0.0,0.0,125,33
49,40,784,640,800,656,690.0,770.0,-1567.0,-1487.0,1,423,108288.0,232.0,10.3878,0.0201,356.5392,166.0,14.0,152.0,26.0,0.0,0.0,0.0,61,15
50,40,800,640,816,656,770.0,850.0,-1567.0,-1487.0,1,432,110592.0,247.0,10.5284,0.0197,463.5742,128.0,0.0,128.0,20.0,0.0,0.0,0.0,16,4
51,40,816,640,832,656,850.0,930.0,-1567.0,-1487.0,1,435,111360.0,252.0,10.6002,0.0193,509.3532,87.0,76.0,11.0,0.0,0.0,0.0,0.0,13,6
52,40,832,640,848,656,930.0,1010.0,-1567.0,-1487.0,1,450,115200.0,265.0,10.9521,0.0189,978.7561,189.0,11.0,178.0,75.0,0.0,0.0,0.0,170,45
19,41,304,656,320,672,-1710.0,-1630.0,-1647.0,-1567.0,1,312,79872.0,243.0,8.525,0.0201,196.3565,297.0,289.0,8.0,255.0,0.0,0.0,0.0,419,75
20,41,320,656,336,672,-1630.0,-1550.0,-1647.0,-1567.0,1,326,83456.0,243.0,8.5923,0.0206,192.7544,115.0,115.0,0.0,87.0,0.0,0.0,0.0,182,61
21,41,336,656,352,672,-1550.0,-1470.0,-1647.0,-1567.0,1,342,87552.0,246.0,8.6883,0.021,225.6832,42.0,42.0,0.0,7.0,0.0,0.0,0.0,54,18
22,41,352,656,368,672,-1470.0,-1390.0,-1647.0,-1567.0,1,341,87296.0,252.0,9.0494,0.0215,238.6439,45.0,45.0,0.0,0.0,0.0,0.0,0.0,3,2
30,41,480,656,496,672,-830.0,-750.0,-1647.0,-1567.0,1,563,144128.0,318.0,12.4701,0.0242,1240.3807,135.0,78.0,57.0,6.0,1.0,1.0,0.0,114,34
31,41,496,656,512,672,-750.0,-670.0,-1647.0,-1567.0,1,580,148480.0,328.0,12.7326,0.0243,1117.2919,76.0,58.0,18.0,26.0,2.0,1.0,1.0,97,36
32,41,512,656,528,672,-670.0,-590.0,-1647.0,-1567.0,1,561,143616.0,309.0,12.4558,0.0244,827.2333,69.0,46.0,23.0,22.0,0.0,0.0,0.0,80,26
33,41,528,656,544,672,-590.0,-510.0,-1647.0,-1567.0,1,561,143616.0,304.0,12.4558,0.0243,840.9355,181.0,151.0,30.0,82.0,1.0,1.0,0.0,97,29
34,41,544,656,560,672,-510.0,-430.0,-1647.0,-1567.0,1,561,143616.0,276.0,12.4558,0.0242,855.4136,140.0,108.0,32.0,30.0,1.0,1.0,0.0,77,23
35,41,560,656,576,672,-430.0,-350.0,-1647.0,-1567.0,1,536,137216.0,276.0,12.1095,0.0241,843.1723,117.0,50.0,67.0,9.0,1.0,0.0,1.0,89,22
36,41,576,656,592,672,-350.0,-270.0,-1647.0,-1567.0,1,416,106496.0,193.0,9.8967,0.0238,128.9516,91.0,21.0,70.0,4.0,0.0,0.0,0.0,86,22
37,41,592,656,608,672,-270.0,-190.0,-1647.0,-1567.0,1,412,105472.0,185.0,9.7548,0.0234,120.8182,101.0,20.0,81.0,0.0,1.0,0.0,1.0,80,23
38,41,608,656,624,672,-190.0,-110.0,-1647.0,-1567.0,1,411,105216.0,184.0,9.7461,0.023,121.2065,91.0,10.0,81.0,0.0,1.0,0.0,1.0,86,25
39,41,624,656,640,672,-110.0,-30.0,-1647.0,-1567.0,1,411,105216.0,187.0,9.8164,0.0226,126.812,207.0,92.0,115.0,7.0,0.0,0.0,0.0,151,35
40,41,640,656,656,672,-30.0,50.0,-1647.0,-1567.0,1,407,104192.0,187.0,9.8076,0.0224,121.9673,251.0,198.0,53.0,19.0,2.0,1.0,1.0,239,33
41,41,656,656,672,672,50.0,130.0,-1647.0,-1567.0,1,403,103168.0,184.0,9.7724,0.0221,113.4339,227.0,186.0,41.0,2.0,0.0,0.0,0.0,97,30
42,41,672,656,688,672,130.0,210.0,-1647.0,-1567.0,1,408,104448.0,187.0,9.8609,0.0218,120.7583,243.0,172.0,71.0,10.0,1.0,1.0,0.0,113,33
43,41,688,656,704,672,210.0,290.0,-1647.0,-1567.0,1,414,105984.0,189.0,9.9329,0.0215,129.9214,129.0,33.0,96.0,1.0,0.0,0.0,0.0,89,29
44,41,704,656,720,672,290.0,370.0,-1647.0,-1567.0,1,416,106496.0,190.0,10.0059,0.0212,130.7727,436.0,37.0,399.0,33.0,0.0,0.0,0.0,207,39
45,41,720,656,736,672,370.0,450.0,-1647.0,-1567.0,1,419,107264.0,193.0,10.0428,0.0209,134.5755,283.0,47.0,236.0,8.0,0.0,0.0,0.0,193,39
46,41,736,656,752,672,450.0,530.0,-1647.0,-1567.0,1,422,108032.0,194.0,10.0707,0.0207,144.4362,246.0,51.0,195.0,16.0,0.0,0.0,0.0,206,41
47,41,752,656,768,672,530.0,610.0,-1647.0,-1567.0,1,426,109056.0,205.0,10.1269,0.0204,260.978,236.0,25.0,211.0,75.0,1.0,0.0,1.0,212,46
48,41,768,656,784,672,610.0,690.0,-1647.0,-1567.0,1,436,111616.0,242.0,11.041,0.0201,823.0943,52.0,4.0,48.0,15.0,0.0,0.0,0.0,52,17
49,41,784,656,800,672,690.0,770.0,-1647.0,-1567.0,1,436,111616.0,243.0,10.6209,0.0198,549.017,130.0,0.0,130.0,5.0,0.0,0.0,0.0,32,10
50,41,800,656,816,672,770.0,850.0,-1647.0,-1567.0,1,437,111872.0,243.0,10.5899,0.0194,383.9194,24.0,0.0,24.0,3.0,0.0,0.0,0.0,14,1
51,41,816,656,832,672,850.0,930.0,-1647.0,-1567.0,1,447,114432.0,259.0,10.7467,0.019,671.3047,13.0,6.0,7.0,0.0,0.0,0.0,0.0,10,5
52,41,832,656,848,672,930.0,1010.0,-1647.0,-1567.0,1,452,115712.0,272.0,11.0075,0.0186,1182.9884,157.0,8.0,149.0,74.0,0.0,0.0,0.0,162,42
18,42,288,672,304,688,-1790.0,-1710.0,-1727.0,-1647.0,1,172,44032.0,159.0,7.4108,0.0192,64.9349,9.0,8.0,1.0,6.0,0.0,0.0,0.0,18,9
19,42,304,672,320,688,-1710.0,-1630.0,-1727.0,-1647.0,1,299,76544.0,238.0,8.426,0.0197,180.8765,340.0,334.0,6.0,305.0,1.0,1.0,0.0,488,75
20,42,320,672,336,688,-1630.0,-1550.0,-1727.0,-1647.0,1,310,79360.0,243.0,8.7511,0.0201,205.2095,89.0,87.0,2.0,47.0,0.0,0.0,0.0,117,48
21,42,336,672,352,688,-1550.0,-1470.0,-1727.0,-1647.0,1,315,80640.0,222.0,8.4325,0.0205,186.153,35.0,35.0,0.0,4.0,0.0,0.0,0.0,50,19
22,42,352,672,368,688,-1470.0,-1390.0,-1727.0,-1647.0,1,311,79616.0,222.0,8.413,0.0207,194.4233,0.0,0.0,0.0,0.0,0.0,0.0,0.0,0,0
30,42,480,672,496,688,-830.0,-750.0,-1727.0,-1647.0,1,434,111104.0,219.0,10.6625,0.0236,377.9727,205.0,95.0,110.0,20.0,3.0,3.0,0.0,103,31
31,42,496,672,512,688,-750.0,-670.0,-1727.0,-1647.0,1,569,145664.0,327.0,12.5709,0.0238,1274.82,112.0,88.0,24.0,60.0,1.0,1.0,0.0,98,35
32,42,512,672,528,688,-670.0,-590.0,-1727.0,-1647.0,1,580,148480.0,327.0,12.7326,0.0238,1112.6782,76.0,43.0,33.0,22.0,0.0,0.0,0.0,63,22
33,42,528,672,544,688,-590.0,-510.0,-1727.0,-1647.0,1,566,144896.0,312.0,12.5275,0.0238,894.8025,91.0,67.0,24.0,14.0,0.0,0.0,0.0,88,28
34,42,544,672,560,688,-510.0,-430.0,-1727.0,-1647.0,1,570,145920.0,309.0,12.5854,0.0238,950.6965,94.0,59.0,35.0,3.0,0.0,0.0,0.0,87,29
35,42,560,672,576,688,-430.0,-350.0,-1727.0,-1647.0,1,550,140800.0,290.0,12.301,0.0236,893.3416,121.0,41.0,80.0,9.0,0.0,0.0,0.0,84,25
36,42,576,672,592,688,-350.0,-270.0,-1727.0,-1647.0,1,470,120320.0,276.0,11.2813,0.0234,476.9634,69.0,35.0,34.0,0.0,0.0,0.0,0.0,65,22
37,42,592,672,608,688,-270.0,-190.0,-1727.0,-1647.0,1,422,108032.0,192.0,9.951,0.0232,122.2695,84.0,37.0,47.0,0.0,0.0,0.0,0.0,79,21
38,42,608,672,624,688,-190.0,-110.0,-1727.0,-1647.0,1,418,107008.0,189.0,9.9057,0.0228,110.9253,88.0,36.0,52.0,0.0,1.0,0.0,1.0,83,27
39,42,624,672,640,688,-110.0,-30.0,-1727.0,-1647.0,1,418,107008.0,189.0,9.9148,0.0225,113.8396,132.0,74.0,58.0,13.0,1.0,0.0,1.0,141,35
40,42,640,672,656,688,-30.0,50.0,-1727.0,-1647.0,1,425,108800.0,190.0,10.0151,0.0222,124.3111,255.0,204.0,51.0,39.0,1.0,0.0,1.0,266,30
41,42,656,672,672,688,50.0,130.0,-1727.0,-1647.0,1,430,110080.0,194.0,10.08,0.022,138.2718,216.0,136.0,80.0,37.0,2.0,1.0,1.0,122,31
42,42,672,672,688,688,130.0,210.0,-1727.0,-1647.0,1,431,110336.0,194.0,10.0987,0.0217,140.2247,542.0,267.0,275.0,25.0,3.0,1.0,2.0,92,29
43,42,688,672,704,688,210.0,290.0,-1727.0,-1647.0,1,430,110080.0,194.0,10.1269,0.0214,134.774,350.0,0.0,350.0,30.0,0.0,0.0,0.0,14,6
44,42,704,672,720,688,290.0,370.0,-1727.0,-1647.0,1,430,110080.0,195.0,10.1458,0.0211,138.5757,464.0,9.0,455.0,94.0,1.0,0.0,1.0,108,24
45,42,720,672,736,688,370.0,450.0,-1727.0,-1647.0,1,432,110592.0,199.0,10.1647,0.0208,144.4653,407.0,43.0,364.0,111.0,0.0,0.0,0.0,152,32
46,42,736,672,752,688,450.0,530.0,-1727.0,-1647.0,1,432,110592.0,203.0,10.1647,0.0204,155.5307,224.0,22.0,202.0,61.0,0.0,0.0,0.0,118,30
47,42,752,672,768,688,530.0,610.0,-1727.0,-1647.0,1,434,111104.0,208.0,10.2028,0.0201,258.1382,97.0,27.0,70.0,41.0,0.0,0.0,0.0,92,18
48,42,768,672,784,688,610.0,690.0,-1727.0,-1647.0,1,443,113408.0,244.0,10.8755,0.0198,1022.5702,281.0,156.0,125.0,27.0,2.0,2.0,0.0,64,8
49,42,784,672,800,688,690.0,770.0,-1727.0,-1647.0,1,446,114176.0,253.0,10.8,0.0195,673.615,147.0,11.0,136.0,21.0,0.0,0.0,0.0,26,6
50,42,800,672,816,688,770.0,850.0,-1727.0,-1647.0,1,447,114432.0,256.0,10.7044,0.0191,511.0446,101.0,0.0,101.0,26.0,0.0,0.0,0.0,8,1
51,42,816,672,832,688,850.0,930.0,-1727.0,-1647.0,1,454,116224.0,265.0,10.8215,0.0188,766.7083,16.0,5.0,11.0,3.0,0.0,0.0,0.0,12,5
52,42,832,672,848,688,930.0,1010.0,-1727.0,-1647.0,1,432,110592.0,276.0,10.8107,0.0183,1122.0734,170.0,6.0,164.0,87.0,0.0,0.0,0.0,158,44
15,43,240,688,256,704,-2030.0,-1950.0,-1807.0,-1727.0,1,60,15360.0,66.0,5.673,0.0171,12.5207,2.0,0.0,2.0,0.0,0.0,0.0,0.0,1,1
16,43,256,688,272,704,-1950.0,-1870.0,-1807.0,-1727.0,1,80,20480.0,104.0,6.6058,0.0177,29.4105,2.0,1.0,1.0,1.0,0.0,0.0,0.0,4,2
17,43,272,688,288,704,-1870.0,-1790.0,-1807.0,-1727.0,1,126,32256.0,141.0,7.1668,0.0183,54.048,2.0,2.0,0.0,2.0,0.0,0.0,0.0,4,2
18,43,288,688,304,704,-1790.0,-1710.0,-1807.0,-1727.0,1,219,56064.0,182.0,8.1242,0.0189,119.1868,10707.0,10703.0,4.0,198.0,1.0,0.0,1.0,142,73
19,43,304,688,320,704,-1710.0,-1630.0,-1807.0,-1727.0,1,289,73984.0,248.0,8.9014,0.0193,227.7842,10853.0,10851.0,2.0,248.0,0.0,0.0,0.0,311,75
20,43,320,688,336,704,-1630.0,-1550.0,-1807.0,-1727.0,1,295,75520.0,222.0,8.3421,0.0196,170.2037,225.0,224.0,1.0,31.0,0.0,0.0,0.0,94,39
21,43,336,688,352,704,-1550.0,-1470.0,-1807.0,-1727.0,1,307,78592.0,216.0,8.3871,0.0199,173.0973,39.0,39.0,0.0,5.0,0.0,0.0,0.0,56,22
22,43,352,688,368,704,-1470.0,-1390.0,-1807.0,-1727.0,1,250,64000.0,218.0,8.0165,0.02,139.0437,0.0,0.0,0.0,0.0,0.0,0.0,0.0,0,0
30,43,480,688,496,704,-830.0,-750.0,-1807.0,-1727.0,1,434,111104.0,218.0,10.6729,0.0229,362.4754,110.0,46.0,64.0,18.0,2.0,1.0,1.0,79,27
31,43,496,688,512,704,-750.0,-670.0,-1807.0,-1727.0,1,469,120064.0,269.0,11.2463,0.0232,564.3462,65.0,44.0,21.0,28.0,0.0,0.0,0.0,86,33
32,43,512,688,528,704,-670.0,-590.0,-1807.0,-1727.0,1,577,147712.0,329.0,12.7029,0.0233,1285.7001,26.0,13.0,13.0,5.0,0.0,0.0,0.0,34,13
33,43,528,688,544,704,-590.0,-510.0,-1807.0,-1727.0,1,581,148736.0,331.0,12.7625,0.0233,1140.8387,26.0,21.0,5.0,1.0,0.0,0.0,0.0,29,11
34,43,544,688,560,704,-510.0,-430.0,-1807.0,-1727.0,1,581,148736.0,326.0,12.7625,0.0233,1057.9288,51.0,27.0,24.0,1.0,0.0,0.0,0.0,52,19
35,43,560,688,576,704,-430.0,-350.0,-1807.0,-1727.0,1,571,146176.0,314.0,12.6146,0.0231,1010.0391,60.0,38.0,22.0,4.0,1.0,1.0,0.0,67,20
36,43,576,688,592,704,-350.0,-270.0,-1807.0,-1727.0,1,524,134144.0,300.0,11.9631,0.023,857.8452,54.0,20.0,34.0,1.0,0.0,0.0,0.0,53,17
37,43,592,688,608,704,-270.0,-190.0,-1807.0,-1727.0,1,436,111616.0,223.0,10.3189,0.0228,182.6339,45.0,20.0,25.0,1.0,0.0,0.0,0.0,48,16
38,43,608,688,624,704,-190.0,-110.0,-1807.0,-1727.0,1,431,110336.0,198.0,10.08,0.0225,130.1874,48.0,30.0,18.0,4.0,0.0,0.0,0.0,54,21
39,43,624,688,640,704,-110.0,-30.0,-1807.0,-1727.0,1,433,110848.0,194.0,10.0987,0.0223,130.167,229.0,189.0,40.0,58.0,1.0,1.0,0.0,161,40
40,43,640,688,656,704,-30.0,50.0,-1807.0,-1727.0,1,431,110336.0,196.0,10.0893,0.022,125.1061,54.0,40.0,14.0,3.0,0.0,0.0,0.0,34,14
41,43,656,688,672,704,50.0,130.0,-1807.0,-1727.0,1,438,112128.0,197.0,10.1647,0.0217,137.2672,0.0,0.0,0.0,0.0,0.0,0.0,0.0,0,0
42,43,672,688,688,704,130.0,210.0,-1807.0,-1727.0,1,439,112384.0,195.0,10.2124,0.0215,138.9324,0.0,0.0,0.0,0.0,0.0,0.0,0.0,0,0
43,43,688,688,704,704,210.0,290.0,-1807.0,-1727.0,1,441,112896.0,201.0,10.2605,0.0212,147.7019,0.0,0.0,0.0,0.0,0.0,0.0,0.0,0,0
44,43,704,688,720,704,290.0,370.0,-1807.0,-1727.0,1,443,113408.0,201.0,10.2799,0.0209,155.1554,0.0,0.0,0.0,0.0,0.0,0.0,0.0,0,0
45,43,720,688,736,704,370.0,450.0,-1807.0,-1727.0,1,444,113664.0,208.0,10.2896,0.0205,165.1665,0.0,0.0,0.0,0.0,0.0,0.0,0.0,0,0
46,43,736,688,752,704,450.0,530.0,-1807.0,-1727.0,1,444,113664.0,208.0,10.2896,0.0202,180.1914,0.0,0.0,0.0,0.0,0.0,0.0,0.0,0,0
47,43,752,688,768,704,530.0,610.0,-1807.0,-1727.0,1,444,113664.0,221.0,10.3385,0.0198,276.558,0.0,0.0,0.0,0.0,0.0,0.0,0.0,0,0
48,43,768,688,784,704,610.0,690.0,-1807.0,-1727.0,1,450,115200.0,246.0,11.1541,0.0195,859.7527,0.0,0.0,0.0,0.0,0.0,0.0,0.0,0,0
49,43,784,688,800,704,690.0,770.0,-1807.0,-1727.0,1,455,116480.0,261.0,10.8973,0.0192,680.5271,0.0,0.0,0.0,0.0,0.0,0.0,0.0,0,0
50,43,800,688,816,704,770.0,850.0,-1807.0,-1727.0,1,456,116736.0,266.0,10.843,0.0188,667.5104,0.0,0.0,0.0,0.0,0.0,0.0,0.0,0,0
51,43,816,688,832,704,850.0,930.0,-1807.0,-1727.0,1,452,115712.0,264.0,10.8538,0.0184,792.3409,14.0,3.0,11.0,8.0,0.0,0.0,0.0,12,6
52,43,832,688,848,704,930.0,1010.0,-1807.0,-1727.0,1,414,105984.0,242.0,10.5591,0.018,633.4219,182.0,6.0,176.0,91.0,0.0,0.0,0.0,160,44
53,43,848,688,864,704,1010.0,1090.0,-1807.0,-1727.0,1,386,98816.0,208.0,9.6255,0.0176,220.4813,31.0,0.0,31.0,28.0,0.0,0.0,0.0,20,10
15,44,240,704,256,720,-2030.0,-1950.0,-1887.0,-1807.0,1,94,24064.0,112.0,6.6788,0.0171,40.9581,281.0,281.0,0.0,15.0,0.0,0.0,0.0,3,3
16,44,256,704,272,720,-1950.0,-1870.0,-1887.0,-1807.0,1,114,29184.0,133.0,7.106,0.0176,55.5727,350.0,350.0,0.0,11.0,1.0,1.0,0.0,10,7
17,44,272,704,288,720,-1870.0,-1790.0,-1887.0,-1807.0,1,163,41728.0,163.0,7.7539,0.018,111.7411,15.0,13.0,2.0,12.0,0.0,0.0,0.0,25,11
18,44,288,704,304,720,-1790.0,-1710.0,-1887.0,-1807.0,1,215,55040.0,165.0,8.0461,0.0185,104.1134,147.0,145.0,2.0,138.0,0.0,0.0,0.0,214,65
19,44,304,704,320,720,-1710.0,-1630.0,-1887.0,-1807.0,1,283,72448.0,227.0,8.4653,0.0189,207.0956,117.0,114.0,3.0,100.0,0.0,0.0,0.0,190,60
20,44,320,704,336,720,-1630.0,-1550.0,-1887.0,-1807.0,1,289,73984.0,220.0,8.4653,0.0191,171.8682,406.0,406.0,0.0,34.0,1.0,1.0,0.0,90,40
21,44,336,704,352,720,-1550.0,-1470.0,-1887.0,-1807.0,1,297,76032.0,216.0,8.3229,0.0194,161.9962,61.0,59.0,2.0,7.0,0.0,0.0,0.0,71,28
22,44,352,704,368,720,-1470.0,-1390.0,-1887.0,-1807.0,1,212,54272.0,204.0,7.7318,0.0194,102.1349,0.0,0.0,0.0,0.0,0.0,0.0,0.0,0,0
30,44,480,704,496,720,-830.0,-750.0,-1887.0,-1807.0,1,433,110848.0,220.0,10.6729,0.0223,338.6197,82.0,41.0,41.0,11.0,1.0,1.0,0.0,70,25
31,44,496,704,512,720,-750.0,-670.0,-1887.0,-1807.0,1,456,116736.0,230.0,10.9964,0.0226,381.0035,75.0,48.0,27.0,29.0,0.0,0.0,0.0,91,32
32,44,512,704,528,720,-670.0,-590.0,-1887.0,-1807.0,1,514,131584.0,319.0,11.8202,0.0227,931.964,44.0,19.0,25.0,6.0,1.0,0.0,1.0,48,18
33,44,528,704,544,720,-590.0,-510.0,-1887.0,-1807.0,1,591,151296.0,332.0,12.9139,0.0227,1412.3528,28.0,10.0,18.0,0.0,0.0,0.0,0.0,32,11
34,44,544,704,560,720,-510.0,-430.0,-1887.0,-1807.0,1,593,151808.0,329.0,12.9446,0.0227,1283.2835,41.0,14.0,27.0,0.0,0.0,0.0,0.0,47,16
35,44,560,704,576,720,-430.0,-350.0,-1887.0,-1807.0,1,583,149248.0,331.0,12.7925,0.0226,1157.7856,70.0,26.0,44.0,2.0,0.0,0.0,0.0,64,19
36,44,576,704,592,720,-350.0,-270.0,-1887.0,-1807.0,1,552,141312.0,318.0,12.3709,0.0225,955.6817,34.0,12.0,22.0,0.0,0.0,0.0,0.0,38,15
37,44,592,704,608,720,-270.0,-190.0,-1887.0,-1807.0,1,488,124928.0,308.0,11.5322,0.0223,600.3207,30.0,18.0,12.0,0.0,0.0,0.0,0.0,39,16
38,44,608,704,624,720,-190.0,-110.0,-1887.0,-1807.0,1,441,112896.0,216.0,10.7573,0.0221,230.5003,69.0,54.0,15.0,21.0,0.0,0.0,0.0,70,27
39,44,624,704,640,720,-110.0,-30.0,-1887.0,-1807.0,1,442,113152.0,204.0,10.222,0.0219,143.1009,311.0,274.0,37.0,74.0,1.0,1.0,0.0,143,37
40,44,640,704,656,720,-30.0,50.0,-1887.0,-1807.0,1,444,113664.0,204.0,10.2799,0.0217,142.2565,33.0,20.0,13.0,0.0,0.0,0.0,0.0,24,11
41,44,656,704,672,720,50.0,130.0,-1887.0,-1807.0,1,443,113408.0,201.0,10.2605,0.0214,142.245,0.0,0.0,0.0,0.0,0.0,0.0,0.0,0,0
42,44,672,704,688,720,130.0,210.0,-1887.0,-1807.0,1,442,113152.0,204.0,10.2702,0.0212,138.1305,0.0,0.0,0.0,0.0,0.0,0.0,0.0,0,0
43,44,688,704,704,720,210.0,290.0,-1887.0,-1807.0,1,446,114176.0,206.0,10.3091,0.0209,150.8996,0.0,0.0,0.0,0.0,0.0,0.0,0.0,0,0
44,44,704,704,720,720,290.0,370.0,-1887.0,-1807.0,1,448,114688.0,212.0,10.3287,0.0206,162.0675,0.0,0.0,0.0,0.0,0.0,0.0,0.0,0,0
45,44,720,704,736,720,370.0,450.0,-1887.0,-1807.0,1,446,114176.0,211.0,10.3091,0.0202,163.137,0.0,0.0,0.0,0.0,0.0,0.0,0.0,0,0
46,44,736,704,752,720,450.0,530.0,-1887.0,-1807.0,1,451,115456.0,217.0,10.3779,0.0199,194.3284,0.0,0.0,0.0,0.0,0.0,0.0,0.0,0,0
47,44,752,704,768,720,530.0,610.0,-1887.0,-1807.0,1,452,115712.0,224.0,10.4176,0.0195,298.067,0.0,0.0,0.0,0.0,0.0,0.0,0.0,0,0
48,44,768,704,784,720,610.0,690.0,-1887.0,-1807.0,1,461,118016.0,253.0,11.293,0.0192,912.9067,0.0,0.0,0.0,0.0,0.0,0.0,0.0,0,0
49,44,784,704,800,720,690.0,770.0,-1887.0,-1807.0,1,458,117248.0,254.0,10.8973,0.0188,610.2473,0.0,0.0,0.0,0.0,0.0,0.0,0.0,0,0
50,44,800,704,816,720,770.0,850.0,-1887.0,-1807.0,1,460,117760.0,267.0,10.9192,0.0185,797.1895,0.0,0.0,0.0,0.0,0.0,0.0,0.0,0,0
51,44,816,704,832,720,850.0,930.0,-1887.0,-1807.0,1,456,116736.0,273.0,10.9742,0.0181,978.7693,24.0,2.0,22.0,18.0,0.0,0.0,0.0,28,13
52,44,832,704,848,720,930.0,1010.0,-1887.0,-1807.0,1,415,106240.0,220.0,9.8609,0.0177,242.8825,162.0,3.0,159.0,88.0,0.0,0.0,0.0,142,41
53,44,848,704,864,720,1010.0,1090.0,-1887.0,-1807.0,1,404,103424.0,215.0,9.7987,0.0173,247.2437,106.0,0.0,106.0,58.0,0.0,0.0,0.0,44,17
15,45,240,720,256,736,-2030.0,-1950.0,-1967.0,-1887.0,1,91,23296.0,115.0,6.9429,0.0168,39.4979,164.0,164.0,0.0,4.0,0.0,0.0,0.0,4,3
16,45,256,720,272,736,-1950.0,-1870.0,-1967.0,-1887.0,1,136,34816.0,160.0,7.6342,0.0173,110.6727,6.0,6.0,0.0,6.0,0.0,0.0,0.0,8,4
17,45,272,720,288,736,-1870.0,-1790.0,-1967.0,-1887.0,1,200,51200.0,168.0,7.9696,0.0177,134.3406,101.0,101.0,0.0,17.0,0.0,0.0,0.0,27,13
18,45,288,720,304,736,-1790.0,-1710.0,-1967.0,-1887.0,1,223,57088.0,168.0,8.1,0.0181,136.7025,10498.0,10495.0,3.0,150.0,0.0,0.0,0.0,180,74
19,45,304,720,320,736,-1710.0,-1630.0,-1967.0,-1887.0,1,282,72192.0,230.0,8.4785,0.0184,216.7914,144.0,140.0,4.0,122.0,0.0,0.0,0.0,164,59
20,45,320,720,336,736,-1630.0,-1550.0,-1967.0,-1887.0,1,291,74496.0,224.0,8.5183,0.0187,205.0255,245.0,245.0,0.0,52.0,0.0,0.0,0.0,82,32
21,45,336,720,352,736,-1550.0,-1470.0,-1967.0,-1887.0,1,283,72448.0,219.0,8.2661,0.0189,169.6721,68.0,67.0,1.0,5.0,0.0,0.0,0.0,86,31
22,45,352,720,368,736,-1470.0,-1390.0,-1967.0,-1887.0,1,191,48896.0,164.0,7.513,0.0189,73.8133,4.0,4.0,0.0,0.0,0.0,0.0,0.0,4,2
30,45,480,720,496,736,-830.0,-750.0,-1967.0,-1887.0,1,436,111616.0,220.0,10.7044,0.0217,345.8215,107.0,49.0,58.0,30.0,1.0,0.0,1.0,61,25
31,45,496,720,512,736,-750.0,-670.0,-1967.0,-1887.0,1,456,116736.0,228.0,10.9631,0.022,376.657,63.0,50.0,13.0,30.0,2.0,2.0,0.0,85,33
32,45,512,720,528,736,-670.0,-590.0,-1967.0,-1887.0,1,478,122368.0,242.0,11.293,0.0221,456.6873,34.0,9.0,25.0,5.0,0.0,0.0,0.0,46,15
33,45,528,720,544,736,-590.0,-510.0,-1967.0,-1887.0,1,538,137728.0,329.0,12.15,0.0222,1071.7218,85.0,39.0,46.0,0.0,2.0,0.0,2.0,57,16
34,45,544,720,560,736,-510.0,-430.0,-1967.0,-1887.0,1,603,154368.0,335.0,13.132,0.0222,1533.6475,84.0,40.0,44.0,2.0,2.0,1.0,1.0,65,19
35,45,560,720,576,736,-430.0,-350.0,-1967.0,-1887.0,1,602,154112.0,338.0,13.1162,0.0221,1434.426,47.0,20.0,27.0,2.0,0.0,0.0,0.0,46,14
36,45,576,720,592,736,-350.0,-270.0,-1967.0,-1887.0,1,581,148736.0,335.0,12.8075,0.022,1233.557,26.0,13.0,13.0,5.0,0.0,0.0,0.0,34,15
37,45,592,720,608,736,-270.0,-190.0,-1967.0,-1887.0,1,532,136192.0,323.0,12.096,0.0219,967.3726,49.0,42.0,7.0,19.0,0.0,0.0,0.0,54,19
38,45,608,720,624,736,-190.0,-110.0,-1967.0,-1887.0,1,471,120576.0,270.0,11.1541,0.0217,361.6118,139.0,122.0,17.0,33.0,0.0,0.0,0.0,85,27
39,45,624,720,640,736,-110.0,-30.0,-1967.0,-1887.0,1,452,115712.0,224.0,10.7467,0.0215,222.4746,257.0,206.0,51.0,57.0,0.0,0.0,0.0,161,39
40,45,640,720,656,736,-30.0,50.0,-1967.0,-1887.0,1,446,114176.0,207.0,10.3091,0.0213,149.611,164.0,114.0,50.0,5.0,2.0,2.0,0.0,102,24
41,45,656,720,672,736,50.0,130.0,-1967.0,-1887.0,1,450,115200.0,211.0,10.368,0.0211,154.4567,418.0,321.0,97.0,19.0,0.0,0.0,0.0,203,27
42,45,672,720,688,736,130.0,210.0,-1967.0,-1887.0,1,448,114688.0,213.0,10.3385,0.0208,150.7139,637.0,599.0,38.0,26.0,1.0,1.0,0.0,120,21
43,45,688,720,704,736,210.0,290.0,-1967.0,-1887.0,1,447,114432.0,214.0,10.3189,0.0205,151.3113,0.0,0.0,0.0,0.0,0.0,0.0,0.0,0,0
44,45,704,720,720,736,290.0,370.0,-1967.0,-1887.0,1,450,115200.0,215.0,10.3483,0.0202,165.5145,4.0,0.0,4.0,0.0,0.0,0.0,0.0,4,1
45,45,720,720,736,736,370.0,450.0,-1967.0,-1887.0,1,451,115456.0,214.0,10.3581,0.0199,174.3844,1.0,0.0,1.0,0.0,0.0,0.0,0.0,2,1
46,45,736,720,752,736,450.0,530.0,-1967.0,-1887.0,1,456,116736.0,218.0,10.4276,0.0196,206.9248,0.0,0.0,0.0,0.0,0.0,0.0,0.0,0,0
47,45,752,720,768,736,530.0,610.0,-1967.0,-1887.0,1,454,116224.0,227.0,10.4778,0.0192,333.2031,0.0,0.0,0.0,0.0,0.0,0.0,0.0,0,0
48,45,768,720,784,736,610.0,690.0,-1967.0,-1887.0,1,464,118784.0,250.0,11.086,0.0188,1041.7099,3.0,0.0,3.0,3.0,0.0,0.0,0.0,2,1
49,45,784,720,800,736,690.0,770.0,-1967.0,-1887.0,1,465,119040.0,263.0,11.0075,0.0185,750.8871,3.0,0.0,3.0,3.0,0.0,0.0,0.0,2,1
50,45,800,720,816,736,770.0,850.0,-1967.0,-1887.0,1,468,119808.0,273.0,11.0298,0.0181,940.7473,1.0,0.0,1.0,1.0,0.0,0.0,0.0,2,1
51,45,816,720,832,736,850.0,930.0,-1967.0,-1887.0,1,455,116480.0,280.0,11.0186,0.0178,1050.3106,92.0,3.0,89.0,68.0,0.0,0.0,0.0,78,26
52,45,832,720,848,736,930.0,1010.0,-1967.0,-1887.0,1,417,106752.0,213.0,9.8877,0.0174,174.0022,101.0,5.0,96.0,44.0,0.0,0.0,0.0,104,35
53,45,848,720,864,736,1010.0,1090.0,-1967.0,-1887.0,1,411,105216.0,216.0,9.8698,0.017,243.8039,51.0,0.0,51.0,22.0,0.0,0.0,0.0,32,14
15,46,240,736,256,752,-2030.0,-1950.0,-2047.0,-1967.0,1,96,24576.0,103.0,6.7617,0.0166,14.9617,193.0,193.0,0.0,7.0,0.0,0.0,0.0,2,2
16,46,256,736,272,752,-1950.0,-1870.0,-2047.0,-1967.0,1,130,33280.0,114.0,6.9384,0.017,23.1926,380.0,380.0,0.0,15.0,1.0,1.0,0.0,6,6
17,46,272,736,288,752,-1870.0,-1790.0,-2047.0,-1967.0,1,189,48384.0,166.0,7.9116,0.0174,112.3227,4.0,4.0,0.0,4.0,0.0,0.0,0.0,6,3
18,46,288,736,304,752,-1790.0,-1710.0,-2047.0,-1967.0,1,230,58880.0,189.0,8.1607,0.0177,200.1295,10575.0,10575.0,0.0,116.0,1.0,1.0,0.0,85,74
19,46,304,736,320,752,-1710.0,-1630.0,-2047.0,-1967.0,1,284,72704.0,235.0,8.505,0.018,273.5709,10665.0,10659.0,6.0,148.0,0.0,0.0,0.0,172,74
20,46,320,736,336,752,-1630.0,-1550.0,-2047.0,-1967.0,1,287,73472.0,228.0,8.5117,0.0183,238.822,288.0,288.0,0.0,100.0,0.0,0.0,0.0,162,54
21,46,336,736,352,752,-1550.0,-1470.0,-2047.0,-1967.0,1,259,66304.0,223.0,8.3102,0.0185,178.2347,100.0,98.0,2.0,20.0,0.0,0.0,0.0,128,40
22,46,352,736,368,752,-1470.0,-1390.0,-2047.0,-1967.0,1,187,47872.0,155.0,7.431,0.0186,74.0901,3.0,3.0,0.0,0.0,0.0,0.0,0.0,6,3
30,46,480,736,496,752,-830.0,-750.0,-2047.0,-1967.0,1,436,111616.0,221.0,10.7044,0.0212,330.2454,99.0,77.0,22.0,50.0,1.0,0.0,1.0,79,32
31,46,496,736,512,752,-750.0,-670.0,-2047.0,-1967.0,1,458,117248.0,228.0,10.9853,0.0214,378.2588,67.0,57.0,10.0,33.0,0.0,0.0,0.0,84,35
32,46,512,736,528,752,-670.0,-590.0,-2047.0,-1967.0,1,480,122880.0,240.0,11.34,0.0216,445.3302,62.0,4.0,58.0,0.0,0.0,0.0,0.0,19,9
33,46,528,736,544,752,-590.0,-510.0,-2047.0,-1967.0,1,500,128000.0,259.0,11.6308,0.0216,569.8107,44.0,1.0,43.0,0.0,0.0,0.0,0.0,26,9
34,46,544,736,560,752,-510.0,-430.0,-2047.0,-1967.0,1,568,145408.0,338.0,12.6146,0.0216,1326.0355,154.0,50.0,104.0,9.0,0.0,0.0,0.0,61,24
35,46,560,736,576,752,-430.0,-350.0,-2047.0,-1967.0,1,613,156928.0,345.0,13.3086,0.0216,1714.7906,190.0,100.0,90.0,17.0,1.0,1.0,0.0,70,24
36,46,576,736,592,752,-350.0,-270.0,-2047.0,-1967.0,1,604,154624.0,347.0,13.1637,0.0215,1572.8037,30.0,27.0,3.0,23.0,0.0,0.0,0.0,30,11
37,46,592,736,608,752,-270.0,-190.0,-2047.0,-1967.0,1,564,144384.0,340.0,12.5564,0.0213,1167.8398,98.0,25.0,73.0,16.0,0.0,0.0,0.0,55,20
38,46,608,736,624,752,-190.0,-110.0,-2047.0,-1967.0,1,515,131840.0,333.0,11.8718,0.0212,805.0986,105.0,51.0,54.0,26.0,1.0,0.0,1.0,100,26
39,46,624,736,640,752,-110.0,-30.0,-2047.0,-1967.0,1,470,120320.0,270.0,11.1313,0.0211,357.8897,147.0,106.0,41.0,27.0,0.0,0.0,0.0,121,33
40,46,640,736,656,752,-30.0,50.0,-2047.0,-1967.0,1,458,117248.0,235.0,10.9521,0.0209,230.2009,172.0,136.0,36.0,28.0,2.0,1.0,1.0,130,33
41,46,656,736,672,752,50.0,130.0,-2047.0,-1967.0,1,451,115456.0,217.0,10.8755,0.0207,203.1755,555.0,517.0,38.0,41.0,5.0,4.0,1.0,243,35
42,46,672,736,688,752,130.0,210.0,-2047.0,-1967.0,1,452,115712.0,215.0,10.3878,0.0204,159.5737,307.0,299.0,8.0,89.0,0.0,0.0,0.0,106,27
43,46,688,736,704,752,210.0,290.0,-2047.0,-1967.0,1,453,115968.0,215.0,10.3878,0.0202,171.7157,10.0,0.0,10.0,0.0,0.0,0.0,0.0,2,1
44,46,704,736,720,752,290.0,370.0,-2047.0,-1967.0,1,454,116224.0,214.0,10.3878,0.0199,176.7983,33.0,0.0,33.0,0.0,0.0,0.0,0.0,10,4
45,46,720,736,736,752,370.0,450.0,-2047.0,-1967.0,1,456,116736.0,218.0,10.4276,0.0196,198.9029,57.0,0.0,57.0,1.0,0.0,0.0,0.0,18,4
46,46,736,736,752,752,450.0,530.0,-2047.0,-1967.0,1,453,115968.0,221.0,10.4077,0.0192,210.1133,36.0,0.0,36.0,21.0,0.0,0.0,0.0,22,9
47,46,752,736,768,752,530.0,610.0,-2047.0,-1967.0,1,460,117760.0,230.0,10.5591,0.0189,345.931,35.0,0.0,35.0,19.0,0.0,0.0,0.0,28,11
48,46,768,736,784,752,610.0,690.0,-2047.0,-1967.0,1,464,118784.0,251.0,11.1655,0.0185,776.8525,39.0,0.0,39.0,20.0,0.0,0.0,0.0,32,15
49,46,784,736,800,752,690.0,770.0,-2047.0,-1967.0,1,467,119552.0,273.0,11.4113,0.0182,1160.2825,78.0,1.0,77.0,39.0,0.0,0.0,0.0,74,27
50,46,800,736,816,752,770.0,850.0,-2047.0,-1967.0,1,463,118528.0,271.0,11.0075,0.0178,1018.0423,124.0,2.0,122.0,73.0,0.0,0.0,0.0,94,30
51,46,816,736,832,752,850.0,930.0,-2047.0,-1967.0,1,454,116224.0,284.0,11.041,0.0175,1114.5655,126.0,5.0,121.0,61.0,0.0,0.0,0.0,109,35
52,46,832,736,848,752,930.0,1010.0,-2047.0,-1967.0,1,425,108800.0,220.0,9.9875,0.0171,223.4666,65.0,5.0,60.0,20.0,0.0,0.0,0.0,60,23
53,46,848,736,864,752,1010.0,1090.0,-2047.0,-1967.0,1,419,107264.0,222.0,9.9057,0.0167,264.3705,26.0,0.0,26.0,10.0,0.0,0.0,0.0,24,10
19,47,304,752,320,768,-1710.0,-1630.0,-2127.0,-2047.0,1,291,74496.0,241.0,8.5585,0.0177,373.0628,568.0,564.0,4.0,53.0,0.0,0.0,0.0,88,39
20,47,320,752,336,768,-1630.0,-1550.0,-2127.0,-2047.0,1,285,72960.0,236.0,8.5183,0.018,299.076,161.0,158.0,3.0,132.0,0.0,0.0,0.0,250,72
21,47,336,752,352,768,-1550.0,-1470.0,-2127.0,-2047.0,1,247,63232.0,228.0,8.2535,0.0182,224.3615,136.0,135.0,1.0,50.0,0.0,0.0,0.0,190,54
22,47,352,752,368,768,-1470.0,-1390.0,-2127.0,-2047.0,1,187,47872.0,157.0,7.5027,0.0183,88.916,21.0,21.0,0.0,0.0,0.0,0.0,0.0,30,11
30,47,480,752,496,768,-830.0,-750.0,-2127.0,-2047.0,1,445,113920.0,225.0,10.8215,0.0206,346.1231,381.0,356.0,25.0,128.0,4.0,4.0,0.0,198,42
31,47,496,752,512,768,-750.0,-670.0,-2127.0,-2047.0,1,469,120064.0,232.0,11.1313,0.0208,411.701,699.0,694.0,5.0,199.0,1.0,1.0,0.0,272,55
32,47,512,752,528,768,-670.0,-590.0,-2127.0,-2047.0,1,484,123904.0,243.0,11.3994,0.021,468.7465,0.0,0.0,0.0,0.0,0.0,0.0,0.0,0,0
33,47,528,752,544,768,-590.0,-510.0,-2127.0,-2047.0,1,498,127488.0,247.0,11.606,0.021,531.2724,36.0,3.0,33.0,2.0,0.0,0.0,0.0,10,4
34,47,544,752,560,768,-510.0,-430.0,-2127.0,-2047.0,1,532,136192.0,296.0,12.1095,0.0211,943.8135,78.0,58.0,20.0,15.0,1.0,0.0,1.0,72,29
35,47,560,752,576,768,-430.0,-350.0,-2127.0,-2047.0,1,588,150528.0,354.0,12.9139,0.021,1568.0937,417.0,415.0,2.0,59.0,2.0,2.0,0.0,97,20
36,47,576,752,592,768,-350.0,-270.0,-2127.0,-2047.0,1,626,160256.0,360.0,13.5235,0.0209,1924.6417,22.0,22.0,0.0,12.0,0.0,0.0,0.0,14,6
37,47,592,752,608,768,-270.0,-190.0,-2127.0,-2047.0,1,600,153600.0,354.0,13.1004,0.0208,1604.38,22.0,18.0,4.0,15.0,0.0,0.0,0.0,32,14
38,47,608,752,624,768,-190.0,-110.0,-2127.0,-2047.0,1,548,140288.0,348.0,12.3289,0.0207,1165.0291,195.0,140.0,55.0,85.0,1.0,0.0,1.0,179,45
39,47,624,752,640,768,-110.0,-30.0,-2127.0,-2047.0,1,489,125184.0,293.0,11.3875,0.0206,498.3832,174.0,160.0,14.0,44.0,1.0,1.0,0.0,145,43
40,47,640,752,656,768,-30.0,50.0,-2127.0,-2047.0,1,472,120832.0,262.0,11.1427,0.0204,365.6278,156.0,132.0,24.0,14.0,3.0,2.0,1.0,133,38
41,47,656,752,672,768,50.0,130.0,-2127.0,-2047.0,1,460,117760.0,242.0,11.0075,0.0202,257.2318,237.0,169.0,68.0,2.0,5.0,2.0,3.0,141,31
42,47,672,752,688,768,130.0,210.0,-2127.0,-2047.0,1,460,117760.0,231.0,10.9742,0.02,283.3418,596.0,596.0,0.0,36.0,0.0,0.0,0.0,44,12
43,47,688,752,704,768,210.0,290.0,-2127.0,-2047.0,1,456,116736.0,217.0,10.4276,0.0198,192.1325,8.0,8.0,0.0,0.0,0.0,0.0,0.0,6,2
44,47,704,752,720,768,290.0,370.0,-2127.0,-2047.0,1,455,116480.0,220.0,10.4276,0.0195,194.3435,19.0,1.0,18.0,1.0,0.0,0.0,0.0,8,4
45,47,720,752,736,768,370.0,450.0,-2127.0,-2047.0,1,456,116736.0,219.0,10.4376,0.0192,208.0171,43.0,5.0,38.0,8.0,0.0,0.0,0.0,30,10
46,47,736,752,752,768,450.0,530.0,-2127.0,-2047.0,1,457,116992.0,224.0,10.498,0.0189,284.8175,143.0,4.0,139.0,9.0,0.0,0.0,0.0,50,14
47,47,752,752,768,768,530.0,610.0,-2127.0,-2047.0,1,459,117504.0,227.0,10.5488,0.0185,291.5433,113.0,6.0,107.0,25.0,0.0,0.0,0.0,94,27
48,47,768,752,784,768,610.0,690.0,-2127.0,-2047.0,1,464,118784.0,257.0,11.3164,0.0182,1041.831,114.0,6.0,108.0,36.0,0.0,0.0,0.0,80,25
49,47,784,752,800,768,690.0,770.0,-2127.0,-2047.0,1,467,119552.0,272.0,11.4113,0.0178,1089.1866,100.0,8.0,92.0,36.0,0.0,0.0,0.0,82,28
50,47,800,752,816,768,770.0,850.0,-2127.0,-2047.0,1,467,119552.0,278.0,11.0973,0.0175,1145.3855,56.0,11.0,45.0,11.0,0.0,0.0,0.0,46,19
51,47,816,752,832,768,850.0,930.0,-2127.0,-2047.0,1,445,113920.0,271.0,10.9631,0.0171,1056.256,69.0,28.0,41.0,6.0,0.0,0.0,0.0,36,15
52,47,832,752,848,768,930.0,1010.0,-2127.0,-2047.0,1,422,108032.0,218.0,9.9692,0.0168,250.9206,93.0,3.0,90.0,51.0,0.0,0.0,0.0,56,17
53,47,848,752,864,768,1010.0,1090.0,-2127.0,-2047.0,1,417,106752.0,211.0,9.8877,0.0164,182.8605,5.0,0.0,5.0,2.0,0.0,0.0,0.0,8,4
19,48,304,768,320,784,-1710.0,-1630.0,-2207.0,-2127.0,1,295,75520.0,262.0,8.6332,0.0174,452.2311,4.0,4.0,0.0,3.0,0.0,0.0,0.0,6,3
20,48,320,768,336,784,-1630.0,-1550.0,-2207.0,-2127.0,1,292,74752.0,253.0,8.572,0.0177,461.8413,76.0,67.0,9.0,43.0,1.0,0.0,1.0,110,43
21,48,336,768,352,784,-1550.0,-1470.0,-2207.0,-2127.0,1,250,64000.0,244.0,8.2912,0.0179,368.381,237.0,229.0,8.0,160.0,0.0,0.0,0.0,324,74
22,48,352,768,368,784,-1470.0,-1390.0,-2207.0,-2127.0,1,197,50432.0,177.0,7.9231,0.0181,234.5611,179.0,179.0,0.0,38.0,0.0,0.0,0.0,208,53
30,48,480,768,496,784,-830.0,-750.0,-2207.0,-2127.0,1,455,116480.0,232.0,10.9411,0.0201,352.7114,243.0,221.0,22.0,108.0,0.0,0.0,0.0,226,48
31,48,496,768,512,784,-750.0,-670.0,-2207.0,-2127.0,1,479,122624.0,248.0,11.3994,0.0203,441.8825,1238.0,1191.0,47.0,229.0,3.0,3.0,0.0,290,59
32,48,512,768,528,784,-670.0,-590.0,-2207.0,-2127.0,1,495,126720.0,252.0,11.606,0.0204,508.0218,121.0,59.0,62.0,29.0,0.0,0.0,0.0,100,32
33,48,528,768,544,784,-590.0,-510.0,-2207.0,-2127.0,1,510,130560.0,259.0,11.8074,0.0205,581.7435,67.0,51.0,16.0,24.0,0.0,0.0,0.0,82,31
34,48,544,768,560,784,-510.0,-430.0,-2207.0,-2127.0,1,530,135680.0,271.0,12.0826,0.0205,753.9742,97.0,91.0,6.0,40.0,0.0,0.0,0.0,94,36
35,48,560,768,576,784,-430.0,-350.0,-2207.0,-2127.0,1,551,141056.0,318.0,12.3709,0.0205,1225.2846,315.0,309.0,6.0,56.0,1.0,1.0,0.0,153,36
36,48,576,768,592,784,-350.0,-270.0,-2207.0,-2127.0,1,604,154624.0,359.0,13.1637,0.0204,1770.2014,704.0,646.0,58.0,84.0,0.0,0.0,0.0,298,51
37,48,592,768,608,784,-270.0,-190.0,-2207.0,-2127.0,1,617,157952.0,362.0,13.3904,0.0203,1946.4665,737.0,661.0,76.0,113.0,2.0,2.0,0.0,311,53
38,48,608,768,624,784,-190.0,-110.0,-2207.0,-2127.0,1,580,148480.0,356.0,12.8075,0.0202,1482.5026,205.0,159.0,46.0,28.0,0.0,0.0,0.0,180,48
39,48,624,768,640,784,-110.0,-30.0,-2207.0,-2127.0,1,538,137728.0,350.0,12.1908,0.0201,1047.5592,80.0,72.0,8.0,6.0,0.0,0.0,0.0,73,22
40,48,640,768,656,784,-30.0,50.0,-2207.0,-2127.0,1,490,125440.0,285.0,11.3994,0.0199,504.3132,459.0,417.0,42.0,52.0,0.0,0.0,0.0,82,26
41,48,656,768,672,784,50.0,130.0,-2207.0,-2127.0,1,474,121344.0,258.0,11.1655,0.0198,366.2417,156.0,32.0,124.0,7.0,4.0,0.0,4.0,104,32
42,48,672,768,688,784,130.0,210.0,-2207.0,-2127.0,1,469,120064.0,249.0,11.1086,0.0196,326.7841,0.0,0.0,0.0,0.0,0.0,0.0,0.0,0,0
43,48,688,768,704,784,210.0,290.0,-2207.0,-2127.0,1,463,118528.0,238.0,10.8973,0.0193,301.9738,21.0,15.0,6.0,0.0,0.0,0.0,0.0,16,3
44,48,704,768,720,784,290.0,370.0,-2207.0,-2127.0,1,460,117760.0,221.0,10.4879,0.0191,218.6937,84.0,47.0,37.0,2.0,0.0,0.0,0.0,46,14
45,48,720,768,736,784,370.0,450.0,-2207.0,-2127.0,1,461,118016.0,222.0,10.498,0.0188,242.5141,22.0,0.0,22.0,0.0,0.0,0.0,0.0,6,2
46,48,736,768,752,784,450.0,530.0,-2207.0,-2127.0,1,463,118528.0,233.0,10.6002,0.0185,373.5011,129.0,3.0,126.0,18.0,1.0,0.0,1.0,66,20
47,48,752,768,768,784,530.0,610.0,-2207.0,-2127.0,1,461,118016.0,236.0,10.6105,0.0182,347.4955,292.0,82.0,210.0,15.0,0.0,0.0,0.0,71,19
48,48,768,768,784,784,610.0,690.0,-2207.0,-2127.0,1,464,118784.0,258.0,11.3164,0.0178,827.3838,11.0,1.0,10.0,7.0,0.0,0.0,0.0,10,5
49,48,784,768,800,784,690.0,770.0,-2207.0,-2127.0,1,468,119808.0,274.0,11.177,0.0175,1403.1186,21.0,4.0,17.0,11.0,0.0,0.0,0.0,18,7
50,48,800,768,816,784,770.0,850.0,-2207.0,-2127.0,1,456,116736.0,268.0,10.9853,0.0171,954.0313,107.0,87.0,20.0,3.0,0.0,0.0,0.0,31,4
51,48,816,768,832,784,850.0,930.0,-2207.0,-2127.0,1,444,113664.0,272.0,10.9521,0.0168,1116.014,52.0,2.0,50.0,15.0,0.0,0.0,0.0,38,13
52,48,832,768,848,784,930.0,1010.0,-2207.0,-2127.0,1,426,109056.0,224.0,10.0336,0.0165,295.6039,73.0,3.0,70.0,29.0,0.0,0.0,0.0,56,16
53,48,848,768,864,784,1010.0,1090.0,-2207.0,-2127.0,1,420,107520.0,218.0,9.9419,0.0161,224.61,20.0,0.0,20.0,4.0,0.0,0.0,0.0,16,4
20,49,320,784,336,800,-1630.0,-1550.0,-2287.0,-2207.0,1,351,89856.0,302.0,9.6682,0.0173,856.9065,15.0,15.0,0.0,4.0,0.0,0.0,0.0,20,9
21,49,336,784,352,800,-1550.0,-1470.0,-2287.0,-2207.0,1,326,83456.0,305.0,9.4582,0.0176,869.6719,68.0,63.0,5.0,33.0,2.0,2.0,0.0,90,34
22,49,352,784,368,800,-1470.0,-1390.0,-2287.0,-2207.0,1,301,77056.0,248.0,9.218,0.0178,853.4633,342.0,337.0,5.0,160.0,0.0,0.0,0.0,419,75
23,49,368,784,384,800,-1390.0,-1310.0,-2287.0,-2207.0,1,175,44800.0,145.0,7.1574,0.0179,140.764,175.0,172.0,3.0,117.0,0.0,0.0,0.0,265,73
24,49,384,784,400,800,-1310.0,-1230.0,-2287.0,-2207.0,1,150,38400.0,129.0,6.9919,0.0179,22.6463,73.0,71.0,2.0,28.0,0.0,0.0,0.0,98,34
25,49,400,784,416,800,-1230.0,-1150.0,-2287.0,-2207.0,1,154,39424.0,121.0,7.0099,0.0179,5.8057,45.0,43.0,2.0,10.0,0.0,0.0,0.0,52,21
26,49,416,784,432,800,-1150.0,-1070.0,-2287.0,-2207.0,1,165,42240.0,122.0,7.0829,0.0181,4.8249,46.0,38.0,8.0,1.0,0.0,0.0,0.0,31,11
27,49,432,784,448,800,-1070.0,-990.0,-2287.0,-2207.0,1,188,48128.0,123.0,7.1905,0.0183,4.8468,84.0,83.0,1.0,0.0,1.0,1.0,0.0,20,6
28,49,448,784,464,800,-990.0,-910.0,-2287.0,-2207.0,1,269,68864.0,150.0,8.2912,0.0187,23.0449,0.0,0.0,0.0,0.0,0.0,0.0,0.0,0,0
29,49,464,784,480,800,-910.0,-830.0,-2287.0,-2207.0,1,371,94976.0,162.0,9.11,0.0193,49.7001,343.0,332.0,11.0,56.0,1.0,1.0,0.0,226,49
30,49,480,784,496,800,-830.0,-750.0,-2287.0,-2207.0,1,478,122368.0,247.0,11.3637,0.0195,441.9495,790.0,771.0,19.0,302.0,4.0,4.0,0.0,407,66
31,49,496,784,512,800,-750.0,-670.0,-2287.0,-2207.0,1,492,125952.0,250.0,11.5567,0.0197,499.1201,199.0,187.0,12.0,74.0,0.0,0.0,0.0,181,45
32,49,512,784,528,800,-670.0,-590.0,-2287.0,-2207.0,1,503,128768.0,256.0,11.7058,0.0198,550.1641,224.0,178.0,46.0,67.0,2.0,1.0,1.0,202,50
33,49,528,784,544,800,-590.0,-510.0,-2287.0,-2207.0,1,513,131328.0,258.0,11.8459,0.0199,603.61,167.0,151.0,16.0,82.0,0.0,0.0,0.0,183,47
34,49,544,784,560,800,-510.0,-430.0,-2287.0,-2207.0,1,527,134912.0,262.0,12.0425,0.0199,704.2861,225.0,217.0,8.0,65.0,0.0,0.0,0.0,173,45
35,49,560,784,576,800,-430.0,-350.0,-2287.0,-2207.0,1,539,137984.0,278.0,12.2045,0.0199,846.6127,199.0,190.0,9.0,64.0,0.0,0.0,0.0,178,46
36,49,576,784,592,800,-350.0,-270.0,-2287.0,-2207.0,1,569,145664.0,340.0,12.6439,0.0198,1371.4744,167.0,161.0,6.0,12.0,1.0,1.0,0.0,106,26
37,49,592,784,608,800,-270.0,-190.0,-2287.0,-2207.0,1,606,155136.0,364.0,13.2117,0.0198,1857.0099,32.0,23.0,9.0,4.0,0.0,0.0,0.0,40,15
38,49,608,784,624,800,-190.0,-110.0,-2287.0,-2207.0,1,601,153856.0,361.0,13.132,0.0197,1789.1501,102.0,25.0,77.0,8.0,1.0,0.0,1.0,64,14
39,49,624,784,640,800,-110.0,-30.0,-2287.0,-2207.0,1,557,142592.0,357.0,12.4701,0.0196,1397.8705,0.0,0.0,0.0,0.0,0.0,0.0,0.0,0,0
40,49,640,784,656,800,-30.0,50.0,-2287.0,-2207.0,1,507,129792.0,316.0,11.7818,0.0194,785.0728,221.0,43.0,178.0,4.0,3.0,0.0,3.0,117,29
41,49,656,784,672,800,50.0,130.0,-2287.0,-2207.0,1,483,123648.0,280.0,11.293,0.0193,505.1691,277.0,49.0,228.0,8.0,2.0,1.0,1.0,144,37
42,49,672,784,688,800,130.0,210.0,-2287.0,-2207.0,1,472,120832.0,258.0,11.1427,0.0191,388.5065,85.0,2.0,83.0,3.0,0.0,0.0,0.0,42,16
43,49,688,784,704,800,210.0,290.0,-2287.0,-2207.0,1,468,119808.0,254.0,11.1199,0.0189,361.358,182.0,17.0,165.0,3.0,0.0,0.0,0.0,52,18
44,49,704,784,720,800,290.0,370.0,-2287.0,-2207.0,1,460,117760.0,242.0,10.9964,0.0186,306.6836,89.0,18.0,71.0,9.0,0.0,0.0,0.0,82,26
45,49,720,784,736,800,370.0,450.0,-2287.0,-2207.0,1,459,117504.0,242.0,11.0522,0.0184,418.3184,91.0,13.0,78.0,10.0,0.0,0.0,0.0,78,28
46,49,736,784,752,800,450.0,530.0,-2287.0,-2207.0,1,459,117504.0,230.0,10.5488,0.0181,314.8584,130.0,11.0,119.0,14.0,1.0,1.0,0.0,98,28
47,49,752,784,768,800,530.0,610.0,-2287.0,-2207.0,1,457,116992.0,238.0,10.6105,0.0178,378.2765,145.0,4.0,141.0,15.0,0.0,0.0,0.0,58,24
48,49,768,784,784,800,610.0,690.0,-2287.0,-2207.0,1,463,118528.0,256.0,10.9631,0.0175,817.986,57.0,19.0,38.0,14.0,0.0,0.0,0.0,46,17
49,49,784,784,800,800,690.0,770.0,-2287.0,-2207.0,1,459,117504.0,266.0,11.1885,0.0171,1115.0866,35.0,12.0,23.0,9.0,0.0,0.0,0.0,32,11
50,49,800,784,816,800,770.0,850.0,-2287.0,-2207.0,1,451,115456.0,273.0,10.9742,0.0168,997.7242,89.0,60.0,29.0,9.0,1.0,1.0,0.0,44,10
51,49,816,784,832,800,850.0,930.0,-2287.0,-2207.0,1,435,111360.0,245.0,10.8,0.0165,864.7418,40.0,2.0,38.0,12.0,0.0,0.0,0.0,30,9
52,49,832,784,848,800,930.0,1010.0,-2287.0,-2207.0,1,422,108032.0,222.0,10.0336,0.0162,312.5861,24.0,3.0,21.0,12.0,0.0,0.0,0.0,22,7
53,49,848,784,864,800,1010.0,1090.0,-2287.0,-2207.0,1,421,107776.0,218.0,9.9601,0.0158,249.0008,25.0,0.0,25.0,8.0,0.0,0.0,0.0,6,1
20,50,320,800,336,816,-1630.0,-1550.0,-2367.0,-2287.0,1,364,93184.0,305.0,9.8342,0.0169,935.7189,0.0,0.0,0.0,0.0,0.0,0.0,0.0,0,0
21,50,336,800,352,816,-1550.0,-1470.0,-2367.0,-2287.0,1,351,89856.0,299.0,9.7287,0.0172,995.1233,23.0,23.0,0.0,4.0,0.0,0.0,0.0,20,10
22,50,352,800,368,816,-1470.0,-1390.0,-2367.0,-2287.0,1,338,86528.0,253.0,9.5747,0.0174,1023.2307,163.0,155.0,8.0,19.0,1.0,0.0,1.0,90,26
23,50,368,800,384,816,-1390.0,-1310.0,-2367.0,-2287.0,1,237,60672.0,173.0,7.7263,0.0175,240.2723,155.0,150.0,5.0,71.0,0.0,0.0,0.0,212,57
24,50,384,800,400,816,-1310.0,-1230.0,-2367.0,-2287.0,1,230,58880.0,150.0,7.5286,0.0177,155.7965,287.0,275.0,12.0,123.0,0.0,0.0,0.0,318,73
25,50,400,800,416,816,-1230.0,-1150.0,-2367.0,-2287.0,1,240,61440.0,152.0,7.6235,0.0178,117.1013,223.0,218.0,5.0,119.0,0.0,0.0,0.0,263,69
26,50,416,800,432,816,-1150.0,-1070.0,-2367.0,-2287.0,1,275,70400.0,164.0,8.4195,0.018,81.1534,182.0,178.0,4.0,87.0,0.0,0.0,0.0,221,58
27,50,432,800,448,816,-1070.0,-990.0,-2367.0,-2287.0,1,333,85248.0,160.0,8.8724,0.0182,61.0847,345.0,338.0,7.0,71.0,0.0,0.0,0.0,185,52
28,50,448,800,464,816,-990.0,-910.0,-2367.0,-2287.0,1,364,93184.0,162.0,9.11,0.0185,71.1386,382.0,378.0,4.0,129.0,0.0,0.0,0.0,376,71
29,50,464,800,480,816,-910.0,-830.0,-2367.0,-2287.0,1,401,102656.0,204.0,9.6596,0.0188,194.0163,496.0,481.0,15.0,201.0,4.0,3.0,1.0,504,73
30,50,480,800,496,816,-830.0,-750.0,-2367.0,-2287.0,1,482,123392.0,253.0,11.4113,0.019,464.9883,185.0,179.0,6.0,89.0,1.0,1.0,0.0,222,59
31,50,496,800,512,816,-750.0,-670.0,-2367.0,-2287.0,1,497,127232.0,254.0,11.6184,0.0191,526.6543,98.0,85.0,13.0,48.0,0.0,0.0,0.0,122,41
32,50,512,800,528,816,-670.0,-590.0,-2367.0,-2287.0,1,505,129280.0,259.0,11.731,0.0193,569.5841,130.0,116.0,14.0,34.0,0.0,0.0,0.0,130,38
33,50,528,800,544,816,-590.0,-510.0,-2367.0,-2287.0,1,513,131328.0,261.0,11.8459,0.0193,601.5066,175.0,162.0,13.0,37.0,3.0,2.0,1.0,137,37
34,50,544,800,560,816,-510.0,-430.0,-2367.0,-2287.0,1,529,135424.0,263.0,12.0692,0.0193,713.0224,262.0,261.0,1.0,16.0,0.0,0.0,0.0,127,30
35,50,560,800,576,816,-430.0,-350.0,-2367.0,-2287.0,1,533,136448.0,266.0,12.1365,0.0193,805.5708,86.0,86.0,0.0,4.0,1.0,1.0,0.0,68,17
36,50,576,800,592,816,-350.0,-270.0,-2367.0,-2287.0,1,544,139264.0,287.0,12.2871,0.0193,928.7904,0.0,0.0,0.0,0.0,0.0,0.0,0.0,0,0
37,50,592,800,608,816,-270.0,-190.0,-2367.0,-2287.0,1,574,146944.0,355.0,12.7178,0.0192,1539.1304,24.0,13.0,11.0,2.0,0.0,0.0,0.0,22,6
38,50,608,800,624,816,-190.0,-110.0,-2367.0,-2287.0,1,590,151040.0,362.0,12.96,0.0192,1798.6008,108.0,43.0,65.0,7.0,0.0,0.0,0.0,52,13
39,50,624,800,640,816,-110.0,-30.0,-2367.0,-2287.0,1,571,146176.0,360.0,12.6733,0.0191,1612.3568,0.0,0.0,0.0,0.0,0.0,0.0,0.0,0,0
40,50,640,800,656,816,-30.0,50.0,-2367.0,-2287.0,1,540,138240.0,359.0,12.2319,0.0189,1306.4127,591.0,230.0,361.0,20.0,0.0,0.0,0.0,104,26
41,50,656,800,672,816,50.0,130.0,-2367.0,-2287.0,1,496,126976.0,301.0,11.6432,0.0188,741.8762,252.0,62.0,190.0,13.0,0.0,0.0,0.0,175,35
42,50,672,800,688,816,130.0,210.0,-2367.0,-2287.0,1,477,122112.0,271.0,11.2347,0.0186,524.7208,449.0,89.0,360.0,2.0,3.0,0.0,3.0,222,37
43,50,688,800,704,816,210.0,290.0,-2367.0,-2287.0,1,469,120064.0,258.0,11.1313,0.0184,441.4,476.0,213.0,263.0,3.0,1.0,0.0,1.0,174,39
44,50,704,800,720,816,290.0,370.0,-2367.0,-2287.0,1,466,119296.0,262.0,11.1655,0.0182,507.8688,216.0,20.0,196.0,0.0,0.0,0.0,0.0,178,32
45,50,720,800,736,816,370.0,450.0,-2367.0,-2287.0,1,462,118272.0,256.0,11.1541,0.0179,503.6003,151.0,14.0,137.0,9.0,0.0,0.0,0.0,104,29
46,50,736,800,752,816,450.0,530.0,-2367.0,-2287.0,1,458,117248.0,249.0,10.9742,0.0177,438.0285,85.0,10.0,75.0,6.0,0.0,0.0,0.0,70,25
47,50,752,800,768,816,530.0,610.0,-2367.0,-2287.0,1,452,115712.0,238.0,10.5488,0.0174,400.26,42.0,10.0,32.0,5.0,0.0,0.0,0.0,38,15
48,50,768,800,784,816,610.0,690.0,-2367.0,-2287.0,1,457,116992.0,255.0,10.9521,0.0171,832.9531,46.0,15.0,31.0,12.0,0.0,0.0,0.0,34,11
49,50,784,800,800,816,690.0,770.0,-2367.0,-2287.0,1,457,116992.0,270.0,11.2579,0.0168,1206.5871,33.0,9.0,24.0,7.0,0.0,0.0,0.0,24,7
50,50,800,800,816,816,770.0,850.0,-2367.0,-2287.0,1,449,114944.0,279.0,10.9742,0.0165,1137.7529,72.0,11.0,61.0,9.0,0.0,0.0,0.0,34,11
51,50,816,800,832,816,850.0,930.0,-2367.0,-2287.0,1,427,109312.0,233.0,10.715,0.0162,681.3182,39.0,6.0,33.0,12.0,0.0,0.0,0.0,20,8
52,50,832,800,848,816,930.0,1010.0,-2367.0,-2287.0,1,418,107008.0,213.0,9.9967,0.0158,236.1691,8.0,1.0,7.0,5.0,0.0,0.0,0.0,8,4
53,50,848,800,864,816,1010.0,1090.0,-2367.0,-2287.0,1,419,107264.0,216.0,9.9419,0.0155,228.1665,0.0,0.0,0.0,0.0,0.0,0.0,0.0,0,0
20,51,320,816,336,832,-1630.0,-1550.0,-2447.0,-2367.0,1,379,97024.0,305.0,9.9784,0.0165,1037.8545,0.0,0.0,0.0,0.0,0.0,0.0,0.0,0,0
21,51,336,816,352,832,-1550.0,-1470.0,-2447.0,-2367.0,1,367,93952.0,278.0,9.8698,0.0168,1113.2035,11.0,8.0,3.0,0.0,0.0,0.0,0.0,6,2
22,51,352,816,368,832,-1470.0,-1390.0,-2447.0,-2367.0,1,368,94208.0,256.0,9.8342,0.0169,1178.0202,54.0,52.0,2.0,2.0,0.0,0.0,0.0,32,13
23,51,368,816,384,832,-1390.0,-1310.0,-2447.0,-2367.0,1,336,86016.0,272.0,9.8609,0.0172,1166.7428,118.0,112.0,6.0,14.0,0.0,0.0,0.0,77,25
24,51,384,816,400,832,-1310.0,-1230.0,-2447.0,-2367.0,1,302,77312.0,179.0,8.6195,0.0174,465.4291,142.0,139.0,3.0,25.0,2.0,2.0,0.0,134,37
25,51,400,816,416,832,-1230.0,-1150.0,-2447.0,-2367.0,1,341,87296.0,180.0,8.9896,0.0176,437.5988,142.0,135.0,7.0,41.0,1.0,1.0,0.0,161,51
26,51,416,816,432,832,-1150.0,-1070.0,-2447.0,-2367.0,1,355,90880.0,179.0,9.0872,0.0177,321.6508,170.0,162.0,8.0,82.0,2.0,2.0,0.0,219,63
27,51,432,816,448,832,-1070.0,-990.0,-2447.0,-2367.0,1,371,94976.0,178.0,9.2258,0.0179,244.4845,427.0,417.0,10.0,156.0,1.0,1.0,0.0,327,69
28,51,448,816,464,832,-990.0,-910.0,-2447.0,-2367.0,1,382,97792.0,178.0,9.3046,0.0181,156.3631,359.0,350.0,9.0,156.0,1.0,1.0,0.0,311,69
29,51,464,816,480,832,-910.0,-830.0,-2447.0,-2367.0,1,427,109312.0,215.0,9.9148,0.0183,294.8343,146.0,139.0,7.0,62.0,3.0,2.0,1.0,161,45
30,51,480,816,496,832,-830.0,-750.0,-2447.0,-2367.0,1,482,123392.0,253.0,11.4113,0.0185,465.4568,90.0,89.0,1.0,19.0,0.0,0.0,0.0,75,27
31,51,496,816,512,832,-750.0,-670.0,-2447.0,-2367.0,1,493,126208.0,254.0,11.5444,0.0186,518.4836,80.0,79.0,1.0,12.0,1.0,1.0,0.0,43,20
32,51,512,816,528,832,-670.0,-590.0,-2447.0,-2367.0,1,508,130048.0,260.0,11.7564,0.0187,597.7358,148.0,145.0,3.0,13.0,1.0,1.0,0.0,94,20
33,51,528,816,544,832,-590.0,-510.0,-2447.0,-2367.0,1,513,131328.0,262.0,11.8588,0.0188,617.6131,84.0,84.0,0.0,0.0,0.0,0.0,0.0,54,14
34,51,544,816,560,832,-510.0,-430.0,-2447.0,-2367.0,1,525,134400.0,266.0,12.0159,0.0188,711.1253,10.0,10.0,0.0,0.0,0.0,0.0,0.0,18,4
35,51,560,816,576,832,-430.0,-350.0,-2447.0,-2367.0,1,527,134912.0,265.0,12.0558,0.0188,754.381,182.0,182.0,0.0,0.0,1.0,1.0,0.0,10,5
36,51,576,816,592,832,-350.0,-270.0,-2447.0,-2367.0,1,531,135936.0,278.0,12.1095,0.0187,849.6636,269.0,252.0,17.0,43.0,1.0,1.0,0.0,10,4
37,51,592,816,608,832,-270.0,-190.0,-2447.0,-2367.0,1,549,140544.0,312.0,12.3569,0.0187,1304.1277,104.0,36.0,68.0,5.0,0.0,0.0,0.0,36,7
38,51,608,816,624,832,-190.0,-110.0,-2447.0,-2367.0,1,559,143104.0,359.0,12.4987,0.0186,1550.3211,71.0,61.0,10.0,14.0,0.0,0.0,0.0,20,8
39,51,624,816,640,832,-110.0,-30.0,-2447.0,-2367.0,1,570,145920.0,366.0,12.6586,0.0185,1778.0105,0.0,0.0,0.0,0.0,0.0,0.0,0.0,0,0
40,51,640,816,656,832,-30.0,50.0,-2447.0,-2367.0,1,549,140544.0,363.0,12.3569,0.0184,1669.8132,51.0,16.0,35.0,0.0,0.0,0.0,0.0,35,10
41,51,656,816,672,832,50.0,130.0,-2447.0,-2367.0,1,509,130304.0,332.0,11.8459,0.0183,1119.4271,126.0,13.0,113.0,2.0,1.0,0.0,1.0,77,20
42,51,672,816,688,832,130.0,210.0,-2447.0,-2367.0,1,490,125440.0,301.0,11.5936,0.0181,793.2025,87.0,6.0,81.0,3.0,0.0,0.0,0.0,71,17
43,51,688,816,704,832,210.0,290.0,-2447.0,-2367.0,1,470,120320.0,269.0,11.1655,0.0179,584.5735,280.0,0.0,280.0,0.0,0.0,0.0,0.0,130,9
44,51,704,816,720,832,290.0,370.0,-2447.0,-2367.0,1,463,118528.0,265.0,11.1313,0.0177,577.0479,200.0,0.0,200.0,0.0,0.0,0.0,0.0,142,11
45,51,720,816,736,832,370.0,450.0,-2447.0,-2367.0,1,459,117504.0,264.0,11.1199,0.0175,550.92,0.0,0.0,0.0,0.0,0.0,0.0,0.0,0,0
46,51,736,816,752,832,450.0,530.0,-2447.0,-2367.0,1,457,116992.0,263.0,11.1313,0.0173,557.7147,88.0,0.0,88.0,3.0,0.0,0.0,0.0,6,3
47,51,752,816,768,832,530.0,610.0,-2447.0,-2367.0,1,455,116480.0,260.0,11.1885,0.017,588.1054,8.0,0.0,8.0,4.0,0.0,0.0,0.0,4,2
48,51,768,816,784,832,610.0,690.0,-2447.0,-2367.0,1,452,115712.0,267.0,11.4233,0.0167,985.3811,2.0,0.0,2.0,2.0,0.0,0.0,0.0,2,1
49,51,784,816,800,832,690.0,770.0,-2447.0,-2367.0,1,447,114432.0,265.0,11.1427,0.0164,1117.5437,0.0,0.0,0.0,0.0,0.0,0.0,0.0,0,0
50,51,800,816,816,832,770.0,850.0,-2447.0,-2367.0,1,441,112896.0,275.0,11.1086,0.0161,1274.7399,127.0,0.0,127.0,0.0,0.0,0.0,0.0,8,3
51,51,816,816,832,832,850.0,930.0,-2447.0,-2367.0,1,422,108032.0,224.0,10.0521,0.0158,353.0368,1.0,0.0,1.0,0.0,0.0,0.0,0.0,2,1
52,51,832,816,848,832,930.0,1010.0,-2447.0,-2367.0,1,417,106752.0,222.0,10.0521,0.0155,334.7561,0.0,0.0,0.0,0.0,0.0,0.0,0.0,0,0
53,51,848,816,864,832,1010.0,1090.0,-2447.0,-2367.0,1,417,106752.0,218.0,9.951,0.0152,272.2168,0.0,0.0,0.0,0.0,0.0,0.0,0.0,0,0
25,52,400,832,416,848,-1230.0,-1150.0,-2527.0,-2447.0,1,353,90368.0,179.0,9.0645,0.0172,597.4543,99.0,95.0,4.0,15.0,2.0,2.0,0.0,73,26
26,52,416,832,432,848,-1150.0,-1070.0,-2527.0,-2447.0,1,366,93696.0,179.0,9.1946,0.0174,474.2919,248.0,243.0,5.0,36.0,2.0,2.0,0.0,139,42
27,52,432,832,448,848,-1070.0,-990.0,-2527.0,-2447.0,1,373,95488.0,182.0,9.2414,0.0175,378.1684,1078.0,1071.0,7.0,99.0,0.0,0.0,0.0,277,47
28,52,448,832,464,848,-990.0,-910.0,-2527.0,-2447.0,1,377,96512.0,189.0,9.2729,0.0177,276.1185,1391.0,1378.0,13.0,192.0,4.0,4.0,0.0,299,45
29,52,464,832,480,848,-910.0,-830.0,-2527.0,-2447.0,1,424,108544.0,228.0,9.9238,0.0178,437.7129,253.0,248.0,5.0,9.0,1.0,1.0,0.0,143,29
30,52,480,832,496,848,-830.0,-750.0,-2527.0,-2447.0,1,461,118016.0,259.0,11.1655,0.0179,524.4843,96.0,94.0,2.0,2.0,1.0,1.0,0.0,46,15
31,52,496,832,512,848,-750.0,-670.0,-2527.0,-2447.0,1,464,118784.0,255.0,11.2,0.0181,532.6325,39.0,39.0,0.0,0.0,0.0,0.0,0.0,25,11
32,52,512,832,528,848,-670.0,-590.0,-2527.0,-2447.0,1,458,117248.0,258.0,11.1655,0.0181,558.2149,126.0,126.0,0.0,4.0,0.0,0.0,0.0,44,7
33,52,528,832,544,848,-590.0,-510.0,-2527.0,-2447.0,1,412,105472.0,250.0,10.6729,0.0182,492.9327,11.0,11.0,0.0,0.0,0.0,0.0,0.0,10,2
26,53,416,848,432,864,-1150.0,-1070.0,-2607.0,-2527.0,1,346,88576.0,179.0,9.0194,0.017,590.7932,54.0,54.0,0.0,14.0,0.0,0.0,0.0,36,10
27,53,432,848,448,864,-1070.0,-990.0,-2607.0,-2527.0,1,353,90368.0,182.0,9.072,0.0171,475.4123,271.0,271.0,0.0,45.0,0.0,0.0,0.0,128,26
28,53,448,848,464,864,-990.0,-910.0,-2607.0,-2527.0,1,354,90624.0,187.0,9.1023,0.0172,407.3104,910.0,907.0,3.0,43.0,3.0,3.0,0.0,283,32
29,53,464,848,480,864,-910.0,-830.0,-2607.0,-2527.0,1,394,100864.0,227.0,9.6596,0.0173,531.3256,643.0,633.0,10.0,15.0,1.0,1.0,0.0,222,30
30,53,480,848,496,864,-830.0,-750.0,-2607.0,-2527.0,1,417,106752.0,258.0,10.6834,0.0174,547.8872,220.0,211.0,9.0,1.0,1.0,1.0,0.0,81,20
31,53,496,848,512,864,-750.0,-670.0,-2607.0,-2527.0,1,403,103168.0,256.0,10.5386,0.0175,604.1286,0.0,0.0,0.0,0.0,0.0,0.0,0.0,0,0
