col,row,px_left,px_top,px_right,px_bottom,world_x_min,world_x_max,world_y_min,world_y_max,walkable,connectivity,isovist_area_px,isovist_perimeter,integration_hh_t,integration_hh_m,choice_t,occ_all,occ_ct,occ_t,occ_early,kills,kills_ct,kills_t,flow,visits_rounds
14,10,224,160,240,176,-2110.0,-2030.0,833.0,913.0,1,467,119552.0,254.0,10.1175,0.0158,300.2145,400.0,398.0,2.0,1.0,2.0,2.0,0.0,132,28
15,10,240,160,256,176,-2030.0,-1950.0,833.0,913.0,1,479,122624.0,261.0,10.2509,0.0161,330.2879,1839.0,1839.0,0.0,7.0,1.0,1.0,0.0,146,29
16,10,256,160,272,176,-1950.0,-1870.0,833.0,913.0,1,494,126464.0,263.0,10.3977,0.0164,381.3699,56.0,45.0,11.0,0.0,0.0,0.0,0.0,10,4
17,10,272,160,288,176,-1870.0,-1790.0,833.0,913.0,1,503,128768.0,259.0,10.4176,0.0167,395.5318,431.0,408.0,23.0,12.0,1.0,1.0,0.0,36,12
18,10,288,160,304,176,-1790.0,-1710.0,833.0,913.0,1,515,131840.0,267.0,10.5386,0.0169,454.0251,472.0,229.0,243.0,6.0,2.0,1.0,1.0,180,52
19,10,304,160,320,176,-1710.0,-1630.0,833.0,913.0,1,520,133120.0,310.0,10.9631,0.0172,518.3969,404.0,176.0,228.0,2.0,3.0,0.0,3.0,233,56
20,10,320,160,336,176,-1630.0,-1550.0,833.0,913.0,1,533,136448.0,314.0,11.0186,0.0174,586.7505,539.0,396.0,143.0,0.0,2.0,1.0,1.0,147,39
21,10,336,160,352,176,-1550.0,-1470.0,833.0,913.0,1,493,126208.0,285.0,10.498,0.0176,422.7445,269.0,163.0,106.0,0.0,0.0,0.0,0.0,34,12
34,10,544,160,560,176,-510.0,-430.0,833.0,913.0,1,78,19968.0,95.0,5.347,0.0181,187.1785,29.0,20.0,9.0,0.0,0.0,0.0,0.0,12,3
35,10,560,160,576,176,-430.0,-350.0,833.0,913.0,1,99,25344.0,134.0,6.7744,0.0182,487.2238,28.0,10.0,18.0,0.0,0.0,0.0,0.0,14,5
36,10,576,160,592,176,-350.0,-270.0,833.0,913.0,1,118,30208.0,134.0,6.8339,0.0181,696.9104,10.0,4.0,6.0,0.0,0.0,0.0,0.0,12,6
37,10,592,160,608,176,-270.0,-190.0,833.0,913.0,1,155,39680.0,181.0,7.513,0.0181,1552.9305,38.0,3.0,35.0,1.0,0.0,0.0,0.0,40,16
38,10,608,160,624,176,-190.0,-110.0,833.0,913.0,1,192,49152.0,187.0,7.7483,0.018,2459.8423,340.0,9.0,331.0,47.0,0.0,0.0,0.0,75,31
39,10,624,160,640,176,-110.0,-30.0,833.0,913.0,1,223,57088.0,186.0,7.9174,0.0179,3577.687,149.0,16.0,133.0,47.0,0.0,0.0,0.0,94,40
40,10,640,160,656,176,-30.0,50.0,833.0,913.0,1,239,61184.0,186.0,8.0283,0.0179,4170.9859,120.0,17.0,103.0,21.0,0.0,0.0,0.0,106,43
41,10,656,160,672,176,50.0,130.0,833.0,913.0,1,249,63744.0,204.0,8.21,0.0179,4812.223,102.0,23.0,79.0,6.0,1.0,1.0,0.0,71,30
42,10,672,160,688,176,130.0,210.0,833.0,913.0,1,262,67072.0,263.0,9.6085,0.0178,5043.24,25.0,10.0,15.0,3.0,0.0,0.0,0.0,33,16
43,10,688,160,704,176,210.0,290.0,833.0,913.0,1,255,65280.0,261.0,9.5579,0.0176,3794.4614,56.0,15.0,41.0,9.0,0.0,0.0,0.0,49,21
44,10,704,160,720,176,290.0,370.0,833.0,913.0,1,247,63232.0,256.0,9.4912,0.0174,3156.861,22.0,10.0,12.0,3.0,0.0,0.0,0.0,22,10
45,10,720,160,736,176,370.0,450.0,833.0,913.0,1,222,56832.0,234.0,8.1607,0.0172,2058.5514,68.0,10.0,58.0,1.0,0.0,0.0,0.0,16,8
46,10,736,160,752,176,450.0,530.0,833.0,913.0,1,201,51456.0,205.0,7.9754,0.017,1490.2264,18.0,9.0,9.0,5.0,1.0,1.0,0.0,20,8
47,10,752,160,768,176,530.0,610.0,833.0,913.0,1,172,44032.0,177.0,7.5758,0.0168,1135.9945,46.0,32.0,14.0,2.0,0.0,0.0,0.0,12,6
48,10,768,160,784,176,610.0,690.0,833.0,913.0,1,121,30976.0,126.0,6.1436,0.0165,187.5228,38.0,0.0,38.0,0.0,0.0,0.0,0.0,6,2
10,11,160,176,176,192,-2430.0,-2350.0,753.0,833.0,1,438,112128.0,256.0,10.9192,0.0149,351.5984,124.0,65.0,59.0,4.0,0.0,0.0,0.0,77,31
11,11,176,176,192,192,-2350.0,-2270.0,753.0,833.0,1,449,114944.0,244.0,9.72,0.0152,255.0074,662.0,430.0,232.0,49.0,4.0,1.0,3.0,206,67
12,11,192,176,208,192,-2270.0,-2190.0,753.0,833.0,1,456,116736.0,241.0,9.7899,0.0155,269.2418,1090.0,1001.0,89.0,184.0,1.0,1.0,0.0,546,130
13,11,208,176,224,192,-2190.0,-2110.0,753.0,833.0,1,464,118784.0,245.0,9.8788,0.0158,273.6851,3083.0,2980.0,103.0,560.0,5.0,4.0,1.0,1018,169
14,11,224,176,240,192,-2110.0,-2030.0,753.0,833.0,1,474,121344.0,252.0,9.9784,0.0162,295.479,1171.0,1055.0,116.0,66.0,10.0,6.0,4.0,273,83
15,11,240,176,256,192,-2030.0,-1950.0,753.0,833.0,1,483,123648.0,263.0,10.2896,0.0165,340.9929,1313.0,1220.0,93.0,52.0,3.0,1.0,2.0,344,91
16,11,256,176,272,192,-1950.0,-1870.0,753.0,833.0,1,496,126976.0,266.0,10.4176,0.0168,383.8625,287.0,184.0,103.0,10.0,1.0,0.0,1.0,252,83
17,11,272,176,288,192,-1870.0,-1790.0,753.0,833.0,1,506,129536.0,262.0,10.5081,0.0171,413.1828,720.0,479.0,241.0,19.0,3.0,2.0,1.0,368,99
18,11,288,176,304,192,-1790.0,-1710.0,753.0,833.0,1,518,132608.0,262.0,10.5796,0.0174,449.0356,889.0,475.0,414.0,29.0,1.0,1.0,0.0,484,104
19,11,304,176,320,192,-1710.0,-1630.0,753.0,833.0,1,523,133888.0,283.0,11.0522,0.0176,494.047,428.0,133.0,295.0,5.0,1.0,1.0,0.0,420,91
20,11,320,176,336,192,-1630.0,-1550.0,753.0,833.0,1,543,139008.0,318.0,11.2231,0.0179,620.9522,828.0,138.0,690.0,3.0,1.0,0.0,1.0,498,101
21,11,336,176,352,192,-1550.0,-1470.0,753.0,833.0,1,525,134400.0,306.0,10.9301,0.0181,515.1114,688.0,93.0,595.0,2.0,1.0,0.0,1.0,395,89
22,11,352,176,368,192,-1470.0,-1390.0,753.0,833.0,1,507,129792.0,264.0,10.6313,0.0183,468.7691,645.0,119.0,526.0,3.0,1.0,0.0,1.0,394,93
23,11,368,176,384,192,-1390.0,-1310.0,753.0,833.0,1,506,129536.0,250.0,10.5183,0.0185,477.0989,1339.0,171.0,1168.0,8.0,2.0,0.0,2.0,384,98
24,11,384,176,400,192,-1310.0,-1230.0,753.0,833.0,1,516,132096.0,272.0,10.5488,0.0187,522.5605,599.0,248.0,351.0,12.0,0.0,0.0,0.0,330,92
25,11,400,176,416,192,-1230.0,-1150.0,753.0,833.0,1,517,132352.0,262.0,10.5488,0.0188,536.7989,399.0,164.0,235.0,29.0,1.0,0.0,1.0,270,85
26,11,416,176,432,192,-1150.0,-1070.0,753.0,833.0,1,521,133376.0,257.0,10.5488,0.0189,589.9847,335.0,207.0,128.0,24.0,3.0,2.0,1.0,112,40
27,11,432,176,448,192,-1070.0,-990.0,753.0,833.0,1,521,133376.0,277.0,10.5488,0.0189,635.5743,560.0,452.0,108.0,8.0,0.0,0.0,0.0,30,11
34,11,544,176,560,192,-510.0,-430.0,753.0,833.0,1,65,16640.0,82.0,5.2566,0.0186,72.3155,71.0,41.0,30.0,3.0,0.0,0.0,0.0,30,5
35,11,560,176,576,192,-430.0,-350.0,753.0,833.0,1,97,24832.0,118.0,6.6421,0.0186,204.5515,57.0,7.0,50.0,7.0,0.0,0.0,0.0,39,9
36,11,576,176,592,192,-350.0,-270.0,753.0,833.0,1,147,37632.0,168.0,7.3706,0.0185,396.5231,70.0,18.0,52.0,7.0,0.0,0.0,0.0,68,25
37,11,592,176,608,192,-270.0,-190.0,753.0,833.0,1,185,47360.0,171.0,7.5863,0.0184,595.8074,348.0,29.0,319.0,125.0,1.0,0.0,1.0,446,112
38,11,608,176,624,192,-190.0,-110.0,753.0,833.0,1,205,52480.0,176.0,7.699,0.0183,916.7615,1044.0,46.0,998.0,541.0,1.0,0.0,1.0,1081,177
39,11,624,176,640,192,-110.0,-30.0,753.0,833.0,1,222,56832.0,187.0,7.8207,0.0182,1604.4894,857.0,32.0,825.0,462.0,0.0,0.0,0.0,1021,173
40,11,640,176,656,192,-30.0,50.0,753.0,833.0,1,217,55552.0,188.0,7.8376,0.0182,2919.1008,845.0,34.0,811.0,459.0,0.0,0.0,0.0,1021,173
41,11,656,176,672,192,50.0,130.0,753.0,833.0,1,142,36352.0,174.0,7.2576,0.0182,1384.3647,894.0,44.0,850.0,460.0,0.0,0.0,0.0,1081,174
42,11,672,176,688,192,130.0,210.0,753.0,833.0,1,143,36608.0,159.0,7.5338,0.0181,373.8347,852.0,37.0,815.0,446.0,0.0,0.0,0.0,1093,176
43,11,688,176,704,192,210.0,290.0,753.0,833.0,1,189,48384.0,168.0,7.9988,0.018,663.4803,815.0,32.0,783.0,450.0,0.0,0.0,0.0,1070,175
44,11,704,176,720,192,290.0,370.0,753.0,833.0,1,199,50944.0,161.0,8.0224,0.0178,634.2127,830.0,45.0,785.0,456.0,0.0,0.0,0.0,1090,176
45,11,720,176,736,192,370.0,450.0,753.0,833.0,1,198,50688.0,158.0,6.5938,0.0176,572.6943,848.0,51.0,797.0,466.0,0.0,0.0,0.0,1102,176
46,11,736,176,752,192,450.0,530.0,753.0,833.0,1,193,49408.0,158.0,6.6058,0.0174,584.049,848.0,61.0,787.0,461.0,0.0,0.0,0.0,1112,176
47,11,752,176,768,192,530.0,610.0,753.0,833.0,1,171,43776.0,157.0,6.5423,0.0171,430.2329,842.0,71.0,771.0,444.0,0.0,0.0,0.0,1140,177
48,11,768,176,784,192,610.0,690.0,753.0,833.0,1,154,39424.0,159.0,6.4993,0.0168,421.447,32.0,3.0,29.0,0.0,1.0,1.0,0.0,22,8
10,12,160,192,176,208,-2430.0,-2350.0,673.0,753.0,1,447,114432.0,265.0,11.0973,0.0151,484.3999,611.0,590.0,21.0,8.0,5.0,4.0,1.0,76,25
11,12,176,192,192,208,-2350.0,-2270.0,673.0,753.0,1,457,116992.0,271.0,11.2115,0.0155,511.464,217.0,174.0,43.0,12.0,1.0,1.0,0.0,117,46
12,12,192,192,208,208,-2270.0,-2190.0,673.0,753.0,1,463,118528.0,260.0,11.1427,0.0158,397.8319,1869.0,1814.0,55.0,148.0,2.0,2.0,0.0,392,126
13,12,208,192,224,208,-2190.0,-2110.0,673.0,753.0,1,464,118784.0,249.0,9.8609,0.0162,280.9838,2345.0,2223.0,122.0,491.0,0.0,0.0,0.0,2230,207
14,12,224,192,240,208,-2110.0,-2030.0,673.0,753.0,1,474,121344.0,253.0,9.9601,0.0165,310.8372,599.0,459.0,140.0,36.0,1.0,0.0,1.0,331,98
15,12,240,192,256,208,-2030.0,-1950.0,673.0,753.0,1,489,125184.0,267.0,10.3483,0.0168,362.8766,1651.0,1473.0,178.0,66.0,6.0,4.0,2.0,543,117
16,12,256,192,272,208,-1950.0,-1870.0,673.0,753.0,1,499,127744.0,267.0,10.4476,0.0172,400.6036,487.0,152.0,335.0,17.0,2.0,0.0,2.0,405,104
17,12,272,192,288,208,-1870.0,-1790.0,673.0,753.0,1,510,130560.0,266.0,10.5488,0.0175,428.7092,779.0,133.0,646.0,6.0,13.0,2.0,11.0,397,95
18,12,288,192,304,208,-1790.0,-1710.0,673.0,753.0,1,525,134400.0,264.0,10.7044,0.0178,481.9529,372.0,80.0,292.0,0.0,2.0,0.0,2.0,365,86
19,12,304,192,320,208,-1710.0,-1630.0,673.0,753.0,1,521,133376.0,264.0,10.6002,0.0181,459.6456,215.0,71.0,144.0,2.0,2.0,0.0,2.0,222,67
20,12,320,192,336,208,-1630.0,-1550.0,673.0,753.0,1,529,135424.0,314.0,11.1427,0.0183,549.9335,448.0,130.0,318.0,0.0,0.0,0.0,0.0,294,84
21,12,336,192,352,208,-1550.0,-1470.0,673.0,753.0,1,535,136960.0,309.0,11.1313,0.0186,595.5423,829.0,136.0,693.0,3.0,0.0,0.0,0.0,673,119
22,12,352,192,368,208,-1470.0,-1390.0,673.0,753.0,1,517,132352.0,267.0,10.8322,0.0188,506.2821,935.0,54.0,881.0,7.0,1.0,0.0,1.0,701,109
23,12,368,192,384,208,-1390.0,-1310.0,673.0,753.0,1,514,131584.0,253.0,10.7044,0.019,509.214,515.0,36.0,479.0,15.0,0.0,0.0,0.0,456,100
24,12,384,192,400,208,-1310.0,-1230.0,673.0,753.0,1,532,136192.0,279.0,10.7893,0.0192,596.1427,481.0,44.0,437.0,10.0,1.0,0.0,1.0,478,106
25,12,400,192,416,208,-1230.0,-1150.0,673.0,753.0,1,540,138240.0,275.0,10.7893,0.0193,642.2793,654.0,77.0,577.0,16.0,2.0,0.0,2.0,606,116
26,12,416,192,432,208,-1150.0,-1070.0,673.0,753.0,1,537,137472.0,276.0,10.7361,0.0195,652.029,377.0,64.0,313.0,22.0,1.0,0.0,1.0,315,94
27,12,432,192,448,208,-1070.0,-990.0,673.0,753.0,1,542,138752.0,291.0,10.7893,0.0195,693.299,123.0,38.0,85.0,31.0,0.0,0.0,0.0,58,17
34,12,544,192,560,208,-510.0,-430.0,673.0,753.0,1,146,37376.0,156.0,7.1293,0.019,144.2689,85.0,34.0,51.0,17.0,1.0,0.0,1.0,39,12
35,12,560,192,576,208,-430.0,-350.0,673.0,753.0,1,212,54272.0,164.0,7.4007,0.0189,161.4627,213.0,22.0,191.0,55.0,0.0,0.0,0.0,240,71
36,12,576,192,592,208,-350.0,-270.0,673.0,753.0,1,233,59648.0,157.0,7.3957,0.0187,112.2794,574.0,63.0,511.0,228.0,0.0,0.0,0.0,527,122
37,12,592,192,608,208,-270.0,-190.0,673.0,753.0,1,239,61184.0,149.0,7.3607,0.0186,81.9641,970.0,47.0,923.0,486.0,0.0,0.0,0.0,1018,174
38,12,608,192,624,208,-190.0,-110.0,673.0,753.0,1,238,60928.0,137.0,6.9695,0.0184,71.2055,50.0,1.0,49.0,19.0,0.0,0.0,0.0,78,34
42,12,672,192,688,208,130.0,210.0,673.0,753.0,1,107,27392.0,105.0,5.6671,0.0184,63.3628,0.0,0.0,0.0,0.0,0.0,0.0,0.0,0,0
43,12,688,192,704,208,210.0,290.0,673.0,753.0,1,186,47616.0,162.0,7.9754,0.0183,577.9453,50.0,0.0,50.0,1.0,0.0,0.0,0.0,32,4
44,12,704,192,720,208,290.0,370.0,673.0,753.0,1,194,49664.0,160.0,8.0047,0.0182,587.6169,10.0,2.0,8.0,1.0,0.0,0.0,0.0,10,4
45,12,720,192,736,208,370.0,450.0,673.0,753.0,1,195,49920.0,154.0,6.5779,0.018,493.9095,39.0,1.0,38.0,2.0,0.0,0.0,0.0,28,13
46,12,736,192,752,208,450.0,530.0,673.0,753.0,1,186,47616.0,155.0,6.57,0.0177,466.7062,37.0,6.0,31.0,3.0,0.0,0.0,0.0,22,8
47,12,752,192,768,208,530.0,610.0,673.0,753.0,1,170,43520.0,154.0,6.5266,0.0175,426.0676,1117.0,62.0,1055.0,597.0,0.0,0.0,0.0,1165,178
48,12,768,192,784,208,610.0,690.0,673.0,753.0,1,146,37376.0,155.0,6.4227,0.0172,298.2194,80.0,2.0,78.0,11.0,0.0,0.0,0.0,48,20
49,12,784,192,800,208,690.0,770.0,673.0,753.0,1,137,35072.0,119.0,5.4296,0.0169,151.9721,10.0,0.0,10.0,4.0,0.0,0.0,0.0,16,8
50,12,800,192,816,208,770.0,850.0,673.0,753.0,1,137,35072.0,118.0,5.4215,0.0165,176.3805,8.0,0.0,8.0,3.0,0.0,0.0,0.0,16,7
51,12,816,192,832,208,850.0,930.0,673.0,753.0,1,143,36608.0,126.0,5.4982,0.0162,286.8301,24.0,0.0,24.0,8.0,0.0,0.0,0.0,24,7
52,12,832,192,848,208,930.0,1010.0,673.0,753.0,1,152,38912.0,145.0,6.196,0.0159,421.0189,8.0,0.0,8.0,4.0,0.0,0.0,0.0,10,4
53,12,848,192,864,208,1010.0,1090.0,673.0,753.0,1,177,45312.0,159.0,6.8597,0.0156,835.7299,0.0,0.0,0.0,0.0,0.0,0.0,0.0,0,0
10,13,160,208,176,224,-2430.0,-2350.0,593.0,673.0,1,436,111616.0,215.0,9.4829,0.0154,191.3763,348.0,338.0,10.0,35.0,1.0,1.0,0.0,147,35
11,13,176,208,192,224,-2350.0,-2270.0,593.0,673.0,1,444,113664.0,245.0,10.7044,0.0158,300.0695,324.0,288.0,36.0,17.0,1.0,1.0,0.0,155,47
12,13,192,208,208,224,-2270.0,-2190.0,593.0,673.0,1,457,116992.0,268.0,11.2115,0.0161,463.3796,678.0,614.0,64.0,107.0,3.0,2.0,1.0,488,141
13,13,208,208,224,224,-2190.0,-2110.0,593.0,673.0,1,461,118016.0,270.0,11.2347,0.0165,466.647,2676.0,2494.0,182.0,476.0,5.0,2.0,3.0,2484,204
14,13,224,208,240,224,-2110.0,-2030.0,593.0,673.0,1,465,119040.0,254.0,9.8609,0.0168,300.3776,356.0,300.0,56.0,24.0,1.0,0.0,1.0,318,103
15,13,240,208,256,224,-2030.0,-1950.0,593.0,673.0,1,480,122880.0,267.0,10.2509,0.0172,356.5375,813.0,722.0,91.0,119.0,5.0,2.0,3.0,408,102
16,13,256,208,272,224,-1950.0,-1870.0,593.0,673.0,1,495,126720.0,269.0,10.3977,0.0175,398.7632,191.0,147.0,44.0,2.0,3.0,2.0,1.0,127,46
17,13,272,208,288,224,-1870.0,-1790.0,593.0,673.0,1,506,129536.0,268.0,10.5081,0.0179,432.0103,407.0,335.0,72.0,0.0,0.0,0.0,0.0,180,63
18,13,288,208,304,224,-1790.0,-1710.0,593.0,673.0,1,524,134144.0,267.0,10.6939,0.0182,490.7929,305.0,189.0,116.0,9.0,2.0,1.0,1.0,251,86
19,13,304,208,320,224,-1710.0,-1630.0,593.0,673.0,1,522,133632.0,266.0,10.6625,0.0185,478.9273,91.0,86.0,5.0,0.0,1.0,1.0,0.0,70,30
20,13,320,208,336,224,-1630.0,-1550.0,593.0,673.0,1,514,131584.0,272.0,10.5183,0.0188,435.8509,317.0,311.0,6.0,0.0,2.0,1.0,1.0,23,9
21,13,336,208,352,224,-1550.0,-1470.0,593.0,673.0,1,540,138240.0,312.0,11.2696,0.0191,627.2431,473.0,93.0,380.0,1.0,1.0,0.0,1.0,132,29
22,13,352,208,368,224,-1470.0,-1390.0,593.0,673.0,1,519,132864.0,267.0,10.9411,0.0193,516.5513,226.0,15.0,211.0,3.0,1.0,0.0,1.0,182,45
23,13,368,208,384,224,-1390.0,-1310.0,593.0,673.0,1,526,134656.0,256.0,10.9192,0.0195,563.0252,163.0,9.0,154.0,4.0,0.0,0.0,0.0,96,36
24,13,384,208,400,224,-1310.0,-1230.0,593.0,673.0,1,540,138240.0,282.0,10.9853,0.0197,628.3322,124.0,7.0,117.0,6.0,0.0,0.0,0.0,100,38
25,13,400,208,416,224,-1230.0,-1150.0,593.0,673.0,1,551,141056.0,281.0,10.9853,0.0199,693.5283,873.0,24.0,849.0,29.0,0.0,0.0,0.0,399,94
26,13,416,208,432,224,-1150.0,-1070.0,593.0,673.0,1,557,142592.0,281.0,10.9742,0.02,746.8566,1021.0,106.0,915.0,43.0,2.0,2.0,0.0,761,130
27,13,432,208,448,224,-1070.0,-990.0,593.0,673.0,1,571,146176.0,313.0,11.1086,0.0201,876.1012,317.0,40.0,277.0,33.0,0.0,0.0,0.0,357,91
28,13,448,208,464,224,-990.0,-910.0,593.0,673.0,1,582,148992.0,312.0,11.2347,0.0202,1024.5881,294.0,6.0,288.0,7.0,0.0,0.0,0.0,140,46
29,13,464,208,480,224,-910.0,-830.0,593.0,673.0,1,563,144128.0,311.0,11.0075,0.0202,1124.2919,732.0,34.0,698.0,54.0,0.0,0.0,0.0,348,85
30,13,480,208,496,224,-830.0,-750.0,593.0,673.0,1,518,132608.0,306.0,10.5284,0.0201,878.7834,1103.0,30.0,1073.0,143.0,0.0,0.0,0.0,425,96
31,13,496,208,512,224,-750.0,-670.0,593.0,673.0,1,454,116224.0,248.0,10.6209,0.02,518.6664,709.0,47.0,662.0,134.0,0.0,0.0,0.0,460,105
32,13,512,208,528,224,-670.0,-590.0,593.0,673.0,1,403,103168.0,246.0,10.0151,0.0199,444.7861,735.0,46.0,689.0,166.0,0.0,0.0,0.0,484,111
33,13,528,208,544,224,-590.0,-510.0,593.0,673.0,1,320,81920.0,171.0,8.0047,0.0196,155.1706,638.0,36.0,602.0,193.0,0.0,0.0,0.0,550,118
34,13,544,208,560,224,-510.0,-430.0,593.0,673.0,1,304,77824.0,157.0,7.7649,0.0193,134.6082,755.0,44.0,711.0,264.0,0.0,0.0,0.0,600,126
35,13,560,208,576,224,-430.0,-350.0,593.0,673.0,1,292,74752.0,147.0,7.4057,0.0191,112.1207,652.0,29.0,623.0,243.0,0.0,0.0,0.0,607,127
36,13,576,208,592,224,-350.0,-270.0,593.0,673.0,1,282,72192.0,141.0,7.1715,0.0188,97.8033,345.0,19.0,326.0,110.0,0.0,0.0,0.0,317,96
37,13,592,208,608,224,-270.0,-190.0,593.0,673.0,1,278,71168.0,138.0,7.106,0.0186,91.8014,766.0,44.0,722.0,340.0,0.0,0.0,0.0,646,157
38,13,608,208,624,224,-190.0,-110.0,593.0,673.0,1,269,68864.0,136.0,7.028,0.0183,84.4356,213.0,0.0,213.0,20.0,0.0,0.0,0.0,68,28
42,13,672,208,688,224,130.0,210.0,593.0,673.0,1,90,23040.0,72.0,5.0776,0.0185,4.6228,82.0,0.0,82.0,3.0,0.0,0.0,0.0,23,4
43,13,688,208,704,224,210.0,290.0,593.0,673.0,1,179,45824.0,141.0,7.8887,0.0186,431.621,91.0,0.0,91.0,7.0,0.0,0.0,0.0,54,5
44,13,704,208,720,224,290.0,370.0,593.0,673.0,1,189,48384.0,148.0,7.9521,0.0184,517.5719,30.0,4.0,26.0,1.0,0.0,0.0,0.0,30,10
45,13,720,208,736,224,370.0,450.0,593.0,673.0,1,189,48384.0,141.0,6.566,0.0183,430.2967,301.0,31.0,270.0,41.0,1.0,1.0,0.0,163,61
46,13,736,208,752,224,450.0,530.0,593.0,673.0,1,175,44800.0,145.0,6.5502,0.0181,374.3881,809.0,56.0,753.0,142.0,0.0,0.0,0.0,246,78
47,13,752,208,768,224,530.0,610.0,593.0,673.0,1,150,38400.0,147.0,6.4417,0.0178,278.6029,600.0,18.0,582.0,254.0,1.0,1.0,0.0,562,133
48,13,768,208,784,224,610.0,690.0,593.0,673.0,1,128,32768.0,129.0,6.2422,0.0175,234.5991,881.0,41.0,840.0,584.0,0.0,0.0,0.0,1102,187
49,13,784,208,800,224,690.0,770.0,593.0,673.0,1,124,31744.0,112.0,5.3575,0.0171,60.1764,797.0,46.0,751.0,547.0,0.0,0.0,0.0,1078,187
50,13,800,208,816,224,770.0,850.0,593.0,673.0,1,131,33536.0,117.0,5.4161,0.0168,104.3105,535.0,27.0,508.0,366.0,0.0,0.0,0.0,827,178
51,13,816,208,832,224,850.0,930.0,593.0,673.0,1,139,35584.0,121.0,5.4405,0.0164,174.0403,245.0,10.0,235.0,121.0,0.0,0.0,0.0,307,96
52,13,832,208,848,224,930.0,1010.0,593.0,673.0,1,151,38656.0,137.0,6.0413,0.0161,274.2257,89.0,5.0,84.0,34.0,0.0,0.0,0.0,118,42
53,13,848,208,864,224,1010.0,1090.0,593.0,673.0,1,181,46336.0,156.0,6.8339,0.0158,600.5377,49.0,0.0,49.0,24.0,0.0,0.0,0.0,54,21
54,13,864,208,880,224,1090.0,1170.0,593.0,673.0,1,194,49664.0,157.0,6.9785,0.0154,808.4031,150.0,0.0,150.0,88.0,0.0,0.0,0.0,22,9
7,14,112,224,128,240,-2670.0,-2590.0,513.0,593.0,1,415,106240.0,230.0,9.5831,0.0146,210.3867,356.0,355.0,1.0,0.0,1.0,1.0,0.0,28,11
8,14,128,224,144,240,-2590.0,-2510.0,513.0,593.0,1,429,109824.0,226.0,9.6854,0.015,195.0481,103.0,51.0,52.0,0.0,0.0,0.0,0.0,38,11
9,14,144,224,160,240,-2510.0,-2430.0,513.0,593.0,1,430,110080.0,201.0,9.634,0.0153,137.1716,46.0,35.0,11.0,0.0,0.0,0.0,0.0,34,12
10,14,160,224,176,240,-2430.0,-2350.0,513.0,593.0,1,426,109056.0,194.0,8.96,0.0157,113.59,528.0,506.0,22.0,9.0,3.0,2.0,1.0,208,51
11,14,176,224,192,240,-2350.0,-2270.0,513.0,593.0,1,430,110080.0,196.0,8.9748,0.016,114.6716,292.0,226.0,66.0,3.0,3.0,1.0,2.0,283,78
12,14,192,224,208,240,-2270.0,-2190.0,513.0,593.0,1,435,111360.0,219.0,9.4664,0.0164,190.9192,648.0,325.0,323.0,11.0,2.0,0.0,2.0,474,119
13,14,208,224,224,240,-2190.0,-2110.0,513.0,593.0,1,452,115712.0,265.0,11.1541,0.0168,474.6428,1421.0,1252.0,169.0,292.0,3.0,1.0,2.0,1447,200
14,14,224,224,240,240,-2110.0,-2030.0,513.0,593.0,1,459,117504.0,279.0,11.2463,0.0171,470.1466,502.0,416.0,86.0,216.0,2.0,2.0,0.0,566,164
15,14,240,224,256,240,-2030.0,-1950.0,513.0,593.0,1,473,121088.0,283.0,11.4594,0.0175,494.3496,359.0,279.0,80.0,181.0,2.0,1.0,1.0,285,90
16,14,256,224,272,240,-1950.0,-1870.0,513.0,593.0,1,485,124160.0,272.0,10.2799,0.0179,380.1928,304.0,123.0,181.0,17.0,2.0,0.0,2.0,261,84
17,14,272,224,288,240,-1870.0,-1790.0,513.0,593.0,1,501,128256.0,271.0,10.4576,0.0182,428.9715,238.0,127.0,111.0,13.0,3.0,1.0,2.0,243,93
18,14,288,224,304,240,-1790.0,-1710.0,513.0,593.0,1,519,132864.0,269.0,10.6416,0.0186,484.8755,147.0,87.0,60.0,14.0,1.0,0.0,1.0,172,67
19,14,304,224,320,240,-1710.0,-1630.0,513.0,593.0,1,522,133632.0,270.0,10.6625,0.0189,497.7254,101.0,82.0,19.0,11.0,0.0,0.0,0.0,110,48
20,14,320,224,336,240,-1630.0,-1550.0,513.0,593.0,1,511,130816.0,268.0,10.5386,0.0192,430.4602,138.0,122.0,16.0,11.0,0.0,0.0,0.0,119,53
21,14,336,224,352,240,-1550.0,-1470.0,513.0,593.0,1,508,130048.0,306.0,10.9082,0.0195,477.0127,93.0,84.0,9.0,5.0,1.0,1.0,0.0,85,38
22,14,352,224,368,240,-1470.0,-1390.0,513.0,593.0,1,528,135168.0,264.0,11.041,0.0198,596.3656,45.0,36.0,9.0,0.0,0.0,0.0,0.0,47,22
23,14,368,224,384,240,-1390.0,-1310.0,513.0,593.0,1,526,134656.0,259.0,10.9301,0.02,565.0584,49.0,39.0,10.0,0.0,0.0,0.0,0.0,33,10
24,14,384,224,400,240,-1310.0,-1230.0,513.0,593.0,1,540,138240.0,282.0,10.9853,0.0203,632.8222,734.0,617.0,117.0,0.0,0.0,0.0,0.0,89,16
25,14,400,224,416,240,-1230.0,-1150.0,513.0,593.0,1,555,142080.0,287.0,12.1229,0.0204,830.3755,877.0,50.0,827.0,2.0,0.0,0.0,0.0,143,34
26,14,416,224,432,240,-1150.0,-1070.0,513.0,593.0,1,562,143872.0,292.0,12.4132,0.0206,934.8402,752.0,30.0,722.0,19.0,0.0,0.0,0.0,396,79
27,14,432,224,448,240,-1070.0,-990.0,513.0,593.0,1,582,148992.0,332.0,12.7029,0.0207,1187.4168,955.0,63.0,892.0,78.0,0.0,0.0,0.0,832,132
28,14,448,224,464,240,-990.0,-910.0,513.0,593.0,1,594,152064.0,335.0,12.8986,0.0207,1360.4129,1261.0,78.0,1183.0,138.0,0.0,0.0,0.0,826,129
29,14,464,224,480,240,-910.0,-830.0,513.0,593.0,1,585,149760.0,332.0,12.6733,0.0207,1418.2927,1046.0,52.0,994.0,175.0,3.0,2.0,1.0,665,125
30,14,480,224,496,240,-830.0,-750.0,513.0,593.0,1,535,136960.0,325.0,11.9762,0.0207,1172.4624,723.0,52.0,671.0,165.0,0.0,0.0,0.0,517,115
31,14,496,224,512,240,-750.0,-670.0,513.0,593.0,1,471,120576.0,247.0,10.6521,0.0205,545.8594,526.0,54.0,472.0,111.0,0.0,0.0,0.0,469,107
32,14,512,224,528,240,-670.0,-590.0,513.0,593.0,1,368,94208.0,216.0,9.3206,0.0203,230.5963,573.0,42.0,531.0,148.0,1.0,0.0,1.0,452,103
33,14,528,224,544,240,-590.0,-510.0,513.0,593.0,1,325,83200.0,155.0,7.7483,0.02,145.2616,405.0,62.0,343.0,72.0,0.0,0.0,0.0,400,102
34,14,544,224,560,240,-510.0,-430.0,513.0,593.0,1,308,78848.0,147.0,7.2965,0.0195,116.2284,393.0,59.0,334.0,59.0,0.0,0.0,0.0,364,102
35,14,560,224,576,240,-430.0,-350.0,513.0,593.0,1,301,77056.0,144.0,7.2624,0.0192,111.2354,439.0,34.0,405.0,67.0,0.0,0.0,0.0,334,92
36,14,576,224,592,240,-350.0,-270.0,513.0,593.0,1,289,73984.0,141.0,7.1574,0.0189,100.533,855.0,36.0,819.0,265.0,0.0,0.0,0.0,578,132
37,14,592,224,608,240,-270.0,-190.0,513.0,593.0,1,275,70400.0,138.0,7.0783,0.0186,94.2963,940.0,51.0,889.0,349.0,1.0,0.0,1.0,621,132
38,14,608,224,624,240,-190.0,-110.0,513.0,593.0,1,258,66048.0,134.0,6.9429,0.0182,82.4987,917.0,0.0,917.0,177.0,0.0,0.0,0.0,160,44
43,14,688,224,704,240,210.0,290.0,513.0,593.0,1,181,46336.0,142.0,7.9002,0.0188,462.4553,37.0,2.0,35.0,18.0,0.0,0.0,0.0,28,11
44,14,704,224,720,240,290.0,370.0,513.0,593.0,1,187,47872.0,139.0,7.8602,0.0187,441.7463,39.0,7.0,32.0,14.0,0.0,0.0,0.0,40,18
45,14,720,224,736,240,370.0,450.0,513.0,593.0,1,187,47872.0,136.0,6.5345,0.0186,406.1157,226.0,8.0,218.0,73.0,0.0,0.0,0.0,188,65
46,14,736,224,752,240,450.0,530.0,513.0,593.0,1,167,42752.0,133.0,6.4877,0.0184,339.896,447.0,48.0,399.0,131.0,1.0,1.0,0.0,202,61
47,14,752,224,768,240,530.0,610.0,513.0,593.0,1,128,32768.0,132.0,6.3293,0.0181,193.2414,199.0,11.0,188.0,88.0,0.0,0.0,0.0,239,72
48,14,768,224,784,240,610.0,690.0,513.0,593.0,1,112,28672.0,98.0,5.2795,0.0177,24.0869,91.0,6.0,85.0,38.0,0.0,0.0,0.0,138,54
49,14,784,224,800,240,690.0,770.0,513.0,593.0,1,114,29184.0,96.0,5.277,0.0173,28.0866,89.0,8.0,81.0,40.0,0.0,0.0,0.0,136,54
50,14,800,224,816,240,770.0,850.0,513.0,593.0,1,119,30464.0,104.0,5.3208,0.0169,45.0241,391.0,22.0,369.0,248.0,0.0,0.0,0.0,594,160
51,14,816,224,832,240,850.0,930.0,513.0,593.0,1,127,32512.0,108.0,5.3787,0.0166,85.1202,666.0,36.0,630.0,472.0,0.0,0.0,0.0,946,188
52,14,832,224,848,240,930.0,1010.0,513.0,593.0,1,141,36096.0,125.0,5.7027,0.0163,179.8558,389.0,24.0,365.0,271.0,0.0,0.0,0.0,600,150
53,14,848,224,864,240,1010.0,1090.0,513.0,593.0,1,175,44800.0,154.0,6.7786,0.016,492.2833,132.0,11.0,121.0,63.0,0.0,0.0,0.0,188,71
54,14,864,224,880,240,1090.0,1170.0,513.0,593.0,1,195,49920.0,156.0,6.9829,0.0156,713.373,37.0,0.0,37.0,18.0,0.0,0.0,0.0,48,20
55,14,880,224,896,240,1170.0,1250.0,513.0,593.0,1,192,49152.0,156.0,6.9695,0.0153,699.6928,0.0,0.0,0.0,0.0,0.0,0.0,0.0,0,0
56,14,896,224,912,240,1250.0,1330.0,513.0,593.0,1,194,49664.0,159.0,6.9919,0.015,774.4138,0.0,0.0,0.0,0.0,0.0,0.0,0.0,0,0
57,14,912,224,928,240,1330.0,1410.0,513.0,593.0,1,185,47360.0,170.0,7.3906,0.0146,851.0633,0.0,0.0,0.0,0.0,0.0,0.0,0.0,0,0
7,15,112,240,128,256,-2670.0,-2590.0,433.0,513.0,1,431,110336.0,233.0,9.7287,0.0148,217.761,99.0,94.0,5.0,0.0,2.0,2.0,0.0,46,17
8,15,128,240,144,256,-2590.0,-2510.0,433.0,513.0,1,438,112128.0,233.0,9.7811,0.0152,217.5224,89.0,61.0,28.0,0.0,1.0,1.0,0.0,78,25
9,15,144,240,160,256,-2510.0,-2430.0,433.0,513.0,1,439,112384.0,229.0,9.7724,0.0155,187.276,161.0,41.0,120.0,0.0,1.0,0.0,1.0,135,35
10,15,160,240,176,256,-2430.0,-2350.0,433.0,513.0,1,433,110848.0,206.0,9.7027,0.0159,153.6121,397.0,256.0,141.0,3.0,2.0,0.0,2.0,222,63
11,15,176,240,192,256,-2350.0,-2270.0,433.0,513.0,1,429,109824.0,195.0,8.9674,0.0163,116.9008,491.0,313.0,178.0,9.0,2.0,1.0,1.0,451,108
12,15,192,240,208,256,-2270.0,-2190.0,433.0,513.0,1,427,109312.0,195.0,8.9526,0.0167,111.4311,501.0,96.0,405.0,0.0,2.0,0.0,2.0,247,55
13,15,208,240,224,256,-2190.0,-2110.0,433.0,513.0,1,431,110336.0,199.0,8.9674,0.017,115.451,265.0,136.0,129.0,19.0,1.0,1.0,0.0,248,61
14,15,224,240,240,256,-2110.0,-2030.0,433.0,513.0,1,438,112128.0,233.0,9.5328,0.0174,214.6942,900.0,785.0,115.0,403.0,2.0,1.0,1.0,940,210
15,15,240,240,256,256,-2030.0,-1950.0,433.0,513.0,1,462,118272.0,288.0,11.3756,0.0178,558.5172,899.0,433.0,466.0,349.0,4.0,0.0,4.0,544,162
16,15,256,240,272,256,-1950.0,-1870.0,433.0,513.0,1,482,123392.0,306.0,11.6184,0.0182,662.7935,178.0,36.0,142.0,3.0,0.0,0.0,0.0,112,35
17,15,272,240,288,256,-1870.0,-1790.0,433.0,513.0,1,497,127232.0,282.0,10.7573,0.0186,499.3236,186.0,96.0,90.0,19.0,0.0,0.0,0.0,148,53
18,15,288,240,304,256,-1790.0,-1710.0,433.0,513.0,1,516,132096.0,273.0,10.6002,0.019,509.1984,96.0,62.0,34.0,7.0,1.0,0.0,1.0,104,42
19,15,304,240,320,256,-1710.0,-1630.0,433.0,513.0,1,520,133120.0,271.0,10.6416,0.0193,513.5767,136.0,119.0,17.0,6.0,0.0,0.0,0.0,98,44
20,15,320,240,336,256,-1630.0,-1550.0,433.0,513.0,1,511,130816.0,276.0,11.3047,0.0197,588.8251,102.0,94.0,8.0,4.0,0.0,0.0,0.0,112,51
21,15,336,240,352,256,-1550.0,-1470.0,433.0,513.0,1,494,126464.0,269.0,10.9742,0.02,453.9796,136.0,107.0,29.0,7.0,2.0,0.0,2.0,135,58
22,15,352,240,368,256,-1470.0,-1390.0,433.0,513.0,1,524,134144.0,277.0,11.9238,0.0203,737.1888,163.0,143.0,20.0,3.0,0.0,0.0,0.0,144,58
23,15,368,240,384,256,-1390.0,-1310.0,433.0,513.0,1,529,135424.0,274.0,11.9762,0.0205,692.1751,201.0,134.0,67.0,2.0,2.0,2.0,0.0,142,48
24,15,384,240,400,256,-1310.0,-1230.0,433.0,513.0,1,546,139776.0,297.0,12.2045,0.0208,817.1569,440.0,322.0,118.0,0.0,2.0,2.0,0.0,189,33
25,15,400,240,416,256,-1230.0,-1150.0,433.0,513.0,1,560,143360.0,302.0,12.3429,0.021,824.0399,406.0,40.0,366.0,1.0,0.0,0.0,0.0,85,15
26,15,416,240,432,256,-1150.0,-1070.0,433.0,513.0,1,566,144896.0,301.0,12.4132,0.0211,905.3379,651.0,34.0,617.0,14.0,0.0,0.0,0.0,234,37
27,15,432,240,448,256,-1070.0,-990.0,433.0,513.0,1,587,150272.0,336.0,12.7326,0.0212,1116.9309,522.0,40.0,482.0,29.0,2.0,0.0,2.0,227,56
28,15,448,240,464,256,-990.0,-910.0,433.0,513.0,1,598,153088.0,330.0,12.7925,0.0213,1264.8277,733.0,134.0,599.0,57.0,1.0,0.0,1.0,257,81
29,15,464,240,480,256,-910.0,-830.0,433.0,513.0,1,592,151552.0,330.0,12.6881,0.0213,1501.7786,630.0,29.0,601.0,88.0,1.0,1.0,0.0,310,94
30,15,480,240,496,256,-830.0,-750.0,433.0,513.0,1,536,137216.0,314.0,11.8459,0.0212,1219.5121,526.0,25.0,501.0,117.0,0.0,0.0,0.0,276,93
31,15,496,240,512,256,-750.0,-670.0,433.0,513.0,1,456,116736.0,239.0,10.4176,0.021,520.2736,409.0,25.0,384.0,128.0,0.0,0.0,0.0,271,101
32,15,512,240,528,256,-670.0,-590.0,433.0,513.0,1,327,83712.0,154.0,7.7099,0.0207,114.5428,352.0,50.0,302.0,144.0,1.0,1.0,0.0,275,106
33,15,528,240,544,256,-590.0,-510.0,433.0,513.0,1,313,80128.0,145.0,7.3211,0.0202,121.2765,319.0,21.0,298.0,146.0,0.0,0.0,0.0,262,100
34,15,544,240,560,256,-510.0,-430.0,433.0,513.0,1,302,77312.0,144.0,7.2673,0.0197,115.8858,410.0,37.0,373.0,180.0,1.0,0.0,1.0,329,111
35,15,560,240,576,256,-430.0,-350.0,433.0,513.0,1,280,71680.0,137.0,7.0783,0.0192,102.0641,1041.0,50.0,991.0,225.0,0.0,0.0,0.0,515,121
36,15,576,240,592,256,-350.0,-270.0,433.0,513.0,1,261,66816.0,133.0,6.9208,0.0188,95.1417,979.0,33.0,946.0,405.0,2.0,0.0,2.0,519,129
37,15,592,240,608,256,-270.0,-190.0,433.0,513.0,1,248,63488.0,129.0,6.8083,0.0185,85.0434,324.0,25.0,299.0,112.0,1.0,0.0,1.0,220,65
38,15,608,240,624,256,-190.0,-110.0,433.0,513.0,1,233,59648.0,127.0,6.6911,0.0181,72.8625,232.0,0.0,232.0,37.0,0.0,0.0,0.0,80,19
43,15,688,240,704,256,210.0,290.0,433.0,513.0,1,181,46336.0,147.0,7.8773,0.019,486.9388,42.0,5.0,37.0,12.0,0.0,0.0,0.0,56,19
44,15,704,240,720,256,290.0,370.0,433.0,513.0,1,189,48384.0,144.0,7.9754,0.019,508.2082,98.0,5.0,93.0,37.0,0.0,0.0,0.0,103,38
45,15,720,240,736,256,370.0,450.0,433.0,513.0,1,188,48128.0,135.0,7.7209,0.0188,478.7859,368.0,7.0,361.0,159.0,1.0,0.0,1.0,427,113
46,15,736,240,752,256,450.0,530.0,433.0,513.0,1,155,39680.0,132.0,6.4493,0.0186,302.3496,1017.0,21.0,996.0,600.0,0.0,0.0,0.0,1241,207
47,15,752,240,768,256,530.0,610.0,433.0,513.0,1,104,26624.0,87.0,5.2113,0.0183,16.24,789.0,16.0,773.0,530.0,0.0,0.0,0.0,1120,206
48,15,768,240,784,256,610.0,690.0,433.0,513.0,1,101,25856.0,82.0,5.184,0.0179,9.7245,743.0,16.0,727.0,509.0,0.0,0.0,0.0,1072,205
49,15,784,240,800,256,690.0,770.0,433.0,513.0,1,104,26624.0,85.0,5.2163,0.0175,10.4994,690.0,11.0,679.0,510.0,0.0,0.0,0.0,1054,205
50,15,800,240,816,256,770.0,850.0,433.0,513.0,1,107,27392.0,91.0,5.2414,0.0171,15.6136,678.0,17.0,661.0,489.0,0.0,0.0,0.0,1018,205
51,15,816,240,832,256,850.0,930.0,433.0,513.0,1,115,29440.0,99.0,5.3156,0.0167,38.8289,752.0,19.0,733.0,552.0,0.0,0.0,0.0,1152,211
52,15,832,240,848,256,930.0,1010.0,433.0,513.0,1,132,33792.0,111.0,5.4351,0.0164,122.8823,1101.0,31.0,1070.0,850.0,0.0,0.0,0.0,1701,229
53,15,848,240,864,256,1010.0,1090.0,433.0,513.0,1,168,43008.0,148.0,6.7575,0.0161,391.5958,509.0,40.0,469.0,323.0,0.0,0.0,0.0,780,181
54,15,864,240,880,256,1090.0,1170.0,433.0,513.0,1,191,48896.0,150.0,6.9606,0.0158,613.5388,224.0,26.0,198.0,102.0,0.0,0.0,0.0,286,91
55,15,880,240,896,256,1170.0,1250.0,433.0,513.0,1,192,49152.0,152.0,6.974,0.0154,628.3292,54.0,5.0,49.0,15.0,0.0,0.0,0.0,74,31
56,15,896,240,912,256,1250.0,1330.0,433.0,513.0,1,195,49920.0,155.0,6.9964,0.0151,730.3474,12.0,0.0,12.0,0.0,0.0,0.0,0.0,6,3
57,15,912,240,928,256,1330.0,1410.0,433.0,513.0,1,198,50688.0,176.0,7.513,0.0148,935.1078,0.0,0.0,0.0,0.0,0.0,0.0,0.0,0,0
7,16,112,256,128,272,-2670.0,-2590.0,353.0,433.0,1,435,111360.0,236.0,9.7899,0.015,255.771,245.0,238.0,7.0,0.0,3.0,2.0,1.0,51,13
8,16,128,256,144,272,-2590.0,-2510.0,353.0,433.0,1,439,112384.0,236.0,9.7987,0.0154,227.2922,169.0,81.0,88.0,0.0,1.0,1.0,0.0,149,43
9,16,144,256,160,272,-2510.0,-2430.0,353.0,433.0,1,449,114944.0,237.0,9.8788,0.0157,232.9835,287.0,225.0,62.0,0.0,3.0,1.0,2.0,105,28
10,16,160,256,176,272,-2430.0,-2350.0,353.0,433.0,1,441,112896.0,227.0,9.7899,0.0161,188.2564,284.0,267.0,17.0,15.0,0.0,0.0,0.0,122,40
11,16,176,256,192,272,-2350.0,-2270.0,353.0,433.0,1,427,109312.0,194.0,8.9674,0.0165,118.8865,755.0,668.0,87.0,9.0,2.0,1.0,1.0,411,95
12,16,192,256,208,272,-2270.0,-2190.0,353.0,433.0,1,430,110080.0,193.0,8.9748,0.0169,119.5927,139.0,133.0,6.0,1.0,0.0,0.0,0.0,121,32
13,16,208,256,224,272,-2190.0,-2110.0,353.0,433.0,1,428,109568.0,192.0,8.9453,0.0173,113.6764,0.0,0.0,0.0,0.0,0.0,0.0,0.0,0,0
14,16,224,256,240,272,-2110.0,-2030.0,353.0,433.0,1,432,110592.0,203.0,9.7987,0.0177,195.1731,1062.0,1000.0,62.0,626.0,0.0,0.0,0.0,856,218
15,16,240,256,256,272,-2030.0,-1950.0,353.0,433.0,1,437,111872.0,217.0,9.9692,0.0181,202.7596,679.0,328.0,351.0,65.0,2.0,1.0,1.0,263,76
16,16,256,256,272,272,-1950.0,-1870.0,353.0,433.0,1,455,116480.0,272.0,10.6002,0.0185,387.9489,645.0,518.0,127.0,48.0,1.0,0.0,1.0,18,8
17,16,272,256,288,272,-1870.0,-1790.0,353.0,433.0,1,489,125184.0,317.0,12.096,0.0189,852.5351,105.0,15.0,90.0,7.0,0.0,0.0,0.0,80,29
18,16,288,256,304,272,-1790.0,-1710.0,353.0,433.0,1,513,131328.0,309.0,12.4274,0.0193,863.4643,48.0,32.0,16.0,1.0,0.0,0.0,0.0,49,20
19,16,304,256,320,272,-1710.0,-1630.0,353.0,433.0,1,516,132096.0,287.0,11.3282,0.0197,660.3764,52.0,40.0,12.0,2.0,1.0,1.0,0.0,60,24
20,16,320,256,336,272,-1630.0,-1550.0,353.0,433.0,1,512,131072.0,288.0,11.293,0.0201,628.2361,83.0,58.0,25.0,7.0,1.0,0.0,1.0,84,34
21,16,336,256,352,272,-1550.0,-1470.0,353.0,433.0,1,487,124672.0,262.0,10.7786,0.0204,427.9984,91.0,77.0,14.0,5.0,0.0,0.0,0.0,94,41
22,16,352,256,368,272,-1470.0,-1390.0,353.0,433.0,1,500,128000.0,277.0,11.6184,0.0207,569.7662,252.0,174.0,78.0,16.0,1.0,0.0,1.0,162,67
23,16,368,256,384,272,-1390.0,-1310.0,353.0,433.0,1,536,137216.0,280.0,12.0292,0.021,754.0812,360.0,267.0,93.0,7.0,4.0,0.0,4.0,297,92
24,16,384,256,400,272,-1310.0,-1230.0,353.0,433.0,1,546,139776.0,290.0,12.096,0.0213,763.1101,534.0,461.0,73.0,28.0,3.0,1.0,2.0,271,73
25,16,400,256,416,272,-1230.0,-1150.0,353.0,433.0,1,563,144128.0,303.0,12.3149,0.0215,873.535,147.0,55.0,92.0,0.0,0.0,0.0,0.0,10,5
26,16,416,256,432,272,-1150.0,-1070.0,353.0,433.0,1,569,145664.0,312.0,12.385,0.0216,944.7645,348.0,106.0,242.0,2.0,0.0,0.0,0.0,72,18
27,16,432,256,448,272,-1070.0,-990.0,353.0,433.0,1,591,151296.0,331.0,12.6292,0.0218,1138.535,551.0,178.0,373.0,38.0,0.0,0.0,0.0,192,68
28,16,448,256,464,272,-990.0,-910.0,353.0,433.0,1,598,153088.0,328.0,12.7178,0.0218,1311.1356,1076.0,78.0,998.0,91.0,1.0,1.0,0.0,669,130
29,16,464,256,480,272,-910.0,-830.0,353.0,433.0,1,594,152064.0,325.0,12.6439,0.0218,1554.9624,570.0,51.0,519.0,50.0,0.0,0.0,0.0,436,113
30,16,480,256,496,272,-830.0,-750.0,353.0,433.0,1,535,136960.0,309.0,11.7564,0.0217,1222.1142,465.0,53.0,412.0,58.0,0.0,0.0,0.0,382,108
31,16,496,256,512,272,-750.0,-670.0,353.0,433.0,1,360,92160.0,206.0,9.1176,0.0215,197.0365,448.0,56.0,392.0,79.0,0.0,0.0,0.0,375,107
32,16,512,256,528,272,-670.0,-590.0,353.0,433.0,1,304,77824.0,141.0,7.277,0.0209,96.141,437.0,55.0,382.0,101.0,0.0,0.0,0.0,368,106
33,16,528,256,544,272,-590.0,-510.0,353.0,433.0,1,255,65280.0,131.0,6.8727,0.0203,96.9877,450.0,75.0,375.0,99.0,2.0,2.0,0.0,366,102
34,16,544,256,560,272,-510.0,-430.0,353.0,433.0,1,235,60160.0,130.0,6.787,0.0197,91.0649,591.0,60.0,531.0,98.0,1.0,1.0,0.0,374,100
35,16,560,256,576,272,-430.0,-350.0,353.0,433.0,1,220,56320.0,128.0,6.7242,0.0192,84.2937,1030.0,84.0,946.0,80.0,3.0,3.0,0.0,392,91
36,16,576,256,592,272,-350.0,-270.0,353.0,433.0,1,210,53760.0,124.0,6.6502,0.0187,76.0979,183.0,8.0,175.0,41.0,0.0,0.0,0.0,92,36
37,16,592,256,608,272,-270.0,-190.0,353.0,433.0,1,205,52480.0,124.0,6.63,0.0183,72.9482,232.0,22.0,210.0,27.0,1.0,0.0,1.0,40,11
38,16,608,256,624,272,-190.0,-110.0,353.0,433.0,1,199,50944.0,122.0,6.5541,0.0179,65.8651,61.0,55.0,6.0,0.0,0.0,0.0,0.0,16,3
43,16,688,256,704,272,210.0,290.0,353.0,433.0,1,177,45312.0,140.0,7.6719,0.0192,434.6552,148.0,5.0,143.0,31.0,0.0,0.0,0.0,102,36
44,16,704,256,720,272,290.0,370.0,353.0,433.0,1,188,48128.0,142.0,7.9521,0.0192,499.2644,392.0,6.0,386.0,139.0,0.0,0.0,0.0,370,115
45,16,720,256,736,272,370.0,450.0,353.0,433.0,1,194,49664.0,142.0,8.0165,0.0191,586.1818,2122.0,26.0,2096.0,1100.0,1.0,0.0,1.0,1436,206
46,16,736,256,752,272,450.0,530.0,353.0,433.0,1,118,30208.0,121.0,6.2458,0.0188,199.456,353.0,3.0,350.0,99.0,0.0,0.0,0.0,362,109
47,16,752,256,768,272,530.0,610.0,353.0,433.0,1,93,23808.0,75.0,5.1303,0.0184,5.1103,0.0,0.0,0.0,0.0,0.0,0.0,0.0,0,0
48,16,768,256,784,272,610.0,690.0,353.0,433.0,1,92,23552.0,76.0,5.1399,0.0179,3.6358,0.0,0.0,0.0,0.0,0.0,0.0,0.0,0,0
49,16,784,256,800,272,690.0,770.0,353.0,433.0,1,92,23552.0,76.0,5.1399,0.0175,3.4588,0.0,0.0,0.0,0.0,0.0,0.0,0.0,0,0
50,16,800,256,816,272,770.0,850.0,353.0,433.0,1,92,23552.0,75.0,5.1351,0.0171,3.2998,1.0,0.0,1.0,0.0,0.0,0.0,0.0,2,1
51,16,816,256,832,272,850.0,930.0,353.0,433.0,1,98,25088.0,79.0,5.1717,0.0168,5.287,0.0,0.0,0.0,0.0,0.0,0.0,0.0,0,0
52,16,832,256,848,272,930.0,1010.0,353.0,433.0,1,119,30464.0,96.0,5.3234,0.0165,62.1871,246.0,3.0,243.0,210.0,0.0,0.0,0.0,479,155
53,16,848,256,864,272,1010.0,1090.0,353.0,433.0,1,155,39680.0,137.0,6.5188,0.0162,287.6212,1230.0,24.0,1206.0,972.0,0.0,0.0,0.0,1666,228
54,16,864,256,880,272,1090.0,1170.0,353.0,433.0,1,189,48384.0,143.0,6.9562,0.0159,587.9098,430.0,22.0,408.0,268.0,0.0,0.0,0.0,661,169
55,16,880,256,896,272,1170.0,1250.0,353.0,433.0,1,191,48896.0,146.0,6.974,0.0155,628.9992,216.0,26.0,190.0,73.0,0.0,0.0,0.0,268,79
56,16,896,256,912,272,1250.0,1330.0,353.0,433.0,1,192,49152.0,150.0,7.3607,0.0152,709.8727,149.0,9.0,140.0,33.0,0.0,0.0,0.0,92,21
57,16,912,256,928,272,1330.0,1410.0,353.0,433.0,1,199,50944.0,173.0,7.5079,0.0149,909.2227,54.0,0.0,54.0,0.0,0.0,0.0,0.0,12,3
7,17,112,272,128,288,-2670.0,-2590.0,273.0,353.0,1,423,108288.0,234.0,9.6854,0.0151,234.4927,31.0,31.0,0.0,0.0,0.0,0.0,0.0,30,8
8,17,128,272,144,288,-2590.0,-2510.0,273.0,353.0,1,441,112896.0,240.0,10.7893,0.0155,346.3382,408.0,270.0,138.0,0.0,1.0,1.0,0.0,204,45
9,17,144,272,160,288,-2510.0,-2430.0,273.0,353.0,1,450,115200.0,241.0,10.8538,0.0159,319.4116,673.0,423.0,250.0,0.0,0.0,0.0,0.0,178,38
10,17,160,272,176,288,-2430.0,-2350.0,273.0,353.0,1,455,116480.0,245.0,11.0634,0.0163,320.6695,86.0,71.0,15.0,9.0,1.0,0.0,1.0,82,35
11,17,176,272,192,288,-2350.0,-2270.0,273.0,353.0,1,440,112640.0,224.0,10.8538,0.0168,242.2359,421.0,394.0,27.0,11.0,4.0,4.0,0.0,322,84
12,17,192,272,208,288,-2270.0,-2190.0,273.0,353.0,1,434,111104.0,206.0,9.9601,0.0172,223.6766,296.0,282.0,14.0,6.0,3.0,3.0,0.0,140,45
13,17,208,272,224,288,-2190.0,-2110.0,273.0,353.0,1,433,110848.0,207.0,9.9419,0.0176,225.5479,125.0,121.0,4.0,1.0,0.0,0.0,0.0,65,25
14,17,224,272,240,288,-2110.0,-2030.0,273.0,353.0,1,431,110336.0,208.0,9.9148,0.018,203.3875,559.0,526.0,33.0,343.0,0.0,0.0,0.0,739,217
15,17,240,272,256,288,-2030.0,-1950.0,273.0,353.0,1,432,110592.0,215.0,9.9238,0.0184,212.3187,328.0,266.0,62.0,54.0,1.0,0.0,1.0,216,67
16,17,256,272,272,288,-1950.0,-1870.0,273.0,353.0,1,446,114176.0,241.0,10.3581,0.0188,308.6339,381.0,334.0,47.0,19.0,1.0,0.0,1.0,131,47
17,17,272,272,288,288,-1870.0,-1790.0,273.0,353.0,1,458,117248.0,242.0,10.4276,0.0192,313.9117,118.0,54.0,64.0,11.0,3.0,0.0,3.0,109,42
18,17,288,272,304,288,-1790.0,-1710.0,273.0,353.0,1,488,124928.0,303.0,12.0826,0.0196,769.5519,44.0,34.0,10.0,3.0,0.0,0.0,0.0,53,24
19,17,304,272,320,288,-1710.0,-1630.0,273.0,353.0,1,510,130560.0,320.0,12.385,0.02,899.1289,30.0,26.0,4.0,3.0,0.0,0.0,0.0,34,12
20,17,320,272,336,288,-1630.0,-1550.0,273.0,353.0,1,506,129536.0,305.0,12.3149,0.0204,745.0362,57.0,47.0,10.0,4.0,0.0,0.0,0.0,45,15
21,17,336,272,352,288,-1550.0,-1470.0,273.0,353.0,1,479,122624.0,261.0,10.7361,0.0208,450.1595,17.0,16.0,1.0,0.0,0.0,0.0,0.0,12,5
22,17,352,272,368,288,-1470.0,-1390.0,273.0,353.0,1,477,122112.0,226.0,9.2571,0.0212,405.4498,49.0,49.0,0.0,0.0,0.0,0.0,0.0,20,8
23,17,368,272,384,288,-1390.0,-1310.0,273.0,353.0,1,534,136704.0,282.0,12.0027,0.0215,772.1584,388.0,346.0,42.0,19.0,1.0,1.0,0.0,271,81
24,17,384,272,400,288,-1310.0,-1230.0,273.0,353.0,1,539,137984.0,287.0,12.0692,0.0217,753.5924,722.0,606.0,116.0,48.0,1.0,1.0,0.0,483,124
25,17,400,272,416,288,-1230.0,-1150.0,273.0,353.0,1,562,143872.0,298.0,12.2871,0.022,877.4569,398.0,364.0,34.0,49.0,0.0,0.0,0.0,376,120
26,17,416,272,432,288,-1150.0,-1070.0,273.0,353.0,1,571,146176.0,322.0,12.3991,0.0222,993.5567,563.0,531.0,32.0,75.0,0.0,0.0,0.0,390,114
27,17,432,272,448,288,-1070.0,-990.0,273.0,353.0,1,587,150272.0,330.0,12.5709,0.0223,1122.4701,1426.0,921.0,505.0,119.0,1.0,1.0,0.0,922,171
28,17,448,272,464,288,-990.0,-910.0,273.0,353.0,1,588,150528.0,320.0,12.4844,0.0223,1234.9771,3057.0,2136.0,921.0,151.0,7.0,6.0,1.0,1330,168
29,17,464,272,480,288,-910.0,-830.0,273.0,353.0,1,587,150272.0,318.0,12.4701,0.0223,1386.9198,1976.0,1850.0,126.0,110.0,9.0,8.0,1.0,844,131
30,17,480,272,496,288,-830.0,-750.0,273.0,353.0,1,516,132096.0,303.0,11.52,0.0222,1106.8795,1205.0,1109.0,96.0,34.0,5.0,4.0,1.0,308,90
42,17,672,272,688,288,130.0,210.0,273.0,353.0,1,153,39168.0,142.0,6.9651,0.0193,486.6222,1.0,0.0,1.0,1.0,0.0,0.0,0.0,2,1
43,17,688,272,704,288,210.0,290.0,273.0,353.0,1,172,44032.0,146.0,7.6719,0.0195,447.0028,191.0,2.0,189.0,77.0,0.0,0.0,0.0,202,65
44,17,704,272,720,288,290.0,370.0,273.0,353.0,1,175,44800.0,140.0,7.8773,0.0195,387.3546,800.0,17.0,783.0,397.0,0.0,0.0,0.0,1004,194
45,17,720,272,736,288,370.0,450.0,273.0,353.0,1,172,44032.0,129.0,7.8095,0.0193,346.7481,1745.0,17.0,1728.0,981.0,0.0,0.0,0.0,881,185
53,17,848,272,864,288,1010.0,1090.0,273.0,353.0,1,116,29696.0,113.0,5.8592,0.0162,103.85,317.0,3.0,314.0,280.0,0.0,0.0,0.0,612,178
54,17,864,272,880,288,1090.0,1170.0,273.0,353.0,1,178,45568.0,138.0,6.8989,0.0159,480.5983,1128.0,22.0,1106.0,931.0,0.0,0.0,0.0,1712,227
55,17,880,272,896,288,1170.0,1250.0,273.0,353.0,1,184,47104.0,142.0,6.934,0.0156,546.759,373.0,32.0,341.0,158.0,0.0,0.0,0.0,536,148
56,17,896,272,912,288,1250.0,1330.0,273.0,353.0,1,191,48896.0,153.0,7.4412,0.0153,718.1209,281.0,33.0,248.0,32.0,0.0,0.0,0.0,188,47
57,17,912,272,928,288,1330.0,1410.0,273.0,353.0,1,197,50432.0,174.0,7.4924,0.015,909.4466,78.0,1.0,77.0,2.0,0.0,0.0,0.0,33,10
7,18,112,288,128,304,-2670.0,-2590.0,193.0,273.0,1,422,108032.0,245.0,10.7573,0.0153,409.6486,78.0,69.0,9.0,8.0,0.0,0.0,0.0,29,6
8,18,128,288,144,304,-2590.0,-2510.0,193.0,273.0,1,436,111616.0,250.0,10.8973,0.0157,373.7035,244.0,197.0,47.0,2.0,1.0,1.0,0.0,173,46
9,18,144,288,160,304,-2510.0,-2430.0,193.0,273.0,1,457,116992.0,253.0,11.1199,0.0161,393.409,876.0,859.0,17.0,0.0,4.0,4.0,0.0,200,45
10,18,160,288,176,304,-2430.0,-2350.0,193.0,273.0,1,458,117248.0,252.0,11.0973,0.0165,361.935,87.0,72.0,15.0,3.0,0.0,0.0,0.0,82,35
11,18,176,288,192,304,-2350.0,-2270.0,193.0,273.0,1,453,115968.0,247.0,11.0298,0.017,334.41,167.0,152.0,15.0,4.0,0.0,0.0,0.0,182,71
12,18,192,288,208,304,-2270.0,-2190.0,193.0,273.0,1,437,111872.0,220.0,10.7786,0.0174,261.8218,152.0,121.0,31.0,10.0,0.0,0.0,0.0,131,49
13,18,208,288,224,304,-2190.0,-2110.0,193.0,273.0,1,432,110592.0,205.0,9.9057,0.0178,179.2581,67.0,50.0,17.0,2.0,1.0,1.0,0.0,68,31
14,18,224,288,240,304,-2110.0,-2030.0,193.0,273.0,1,434,111104.0,211.0,9.9238,0.0183,191.9122,549.0,531.0,18.0,339.0,1.0,0.0,1.0,709,219
15,18,240,288,256,304,-2030.0,-1950.0,193.0,273.0,1,436,111616.0,216.0,9.9419,0.0187,201.1239,100.0,69.0,31.0,16.0,1.0,1.0,0.0,89,36
16,18,256,288,272,304,-1950.0,-1870.0,193.0,273.0,1,442,113152.0,238.0,10.2896,0.0191,265.1322,216.0,86.0,130.0,2.0,0.0,0.0,0.0,99,31
17,18,272,288,288,304,-1870.0,-1790.0,193.0,273.0,1,453,115968.0,241.0,10.3878,0.0195,323.971,175.0,137.0,38.0,10.0,2.0,1.0,1.0,137,47
18,18,288,288,304,304,-1790.0,-1710.0,193.0,273.0,1,463,118528.0,238.0,10.3779,0.0199,361.6705,76.0,54.0,22.0,4.0,0.0,0.0,0.0,74,37
19,18,304,288,320,304,-1710.0,-1630.0,193.0,273.0,1,467,119552.0,240.0,10.4077,0.0203,386.3408,53.0,39.0,14.0,4.0,1.0,0.0,1.0,60,28
20,18,320,288,336,304,-1630.0,-1550.0,193.0,273.0,1,480,122880.0,314.0,11.9762,0.0208,807.977,80.0,55.0,25.0,12.0,1.0,1.0,0.0,85,38
21,18,336,288,352,304,-1550.0,-1470.0,193.0,273.0,1,465,119040.0,280.0,11.731,0.0212,702.331,119.0,94.0,25.0,27.0,1.0,1.0,0.0,97,43
22,18,352,288,368,304,-1470.0,-1390.0,193.0,273.0,1,463,118528.0,224.0,9.0947,0.0216,396.1294,271.0,254.0,17.0,83.0,1.0,1.0,0.0,265,90
23,18,368,288,384,304,-1390.0,-1310.0,193.0,273.0,1,496,126976.0,274.0,11.5322,0.0219,601.7299,366.0,332.0,34.0,115.0,2.0,2.0,0.0,376,114
24,18,384,288,400,304,-1310.0,-1230.0,193.0,273.0,1,531,135936.0,277.0,11.9369,0.0222,785.2162,393.0,334.0,59.0,134.0,0.0,0.0,0.0,400,125
25,18,400,288,416,304,-1230.0,-1150.0,193.0,273.0,1,548,140288.0,300.0,12.15,0.0225,832.4248,427.0,392.0,35.0,115.0,1.0,0.0,1.0,477,132
26,18,416,288,432,304,-1150.0,-1070.0,193.0,273.0,1,559,143104.0,327.0,12.2182,0.0227,906.7229,614.0,552.0,62.0,102.0,2.0,1.0,1.0,530,138
27,18,432,288,448,304,-1070.0,-990.0,193.0,273.0,1,577,147712.0,321.0,12.3991,0.0228,1047.7905,1631.0,1091.0,540.0,125.0,6.0,3.0,3.0,1064,193
28,18,448,288,464,304,-990.0,-910.0,193.0,273.0,1,579,148224.0,320.0,12.3709,0.0229,1155.3767,964.0,729.0,235.0,89.0,2.0,1.0,1.0,738,153
29,18,464,288,480,304,-910.0,-830.0,193.0,273.0,1,562,143872.0,304.0,11.9238,0.0228,1141.1751,573.0,532.0,41.0,43.0,1.0,1.0,0.0,426,113
30,18,480,288,496,304,-830.0,-750.0,193.0,273.0,1,487,124672.0,272.0,10.2028,0.0227,601.1652,568.0,526.0,42.0,26.0,1.0,0.0,1.0,318,99
42,18,672,288,688,304,130.0,210.0,193.0,273.0,1,145,37120.0,133.0,6.9785,0.0197,324.5149,430.0,20.0,410.0,66.0,0.0,0.0,0.0,179,26
43,18,688,288,704,304,210.0,290.0,193.0,273.0,1,157,40192.0,130.0,7.3507,0.0198,298.1637,1355.0,8.0,1347.0,484.0,0.0,0.0,0.0,494,99
44,18,704,288,720,304,290.0,370.0,193.0,273.0,1,164,41984.0,131.0,7.6182,0.0198,222.9351,760.0,20.0,740.0,387.0,0.0,0.0,0.0,945,189
45,18,720,288,736,304,370.0,450.0,193.0,273.0,1,158,40448.0,121.0,7.6449,0.0196,139.5256,408.0,9.0,399.0,239.0,0.0,0.0,0.0,438,134
53,18,848,288,864,304,1010.0,1090.0,193.0,273.0,1,59,15104.0,57.0,4.0957,0.016,0.1818,0.0,0.0,0.0,0.0,0.0,0.0,0.0,0,0
54,18,864,288,880,304,1090.0,1170.0,193.0,273.0,1,145,37120.0,119.0,6.2102,0.0159,170.7147,992.0,15.0,977.0,834.0,0.0,0.0,0.0,1426,224
55,18,880,288,896,304,1170.0,1250.0,193.0,273.0,1,167,42752.0,137.0,6.8296,0.0157,374.9437,507.0,19.0,488.0,276.0,0.0,0.0,0.0,711,176
56,18,896,288,912,304,1250.0,1330.0,193.0,273.0,1,181,46336.0,154.0,7.3806,0.0154,598.2886,215.0,34.0,181.0,66.0,0.0,0.0,0.0,265,75
57,18,912,288,928,304,1330.0,1410.0,193.0,273.0,1,191,48896.0,175.0,7.4718,0.0151,795.3186,37.0,2.0,35.0,1.0,0.0,0.0,0.0,40,13
7,19,112,304,128,320,-2670.0,-2590.0,113.0,193.0,1,322,82432.0,156.0,7.7318,0.0154,76.0246,66.0,35.0,31.0,7.0,1.0,1.0,0.0,28,5
8,19,128,304,144,320,-2590.0,-2510.0,113.0,193.0,1,426,109056.0,253.0,10.7893,0.0158,404.2617,111.0,74.0,37.0,1.0,0.0,0.0,0.0,64,22
9,19,144,304,160,320,-2510.0,-2430.0,113.0,193.0,1,445,113920.0,251.0,10.9301,0.0163,312.5583,192.0,167.0,25.0,6.0,1.0,1.0,0.0,178,50
10,19,160,304,176,320,-2430.0,-2350.0,113.0,193.0,1,460,117760.0,255.0,11.1086,0.0167,360.2524,302.0,277.0,25.0,5.0,4.0,3.0,1.0,252,68
11,19,176,304,192,320,-2350.0,-2270.0,113.0,193.0,1,455,116480.0,252.0,11.0298,0.0171,320.8404,265.0,234.0,31.0,1.0,3.0,2.0,1.0,244,76
12,19,192,304,208,320,-2270.0,-2190.0,113.0,193.0,1,452,115712.0,249.0,10.9853,0.0176,303.9366,211.0,190.0,21.0,8.0,0.0,0.0,0.0,83,25
13,19,208,304,224,320,-2190.0,-2110.0,113.0,193.0,1,439,112384.0,223.0,10.8107,0.018,249.9347,94.0,76.0,18.0,17.0,0.0,0.0,0.0,86,37
14,19,224,304,240,320,-2110.0,-2030.0,113.0,193.0,1,431,110336.0,207.0,9.8342,0.0185,184.1991,503.0,488.0,15.0,340.0,1.0,1.0,0.0,720,222
15,19,240,304,256,320,-2030.0,-1950.0,113.0,193.0,1,432,110592.0,211.0,9.843,0.0189,197.8315,32.0,18.0,14.0,1.0,0.0,0.0,0.0,28,6
16,19,256,304,272,320,-1950.0,-1870.0,113.0,193.0,1,438,112128.0,228.0,10.1552,0.0193,243.9269,0.0,0.0,0.0,0.0,0.0,0.0,0.0,0,0
17,19,272,304,288,320,-1870.0,-1790.0,113.0,193.0,1,447,114432.0,236.0,10.2605,0.0197,300.7032,41.0,26.0,15.0,7.0,0.0,0.0,0.0,41,18
18,19,288,304,304,320,-1790.0,-1710.0,113.0,193.0,1,462,118272.0,236.0,10.368,0.0202,382.0918,22.0,15.0,7.0,0.0,0.0,0.0,0.0,26,12
19,19,304,304,320,320,-1710.0,-1630.0,113.0,193.0,1,460,117760.0,232.0,10.2605,0.0206,366.1541,52.0,43.0,9.0,9.0,0.0,0.0,0.0,62,28
20,19,320,304,336,320,-1630.0,-1550.0,113.0,193.0,1,441,112896.0,229.0,10.0707,0.021,290.1118,294.0,269.0,25.0,110.0,1.0,0.0,1.0,388,137
21,19,336,304,352,320,-1550.0,-1470.0,113.0,193.0,1,399,102144.0,184.0,9.0269,0.0215,141.3188,590.0,552.0,38.0,166.0,2.0,2.0,0.0,450,149
22,19,352,304,368,320,-1470.0,-1390.0,113.0,193.0,1,439,112384.0,247.0,11.3047,0.0219,620.4623,512.0,463.0,49.0,119.0,1.0,1.0,0.0,424,130
23,19,368,304,384,320,-1390.0,-1310.0,113.0,193.0,1,459,117504.0,242.0,11.5567,0.0223,646.9904,355.0,314.0,41.0,70.0,1.0,1.0,0.0,309,101
24,19,384,304,400,320,-1310.0,-1230.0,113.0,193.0,1,504,129024.0,275.0,11.569,0.0226,692.3114,431.0,356.0,75.0,57.0,0.0,0.0,0.0,298,99
25,19,400,304,416,320,-1230.0,-1150.0,113.0,193.0,1,525,134400.0,294.0,11.8331,0.0229,739.1821,347.0,296.0,51.0,55.0,1.0,1.0,0.0,271,87
26,19,416,304,432,320,-1150.0,-1070.0,113.0,193.0,1,548,140288.0,327.0,12.1365,0.0231,901.0711,277.0,246.0,31.0,48.0,0.0,0.0,0.0,239,80
27,19,432,304,448,320,-1070.0,-990.0,113.0,193.0,1,569,145664.0,322.0,12.3569,0.0233,1007.1883,1059.0,527.0,532.0,95.0,3.0,1.0,2.0,722,169
28,19,448,304,464,320,-990.0,-910.0,113.0,193.0,1,562,143872.0,308.0,11.8331,0.0233,912.982,892.0,667.0,225.0,109.0,1.0,1.0,0.0,699,156
29,19,464,304,480,320,-910.0,-830.0,113.0,193.0,1,542,138752.0,290.0,11.1655,0.0233,820.5203,454.0,404.0,50.0,60.0,2.0,2.0,0.0,443,129
30,19,480,304,496,320,-830.0,-750.0,113.0,193.0,1,487,124672.0,269.0,10.2028,0.0232,626.8329,640.0,604.0,36.0,33.0,3.0,3.0,0.0,357,106
42,19,672,304,688,320,130.0,210.0,113.0,193.0,1,141,36096.0,135.0,7.0691,0.0202,269.4977,28.0,0.0,28.0,9.0,0.0,0.0,0.0,4,2
43,19,688,304,704,320,210.0,290.0,113.0,193.0,1,154,39424.0,135.0,7.3309,0.0202,243.8912,459.0,7.0,452.0,173.0,0.0,0.0,0.0,398,110
44,19,704,304,720,320,290.0,370.0,113.0,193.0,1,159,40704.0,119.0,7.5495,0.0201,97.393,717.0,34.0,683.0,313.0,0.0,0.0,0.0,840,179
45,19,720,304,736,320,370.0,450.0,113.0,193.0,1,173,44288.0,147.0,8.3166,0.0199,160.3565,495.0,10.0,485.0,244.0,0.0,0.0,0.0,499,146
54,19,864,304,880,320,1090.0,1170.0,113.0,193.0,1,128,32768.0,103.0,5.7478,0.0158,56.5623,801.0,13.0,788.0,712.0,0.0,0.0,0.0,1164,221
55,19,880,304,896,320,1170.0,1250.0,113.0,193.0,1,145,37120.0,119.0,6.1022,0.0156,162.0999,573.0,7.0,566.0,408.0,0.0,0.0,0.0,814,189
56,19,896,304,912,320,1250.0,1330.0,113.0,193.0,1,162,41472.0,145.0,6.9919,0.0154,348.7162,345.0,25.0,320.0,148.0,0.0,0.0,0.0,394,112
57,19,912,304,928,320,1330.0,1410.0,113.0,193.0,1,186,47616.0,177.0,7.4259,0.0151,696.4557,60.0,7.0,53.0,4.0,0.0,0.0,0.0,66,23
7,20,112,320,128,336,-2670.0,-2590.0,33.0,113.0,1,288,73728.0,142.0,7.4616,0.0155,43.4948,51.0,51.0,0.0,16.0,0.0,0.0,0.0,6,3
8,20,128,320,144,336,-2590.0,-2510.0,33.0,113.0,1,307,78592.0,149.0,7.56,0.0159,52.2544,13.0,10.0,3.0,2.0,0.0,0.0,0.0,14,5
9,20,144,320,160,336,-2510.0,-2430.0,33.0,113.0,1,438,112128.0,252.0,10.8755,0.0164,365.1114,110.0,106.0,4.0,21.0,0.0,0.0,0.0,14,5
10,20,160,320,176,336,-2430.0,-2350.0,33.0,113.0,1,456,116736.0,256.0,11.0634,0.0168,366.183,350.0,337.0,13.0,1.0,6.0,6.0,0.0,164,50
11,20,176,320,192,336,-2350.0,-2270.0,33.0,113.0,1,459,117504.0,253.0,11.0298,0.0173,351.835,484.0,447.0,37.0,10.0,5.0,5.0,0.0,396,88
12,20,192,320,208,336,-2270.0,-2190.0,33.0,113.0,1,456,116736.0,252.0,10.9742,0.0178,326.2485,128.0,110.0,18.0,0.0,0.0,0.0,0.0,70,20
13,20,208,320,224,336,-2190.0,-2110.0,33.0,113.0,1,447,114432.0,245.0,10.843,0.0182,298.6129,72.0,48.0,24.0,4.0,1.0,0.0,1.0,45,19
14,20,224,320,240,336,-2110.0,-2030.0,33.0,113.0,1,432,110592.0,207.0,9.852,0.0187,208.3407,626.0,606.0,20.0,367.0,1.0,0.0,1.0,779,225
15,20,240,320,256,336,-2030.0,-1950.0,33.0,113.0,1,428,109568.0,207.0,9.8076,0.0191,195.6332,384.0,384.0,0.0,7.0,1.0,1.0,0.0,46,12
16,20,256,320,272,336,-1950.0,-1870.0,33.0,113.0,1,435,111360.0,220.0,9.8788,0.0196,239.9337,0.0,0.0,0.0,0.0,0.0,0.0,0.0,0,0
17,20,272,320,288,336,-1870.0,-1790.0,33.0,113.0,1,443,113408.0,230.0,10.1458,0.02,285.6896,53.0,49.0,4.0,5.0,0.0,0.0,0.0,51,20
18,20,288,320,304,336,-1790.0,-1710.0,33.0,113.0,1,453,115968.0,230.0,10.2028,0.0204,336.7642,85.0,72.0,13.0,19.0,1.0,1.0,0.0,92,44
19,20,304,320,320,336,-1710.0,-1630.0,33.0,113.0,1,457,116992.0,229.0,10.2316,0.0208,393.5325,276.0,262.0,14.0,138.0,3.0,2.0,1.0,349,131
20,20,320,320,336,336,-1630.0,-1550.0,33.0,113.0,1,437,111872.0,227.0,10.0336,0.0212,311.8087,220.0,181.0,39.0,85.0,0.0,0.0,0.0,291,116
21,20,336,320,352,336,-1550.0,-1470.0,33.0,113.0,1,383,98048.0,168.0,8.3613,0.0216,112.6479,52.0,46.0,6.0,0.0,0.0,0.0,0.0,16,6
22,20,352,320,368,336,-1470.0,-1390.0,33.0,113.0,1,367,93952.0,158.0,7.7318,0.022,87.4556,78.0,65.0,13.0,17.0,1.0,1.0,0.0,36,12
23,20,368,320,384,336,-1390.0,-1310.0,33.0,113.0,1,321,82176.0,152.0,7.3856,0.0225,58.4081,26.0,20.0,6.0,2.0,0.0,0.0,0.0,28,11
24,20,384,320,400,336,-1310.0,-1230.0,33.0,113.0,1,439,112384.0,286.0,11.4473,0.023,728.2779,124.0,104.0,20.0,1.0,1.0,0.0,1.0,49,16
25,20,400,320,416,336,-1230.0,-1150.0,33.0,113.0,1,508,130048.0,294.0,11.6184,0.0233,791.2456,92.0,74.0,18.0,3.0,0.0,0.0,0.0,78,26
26,20,416,320,432,336,-1150.0,-1070.0,33.0,113.0,1,532,136192.0,322.0,11.8977,0.0235,820.8853,77.0,54.0,23.0,4.0,0.0,0.0,0.0,66,29
27,20,432,320,448,336,-1070.0,-990.0,33.0,113.0,1,556,142336.0,314.0,12.0826,0.0237,842.389,707.0,185.0,522.0,36.0,1.0,0.0,1.0,477,130
28,20,448,320,464,336,-990.0,-910.0,33.0,113.0,1,554,141824.0,299.0,11.6308,0.0238,825.7903,440.0,272.0,168.0,54.0,0.0,0.0,0.0,315,92
29,20,464,320,480,336,-910.0,-830.0,33.0,113.0,1,537,137472.0,277.0,10.7361,0.0238,663.277,1070.0,894.0,176.0,60.0,7.0,5.0,2.0,486,125
30,20,480,320,496,336,-830.0,-750.0,33.0,113.0,1,495,126720.0,269.0,10.2799,0.0236,649.8615,1018.0,897.0,121.0,71.0,7.0,5.0,2.0,766,167
42,20,672,320,688,336,130.0,210.0,33.0,113.0,1,139,35584.0,131.0,7.0645,0.0207,229.7036,231.0,0.0,231.0,99.0,0.0,0.0,0.0,75,26
43,20,688,320,704,336,210.0,290.0,33.0,113.0,1,155,39680.0,126.0,7.3211,0.0207,148.137,511.0,14.0,497.0,227.0,0.0,0.0,0.0,521,130
44,20,704,320,720,336,290.0,370.0,33.0,113.0,1,175,44800.0,148.0,8.1668,0.0205,160.9397,790.0,18.0,772.0,350.0,0.0,0.0,0.0,798,175
45,20,720,320,736,336,370.0,450.0,33.0,113.0,1,190,48640.0,148.0,8.4065,0.0202,200.6817,663.0,10.0,653.0,306.0,0.0,0.0,0.0,564,152
54,20,864,320,880,336,1090.0,1170.0,33.0,113.0,1,124,31744.0,100.0,5.7237,0.0157,33.3521,647.0,8.0,639.0,529.0,0.0,0.0,0.0,915,211
55,20,880,320,896,336,1170.0,1250.0,33.0,113.0,1,135,34560.0,112.0,5.9069,0.0156,88.1637,570.0,11.0,559.0,437.0,0.0,0.0,0.0,848,198
56,20,896,320,912,336,1250.0,1330.0,33.0,113.0,1,151,38656.0,136.0,6.4723,0.0153,212.3872,476.0,22.0,454.0,313.0,1.0,0.0,1.0,554,158
57,20,912,320,928,336,1330.0,1410.0,33.0,113.0,1,170,43520.0,165.0,6.8641,0.0151,421.3493,315.0,18.0,297.0,145.0,0.0,0.0,0.0,252,79
58,20,928,320,944,336,1410.0,1490.0,33.0,113.0,1,168,43008.0,170.0,7.2335,0.0148,615.1369,789.0,0.0,789.0,473.0,0.0,0.0,0.0,198,80
10,21,160,336,176,352,-2430.0,-2350.0,-47.0,33.0,1,457,116992.0,254.0,11.0186,0.017,399.8261,47.0,39.0,8.0,0.0,0.0,0.0,0.0,44,19
11,21,176,336,192,352,-2350.0,-2270.0,-47.0,33.0,1,455,116480.0,253.0,10.9853,0.0174,356.2675,275.0,242.0,33.0,5.0,2.0,1.0,1.0,312,87
12,21,192,336,208,352,-2270.0,-2190.0,-47.0,33.0,1,461,118016.0,253.0,11.0522,0.0179,377.5209,391.0,371.0,20.0,7.0,1.0,1.0,0.0,246,60
13,21,208,336,224,352,-2190.0,-2110.0,-47.0,33.0,1,460,117760.0,252.0,11.0186,0.0184,368.3367,374.0,350.0,24.0,1.0,3.0,3.0,0.0,160,51
14,21,224,336,240,352,-2110.0,-2030.0,-47.0,33.0,1,443,113408.0,236.0,10.7467,0.0188,271.17,408.0,387.0,21.0,194.0,3.0,3.0,0.0,559,184
15,21,240,336,256,352,-2030.0,-1950.0,-47.0,33.0,1,429,109824.0,203.0,9.7724,0.0193,198.4102,655.0,642.0,13.0,191.0,1.0,0.0,1.0,579,170
16,21,256,336,272,352,-1950.0,-1870.0,-47.0,33.0,1,427,109312.0,210.0,9.7461,0.0197,197.0388,482.0,439.0,43.0,33.0,1.0,1.0,0.0,216,50
17,21,272,336,288,352,-1870.0,-1790.0,-47.0,33.0,1,440,112640.0,231.0,10.1269,0.0202,302.0572,353.0,340.0,13.0,21.0,5.0,4.0,1.0,219,74
18,21,288,336,304,352,-1790.0,-1710.0,-47.0,33.0,1,452,115712.0,229.0,10.222,0.0206,376.1799,222.0,213.0,9.0,109.0,0.0,0.0,0.0,311,121
19,21,304,336,320,352,-1710.0,-1630.0,-47.0,33.0,1,449,114944.0,225.0,10.1552,0.0209,382.5521,173.0,154.0,19.0,89.0,0.0,0.0,0.0,250,101
20,21,320,336,336,352,-1630.0,-1550.0,-47.0,33.0,1,424,108544.0,219.0,9.8253,0.0212,283.0645,69.0,22.0,47.0,1.0,0.0,0.0,0.0,53,21
21,21,336,336,352,352,-1550.0,-1470.0,-47.0,33.0,1,351,89856.0,152.0,7.6557,0.0216,81.4457,0.0,0.0,0.0,0.0,0.0,0.0,0.0,0,0
25,21,400,336,416,352,-1230.0,-1150.0,-47.0,33.0,1,430,110080.0,297.0,11.3164,0.0236,651.0667,0.0,0.0,0.0,0.0,0.0,0.0,0.0,0,0
26,21,416,336,432,352,-1150.0,-1070.0,-47.0,33.0,1,510,130560.0,345.0,12.2595,0.0239,885.2573,0.0,0.0,0.0,0.0,0.0,0.0,0.0,0,0
27,21,432,336,448,352,-1070.0,-990.0,-47.0,33.0,1,534,136704.0,314.0,11.569,0.0241,758.2623,617.0,93.0,524.0,42.0,0.0,0.0,0.0,409,116
28,21,448,336,464,352,-990.0,-910.0,-47.0,33.0,1,534,136704.0,291.0,11.2231,0.0242,604.3642,341.0,94.0,247.0,25.0,1.0,1.0,0.0,171,63
29,21,464,336,480,352,-910.0,-830.0,-47.0,33.0,1,531,135936.0,280.0,10.9411,0.0242,646.9102,517.0,380.0,137.0,13.0,3.0,2.0,1.0,298,79
30,21,480,336,496,352,-830.0,-750.0,-47.0,33.0,1,503,128768.0,267.0,10.3581,0.0241,646.5362,1313.0,1127.0,186.0,106.0,7.0,3.0,4.0,831,178
42,21,672,336,688,352,130.0,210.0,-47.0,33.0,1,144,36864.0,137.0,7.106,0.0213,233.2263,778.0,3.0,775.0,384.0,0.0,0.0,0.0,232,74
43,21,688,336,704,352,210.0,290.0,-47.0,33.0,1,169,43264.0,145.0,7.9988,0.0212,245.3473,663.0,19.0,644.0,271.0,0.0,0.0,0.0,624,145
44,21,704,336,720,352,290.0,370.0,-47.0,33.0,1,199,50944.0,161.0,8.4719,0.0209,243.163,921.0,14.0,907.0,363.0,0.0,0.0,0.0,862,171
45,21,720,336,736,352,370.0,450.0,-47.0,33.0,1,199,50944.0,151.0,8.3293,0.0206,198.4798,772.0,12.0,760.0,339.0,0.0,0.0,0.0,668,155
54,21,864,336,880,352,1090.0,1170.0,-47.0,33.0,1,120,30720.0,98.0,5.7057,0.0156,11.1862,16847.0,10.0,16837.0,581.0,3.0,0.0,3.0,769,226
55,21,880,336,896,352,1170.0,1250.0,-47.0,33.0,1,131,33536.0,104.0,5.7692,0.0155,56.8851,17869.0,13.0,17856.0,828.0,4.0,0.0,4.0,803,228
56,21,896,336,912,352,1250.0,1330.0,-47.0,33.0,1,146,37376.0,139.0,6.3552,0.0153,168.6343,16371.0,13.0,16358.0,732.0,1.0,0.0,1.0,495,191
57,21,912,336,928,352,1330.0,1410.0,-47.0,33.0,1,164,41984.0,159.0,6.5819,0.0151,323.6771,298.0,17.0,281.0,190.0,0.0,0.0,0.0,410,111
58,21,928,336,944,352,1410.0,1490.0,-47.0,33.0,1,168,43008.0,164.0,6.745,0.0149,545.8839,131.0,0.0,131.0,85.0,0.0,0.0,0.0,196,60
10,22,160,352,176,368,-2430.0,-2350.0,-127.0,-47.0,1,450,115200.0,254.0,10.9631,0.0171,468.3792,663.0,650.0,13.0,0.0,1.0,1.0,0.0,65,28
11,22,176,352,192,368,-2350.0,-2270.0,-127.0,-47.0,1,450,115200.0,249.0,10.8973,0.0176,382.1348,227.0,198.0,29.0,0.0,1.0,1.0,0.0,233,75
12,22,192,352,208,368,-2270.0,-2190.0,-127.0,-47.0,1,450,115200.0,248.0,10.8864,0.0181,343.3222,134.0,125.0,9.0,2.0,2.0,2.0,0.0,130,39
13,22,208,352,224,368,-2190.0,-2110.0,-127.0,-47.0,1,453,115968.0,246.0,10.8864,0.0185,348.6923,83.0,77.0,6.0,9.0,0.0,0.0,0.0,86,35
14,22,224,352,240,368,-2110.0,-2030.0,-127.0,-47.0,1,447,114432.0,244.0,10.8107,0.019,317.0384,132.0,126.0,6.0,21.0,0.0,0.0,0.0,137,51
15,22,240,352,256,368,-2030.0,-1950.0,-127.0,-47.0,1,434,111104.0,220.0,10.6313,0.0194,266.1624,622.0,622.0,0.0,376.0,1.0,1.0,0.0,766,224
16,22,256,352,272,368,-1950.0,-1870.0,-127.0,-47.0,1,425,108800.0,207.0,9.7374,0.0199,219.4695,279.0,276.0,3.0,16.0,0.0,0.0,0.0,163,57
17,22,272,352,288,368,-1870.0,-1790.0,-127.0,-47.0,1,434,111104.0,231.0,10.0987,0.0203,291.2161,265.0,248.0,17.0,84.0,0.0,0.0,0.0,278,103
18,22,288,352,304,368,-1790.0,-1710.0,-127.0,-47.0,1,441,112896.0,225.0,10.0336,0.0207,347.1197,202.0,181.0,21.0,118.0,0.0,0.0,0.0,288,114
19,22,304,352,320,368,-1710.0,-1630.0,-127.0,-47.0,1,432,110592.0,219.0,9.9057,0.021,343.7676,55.0,33.0,22.0,1.0,1.0,1.0,0.0,51,20
20,22,320,352,336,368,-1630.0,-1550.0,-127.0,-47.0,1,376,96256.0,189.0,8.6744,0.0213,113.0175,85.0,8.0,77.0,0.0,1.0,1.0,0.0,43,15
21,22,336,352,352,368,-1550.0,-1470.0,-127.0,-47.0,1,272,69632.0,107.0,6.634,0.0213,1.8952,9.0,0.0,9.0,0.0,0.0,0.0,0.0,4,2
25,22,400,352,416,368,-1230.0,-1150.0,-127.0,-47.0,1,355,90880.0,272.0,10.3977,0.0238,491.7636,99.0,99.0,0.0,0.0,2.0,2.0,0.0,33,5
26,22,416,352,432,368,-1150.0,-1070.0,-127.0,-47.0,1,476,121856.0,327.0,11.7184,0.0242,848.7827,354.0,175.0,179.0,2.0,1.0,1.0,0.0,67,23
27,22,432,352,448,368,-1070.0,-990.0,-127.0,-47.0,1,512,131072.0,327.0,12.1365,0.0244,754.1075,1165.0,450.0,715.0,81.0,2.0,1.0,1.0,682,143
28,22,448,352,464,368,-990.0,-910.0,-127.0,-47.0,1,517,132352.0,308.0,11.9894,0.0246,635.8761,947.0,583.0,364.0,95.0,1.0,1.0,0.0,498,124
29,22,464,352,480,368,-910.0,-830.0,-127.0,-47.0,1,524,134144.0,287.0,11.0973,0.0246,621.6954,725.0,521.0,204.0,46.0,1.0,1.0,0.0,619,135
30,22,480,352,496,368,-830.0,-750.0,-127.0,-47.0,1,495,126720.0,267.0,10.3091,0.0246,584.5649,644.0,545.0,99.0,57.0,0.0,0.0,0.0,589,149
42,22,672,352,688,368,130.0,210.0,-127.0,-47.0,1,157,40192.0,139.0,7.2335,0.0219,228.2118,884.0,3.0,881.0,522.0,0.0,0.0,0.0,432,120
43,22,688,352,704,368,210.0,290.0,-127.0,-47.0,1,205,52480.0,174.0,8.4195,0.0217,304.3777,888.0,23.0,865.0,473.0,0.0,0.0,0.0,706,156
44,22,704,352,720,368,290.0,370.0,-127.0,-47.0,1,210,53760.0,165.0,8.5451,0.0214,249.3306,911.0,15.0,896.0,436.0,0.0,0.0,0.0,836,176
45,22,720,352,736,368,370.0,450.0,-127.0,-47.0,1,210,53760.0,169.0,8.7441,0.021,273.6558,1273.0,10.0,1263.0,434.0,1.0,0.0,1.0,787,151
46,22,736,352,752,368,450.0,530.0,-127.0,-47.0,1,198,50688.0,158.0,8.2786,0.0205,94.3295,391.0,0.0,391.0,93.0,0.0,0.0,0.0,110,42
54,22,864,352,880,368,1090.0,1170.0,-127.0,-47.0,1,117,29952.0,96.0,5.6937,0.0155,7.5259,13713.0,10.0,13703.0,475.0,1.0,0.0,1.0,601,211
55,22,880,352,896,368,1170.0,1250.0,-127.0,-47.0,1,128,32768.0,102.0,5.76,0.0154,39.4752,14711.0,13.0,14698.0,782.0,1.0,0.0,1.0,777,223
56,22,896,352,912,368,1250.0,1330.0,-127.0,-47.0,1,143,36608.0,136.0,6.2638,0.0153,124.8892,359.0,10.0,349.0,267.0,0.0,0.0,0.0,494,158
57,22,912,352,928,368,1330.0,1410.0,-127.0,-47.0,1,163,41728.0,154.0,6.4839,0.0151,295.5557,231.0,20.0,211.0,118.0,1.0,1.0,0.0,275,94
58,22,928,352,944,368,1410.0,1490.0,-127.0,-47.0,1,163,41728.0,160.0,6.6058,0.0149,453.0922,45.0,1.0,44.0,37.0,0.0,0.0,0.0,16,8
10,23,160,368,176,384,-2430.0,-2350.0,-207.0,-127.0,1,443,113408.0,254.0,10.9192,0.0172,554.4364,87.0,75.0,12.0,0.0,0.0,0.0,0.0,75,32
11,23,176,368,192,384,-2350.0,-2270.0,-207.0,-127.0,1,450,115200.0,254.0,10.9301,0.0177,480.3787,192.0,161.0,31.0,0.0,0.0,0.0,0.0,222,73
12,23,192,368,208,384,-2270.0,-2190.0,-207.0,-127.0,1,448,114688.0,251.0,10.8973,0.0182,390.3263,81.0,69.0,12.0,0.0,1.0,1.0,0.0,70,26
13,23,208,368,224,384,-2190.0,-2110.0,-207.0,-127.0,1,449,114944.0,250.0,10.8864,0.0187,384.0943,67.0,43.0,24.0,0.0,0.0,0.0,0.0,73,24
14,23,224,368,240,384,-2110.0,-2030.0,-207.0,-127.0,1,449,114944.0,245.0,10.843,0.0191,368.6438,81.0,46.0,35.0,5.0,0.0,0.0,0.0,87,31
15,23,240,368,256,384,-2030.0,-1950.0,-207.0,-127.0,1,447,114432.0,242.0,10.8107,0.0196,351.1099,527.0,512.0,15.0,309.0,0.0,0.0,0.0,720,211
16,23,256,368,272,384,-1950.0,-1870.0,-207.0,-127.0,1,422,108032.0,213.0,10.4576,0.02,227.1012,486.0,459.0,27.0,197.0,1.0,1.0,0.0,599,180
17,23,272,368,288,384,-1870.0,-1790.0,-207.0,-127.0,1,420,107520.0,221.0,9.9057,0.0204,251.1251,327.0,285.0,42.0,159.0,2.0,2.0,0.0,369,130
18,23,288,368,304,384,-1790.0,-1710.0,-207.0,-127.0,1,412,105472.0,215.0,9.5244,0.0208,219.9981,82.0,41.0,41.0,0.0,4.0,4.0,0.0,67,23
19,23,304,368,320,384,-1710.0,-1630.0,-207.0,-127.0,1,393,100608.0,187.0,8.8078,0.0211,143.483,54.0,27.0,27.0,0.0,1.0,1.0,0.0,47,17
20,23,320,368,336,384,-1630.0,-1550.0,-207.0,-127.0,1,358,91648.0,177.0,8.4851,0.0213,112.9866,119.0,56.0,63.0,0.0,2.0,1.0,1.0,42,12
25,23,400,368,416,384,-1230.0,-1150.0,-207.0,-127.0,1,360,92160.0,281.0,10.4077,0.024,565.176,120.0,117.0,3.0,0.0,0.0,0.0,0.0,80,12
26,23,416,368,432,384,-1150.0,-1070.0,-207.0,-127.0,1,456,116736.0,321.0,11.4594,0.0244,806.1088,520.0,322.0,198.0,45.0,1.0,1.0,0.0,295,65
27,23,432,368,448,384,-1070.0,-990.0,-207.0,-127.0,1,495,126720.0,313.0,11.7946,0.0248,700.2282,1442.0,555.0,887.0,60.0,2.0,0.0,2.0,760,144
28,23,448,368,464,384,-990.0,-910.0,-207.0,-127.0,1,520,133120.0,317.0,12.096,0.025,748.8963,853.0,588.0,265.0,72.0,3.0,3.0,0.0,333,96
29,23,464,368,480,384,-910.0,-830.0,-207.0,-127.0,1,534,136704.0,315.0,12.2871,0.0251,808.4084,733.0,595.0,138.0,93.0,1.0,1.0,0.0,538,123
30,23,480,368,496,384,-830.0,-750.0,-207.0,-127.0,1,508,130048.0,278.0,10.9082,0.0251,624.5991,588.0,475.0,113.0,46.0,0.0,0.0,0.0,521,137
42,23,672,368,688,384,130.0,210.0,-207.0,-127.0,1,214,54784.0,178.0,8.4719,0.0225,433.7311,1992.0,11.0,1981.0,761.0,0.0,0.0,0.0,733,161
43,23,688,368,704,384,210.0,290.0,-207.0,-127.0,1,227,58112.0,199.0,9.0194,0.0222,459.9927,812.0,15.0,797.0,441.0,1.0,0.0,1.0,763,169
44,23,704,368,720,384,290.0,370.0,-207.0,-127.0,1,248,63488.0,212.0,9.1714,0.0218,389.8991,567.0,17.0,550.0,262.0,0.0,0.0,0.0,556,157
45,23,720,368,736,384,370.0,450.0,-207.0,-127.0,1,259,66304.0,198.0,9.2414,0.0214,394.1682,577.0,14.0,563.0,193.0,0.0,0.0,0.0,466,117
46,23,736,368,752,384,450.0,530.0,-207.0,-127.0,1,241,61696.0,181.0,8.9379,0.0209,256.4784,245.0,0.0,245.0,69.0,0.0,0.0,0.0,185,58
53,23,848,368,864,384,1010.0,1090.0,-207.0,-127.0,1,71,18176.0,81.0,5.2898,0.0154,1.9249,0.0,0.0,0.0,0.0,0.0,0.0,0.0,0,0
54,23,864,368,880,384,1090.0,1170.0,-207.0,-127.0,1,116,29696.0,96.0,5.6908,0.0155,7.0174,19406.0,10.0,19396.0,475.0,3.0,0.0,3.0,465,211
55,23,880,368,896,384,1170.0,1250.0,-207.0,-127.0,1,128,32768.0,110.0,6.1194,0.0155,51.9331,600.0,17.0,583.0,468.0,0.0,0.0,0.0,790,212
56,23,896,368,912,384,1250.0,1330.0,-207.0,-127.0,1,148,37888.0,144.0,6.3183,0.0153,144.349,359.0,8.0,351.0,276.0,0.0,0.0,0.0,520,167
57,23,912,368,928,384,1330.0,1410.0,-207.0,-127.0,1,160,40960.0,148.0,6.4302,0.0152,228.1886,170.0,17.0,153.0,82.0,0.0,0.0,0.0,204,79
58,23,928,368,944,384,1410.0,1490.0,-207.0,-127.0,1,161,41216.0,155.0,6.4685,0.015,459.9209,5.0,4.0,1.0,0.0,0.0,0.0,0.0,3,2
10,24,160,384,176,400,-2430.0,-2350.0,-287.0,-207.0,1,420,107520.0,255.0,10.6939,0.0173,650.3746,133.0,40.0,93.0,0.0,1.0,1.0,0.0,52,24
11,24,176,384,192,400,-2350.0,-2270.0,-287.0,-207.0,1,449,114944.0,254.0,10.9853,0.0178,632.4252,308.0,251.0,57.0,0.0,1.0,0.0,1.0,294,86
12,24,192,384,208,400,-2270.0,-2190.0,-287.0,-207.0,1,451,115456.0,252.0,10.9411,0.0183,528.0214,67.0,41.0,26.0,0.0,2.0,2.0,0.0,45,18
13,24,208,384,224,400,-2190.0,-2110.0,-287.0,-207.0,1,447,114432.0,250.0,10.8864,0.0188,438.8728,89.0,12.0,77.0,0.0,1.0,1.0,0.0,44,12
14,24,224,384,240,400,-2110.0,-2030.0,-287.0,-207.0,1,442,113152.0,246.0,10.7467,0.0193,356.091,46.0,12.0,34.0,1.0,1.0,0.0,1.0,35,13
15,24,240,384,256,400,-2030.0,-1950.0,-287.0,-207.0,1,437,111872.0,240.0,10.6521,0.0198,332.3372,196.0,193.0,3.0,37.0,2.0,2.0,0.0,65,28
16,24,256,384,272,400,-1950.0,-1870.0,-287.0,-207.0,1,422,108032.0,236.0,10.4176,0.0202,268.0341,916.0,884.0,32.0,515.0,2.0,2.0,0.0,1181,240
17,24,272,384,288,400,-1870.0,-1790.0,-287.0,-207.0,1,389,99584.0,197.0,9.3126,0.0206,117.5444,58.0,41.0,17.0,1.0,1.0,1.0,0.0,44,15
18,24,288,384,304,400,-1790.0,-1710.0,-287.0,-207.0,1,398,101888.0,191.0,8.9306,0.021,140.994,55.0,15.0,40.0,0.0,1.0,0.0,1.0,34,13
19,24,304,384,320,400,-1710.0,-1630.0,-287.0,-207.0,1,381,97536.0,178.0,8.6744,0.0212,136.8939,147.0,6.0,141.0,0.0,0.0,0.0,0.0,43,14
20,24,320,384,336,400,-1630.0,-1550.0,-287.0,-207.0,1,348,89088.0,174.0,8.413,0.0213,111.211,25.0,0.0,25.0,0.0,1.0,0.0,1.0,24,5
25,24,400,384,416,400,-1230.0,-1150.0,-287.0,-207.0,1,380,97280.0,302.0,10.6416,0.0242,710.8849,353.0,283.0,70.0,66.0,2.0,1.0,1.0,271,50
26,24,416,384,432,400,-1150.0,-1070.0,-287.0,-207.0,1,450,115200.0,301.0,11.3756,0.0247,672.7027,584.0,398.0,186.0,21.0,0.0,0.0,0.0,327,53
27,24,432,384,448,400,-1070.0,-990.0,-287.0,-207.0,1,492,125952.0,300.0,11.7564,0.0251,689.2603,801.0,153.0,648.0,21.0,0.0,0.0,0.0,523,115
28,24,448,384,464,400,-990.0,-910.0,-287.0,-207.0,1,523,133888.0,311.0,12.1908,0.0253,867.7325,1369.0,189.0,1180.0,43.0,4.0,2.0,2.0,346,94
29,24,464,384,480,400,-910.0,-830.0,-287.0,-207.0,1,545,139520.0,314.0,12.4844,0.0255,903.4534,1268.0,1138.0,130.0,150.0,11.0,11.0,0.0,735,115
30,24,480,384,496,400,-830.0,-750.0,-287.0,-207.0,1,549,140544.0,314.0,12.4987,0.0256,937.8748,460.0,374.0,86.0,40.0,1.0,0.0,1.0,413,102
31,24,496,384,512,400,-750.0,-670.0,-287.0,-207.0,1,480,122880.0,302.0,11.5813,0.0256,754.4027,634.0,567.0,67.0,24.0,2.0,2.0,0.0,390,105
41,24,656,384,672,400,50.0,130.0,-287.0,-207.0,1,198,50688.0,189.0,8.7441,0.0233,329.9057,13.0,0.0,13.0,4.0,0.0,0.0,0.0,22,11
42,24,672,384,688,400,130.0,210.0,-287.0,-207.0,1,286,73216.0,226.0,9.4582,0.023,690.3192,1601.0,29.0,1572.0,559.0,1.0,1.0,0.0,743,158
43,24,688,384,704,400,210.0,290.0,-287.0,-207.0,1,289,73984.0,222.0,9.4995,0.0226,566.5336,464.0,11.0,453.0,166.0,2.0,0.0,2.0,406,116
44,24,704,384,720,400,290.0,370.0,-287.0,-207.0,1,288,73728.0,211.0,9.4912,0.0222,446.5582,240.0,12.0,228.0,72.0,0.0,0.0,0.0,233,78
45,24,720,384,736,400,370.0,450.0,-287.0,-207.0,1,283,72448.0,199.0,9.4092,0.0217,393.8433,338.0,11.0,327.0,115.0,0.0,0.0,0.0,325,96
46,24,736,384,752,400,450.0,530.0,-287.0,-207.0,1,268,68608.0,180.0,9.0494,0.0212,298.7575,304.0,3.0,301.0,78.0,5.0,0.0,5.0,250,77
53,24,848,384,864,400,1010.0,1090.0,-287.0,-207.0,1,63,16128.0,64.0,4.6325,0.0155,0.4585,0.0,0.0,0.0,0.0,0.0,0.0,0.0,0,0
54,24,864,384,880,400,1090.0,1170.0,-287.0,-207.0,1,115,29440.0,96.0,5.6878,0.0156,6.6951,13650.0,10.0,13640.0,352.0,3.0,0.0,3.0,331,180
55,24,880,384,896,400,1170.0,1250.0,-287.0,-207.0,1,129,33024.0,114.0,6.1297,0.0155,41.8206,20360.0,15.0,20345.0,825.0,3.0,0.0,3.0,767,227
56,24,896,384,912,400,1250.0,1330.0,-287.0,-207.0,1,147,37632.0,143.0,6.333,0.0154,118.2142,379.0,13.0,366.0,294.0,0.0,0.0,0.0,542,166
57,24,912,384,928,400,1330.0,1410.0,-287.0,-207.0,1,165,42240.0,148.0,6.4761,0.0153,251.5091,147.0,15.0,132.0,64.0,0.0,0.0,0.0,183,79
58,24,928,384,944,400,1410.0,1490.0,-287.0,-207.0,1,163,41728.0,152.0,6.434,0.0151,501.2723,5.0,2.0,3.0,3.0,0.0,0.0,0.0,10,4
10,25,160,400,176,416,-2430.0,-2350.0,-367.0,-287.0,1,382,97792.0,210.0,10.3878,0.0174,467.8883,127.0,99.0,28.0,0.0,0.0,0.0,0.0,48,19
11,25,176,400,192,416,-2350.0,-2270.0,-367.0,-287.0,1,417,106752.0,257.0,10.7044,0.0179,697.0854,357.0,297.0,60.0,0.0,0.0,0.0,0.0,315,88
12,25,192,400,208,416,-2270.0,-2190.0,-367.0,-287.0,1,445,113920.0,252.0,10.8864,0.0184,626.348,0.0,0.0,0.0,0.0,0.0,0.0,0.0,0,0
13,25,208,400,224,416,-2190.0,-2110.0,-367.0,-287.0,1,444,113664.0,248.0,10.8107,0.0189,495.2217,0.0,0.0,0.0,0.0,0.0,0.0,0.0,0,0
14,25,224,400,240,416,-2110.0,-2030.0,-367.0,-287.0,1,427,109312.0,243.0,10.5386,0.0194,359.0214,0.0,0.0,0.0,0.0,0.0,0.0,0.0,0,0
15,25,240,400,256,416,-2030.0,-1950.0,-367.0,-287.0,1,416,106496.0,234.0,10.2028,0.0199,251.2753,20.0,16.0,4.0,0.0,0.0,0.0,0.0,11,6
16,25,256,400,272,416,-1950.0,-1870.0,-367.0,-287.0,1,406,103936.0,213.0,9.4747,0.0204,157.5237,1187.0,1062.0,125.0,582.0,3.0,0.0,3.0,1187,241
17,25,272,400,288,416,-1870.0,-1790.0,-367.0,-287.0,1,398,101888.0,213.0,9.4092,0.0208,150.8462,0.0,0.0,0.0,0.0,0.0,0.0,0.0,0,0
18,25,288,400,304,416,-1790.0,-1710.0,-367.0,-287.0,1,390,99840.0,187.0,8.8364,0.0212,135.3356,0.0,0.0,0.0,0.0,0.0,0.0,0.0,0,0
19,25,304,400,320,416,-1710.0,-1630.0,-367.0,-287.0,1,378,96768.0,179.0,8.64,0.0214,137.3849,0.0,0.0,0.0,0.0,0.0,0.0,0.0,0,0
20,25,320,400,336,416,-1630.0,-1550.0,-367.0,-287.0,1,336,86016.0,168.0,8.2912,0.0214,105.0657,0.0,0.0,0.0,0.0,0.0,0.0,0.0,0,0
25,25,400,400,416,416,-1230.0,-1150.0,-367.0,-287.0,1,395,101120.0,273.0,10.7467,0.0245,577.8802,255.0,226.0,29.0,67.0,0.0,0.0,0.0,234,59
26,25,416,400,432,416,-1150.0,-1070.0,-367.0,-287.0,1,448,114688.0,296.0,11.2463,0.0249,645.9357,460.0,391.0,69.0,3.0,0.0,0.0,0.0,213,30
27,25,432,400,448,416,-1070.0,-990.0,-367.0,-287.0,1,485,124160.0,297.0,11.6932,0.0253,720.7982,611.0,91.0,520.0,26.0,0.0,0.0,0.0,486,116
28,25,448,400,464,416,-990.0,-910.0,-367.0,-287.0,1,514,131584.0,301.0,12.0692,0.0256,797.8297,347.0,44.0,303.0,19.0,1.0,0.0,1.0,264,77
29,25,464,400,480,416,-910.0,-830.0,-367.0,-287.0,1,550,140800.0,305.0,12.5419,0.0258,907.2157,1121.0,1005.0,116.0,104.0,9.0,8.0,1.0,548,107
30,25,480,400,496,416,-830.0,-750.0,-367.0,-287.0,1,565,144640.0,319.0,12.7925,0.026,1121.809,427.0,319.0,108.0,70.0,4.0,4.0,0.0,313,91
31,25,496,400,512,416,-750.0,-670.0,-367.0,-287.0,1,532,136192.0,311.0,12.301,0.0261,979.9383,827.0,661.0,166.0,59.0,5.0,4.0,1.0,532,128
32,25,512,400,528,416,-670.0,-590.0,-367.0,-287.0,1,479,122624.0,298.0,11.5813,0.026,815.8399,467.0,169.0,298.0,17.0,7.0,1.0,6.0,334,97
33,25,528,400,544,416,-590.0,-510.0,-367.0,-287.0,1,344,88064.0,219.0,9.7811,0.0259,302.9059,769.0,73.0,696.0,65.0,10.0,1.0,9.0,336,99
34,25,544,400,560,416,-510.0,-430.0,-367.0,-287.0,1,321,82176.0,209.0,9.5328,0.0257,253.2358,664.0,72.0,592.0,37.0,0.0,0.0,0.0,345,97
35,25,560,400,576,416,-430.0,-350.0,-367.0,-287.0,1,297,76032.0,206.0,9.2967,0.0255,197.953,629.0,56.0,573.0,48.0,1.0,0.0,1.0,295,89
36,25,576,400,592,416,-350.0,-270.0,-367.0,-287.0,1,275,70400.0,187.0,9.1176,0.0253,142.6615,376.0,53.0,323.0,38.0,2.0,0.0,2.0,263,83
37,25,592,400,608,416,-270.0,-190.0,-367.0,-287.0,1,266,68096.0,170.0,8.8941,0.025,117.6661,363.0,81.0,282.0,43.0,0.0,0.0,0.0,224,76
38,25,608,400,624,416,-190.0,-110.0,-367.0,-287.0,1,256,65536.0,160.0,8.6127,0.0247,82.0753,290.0,54.0,236.0,27.0,1.0,0.0,1.0,202,73
39,25,624,400,640,416,-110.0,-30.0,-367.0,-287.0,1,261,66816.0,164.0,8.6606,0.0244,106.0121,223.0,58.0,165.0,20.0,0.0,0.0,0.0,169,64
40,25,640,400,656,416,-30.0,50.0,-367.0,-287.0,1,268,68608.0,174.0,8.7371,0.0242,123.8217,215.0,31.0,184.0,20.0,0.0,0.0,0.0,192,73
41,25,656,400,672,416,50.0,130.0,-367.0,-287.0,1,305,78080.0,213.0,9.5831,0.0238,656.9152,321.0,37.0,284.0,38.0,0.0,0.0,0.0,279,94
42,25,672,400,688,416,130.0,210.0,-367.0,-287.0,1,311,79616.0,213.0,9.6682,0.0234,611.7574,413.0,28.0,385.0,98.0,1.0,0.0,1.0,430,131
43,25,688,400,704,416,210.0,290.0,-367.0,-287.0,1,313,80128.0,225.0,9.694,0.0229,647.0311,259.0,10.0,249.0,73.0,0.0,0.0,0.0,241,88
44,25,704,400,720,416,290.0,370.0,-367.0,-287.0,1,303,77568.0,216.0,9.634,0.0225,495.6735,175.0,6.0,169.0,62.0,0.0,0.0,0.0,188,68
45,25,720,400,736,416,370.0,450.0,-367.0,-287.0,1,290,74240.0,193.0,9.45,0.022,361.9116,292.0,3.0,289.0,77.0,4.0,0.0,4.0,249,86
46,25,736,400,752,416,450.0,530.0,-367.0,-287.0,1,277,70912.0,180.0,9.1252,0.0214,325.4148,406.0,6.0,400.0,81.0,4.0,0.0,4.0,321,90
54,25,864,400,880,416,1090.0,1170.0,-367.0,-287.0,1,114,29184.0,96.0,5.6848,0.0157,6.4279,189.0,10.0,179.0,132.0,0.0,0.0,0.0,270,95
55,25,880,400,896,416,1170.0,1250.0,-367.0,-287.0,1,130,33280.0,120.0,6.1505,0.0157,43.715,16020.0,15.0,16005.0,603.0,1.0,0.0,1.0,711,202
56,25,896,400,912,416,1250.0,1330.0,-367.0,-287.0,1,151,38656.0,144.0,6.385,0.0156,114.6124,16457.0,14.0,16443.0,732.0,2.0,0.0,2.0,508,192
57,25,912,400,928,416,1330.0,1410.0,-367.0,-287.0,1,172,44032.0,150.0,6.5305,0.0154,290.8364,130.0,16.0,114.0,65.0,0.0,0.0,0.0,165,67
58,25,928,400,944,416,1410.0,1490.0,-367.0,-287.0,1,105,26880.0,128.0,5.7906,0.0152,175.3746,16.0,1.0,15.0,13.0,0.0,0.0,0.0,14,10
10,26,160,416,176,432,-2430.0,-2350.0,-447.0,-367.0,1,363,92928.0,174.0,8.0342,0.0175,119.3917,99.0,59.0,40.0,0.0,2.0,2.0,0.0,52,20
11,26,176,416,192,432,-2350.0,-2270.0,-447.0,-367.0,1,369,94464.0,175.0,8.07,0.018,122.504,358.0,260.0,98.0,0.0,2.0,1.0,1.0,308,86
12,26,192,416,208,432,-2270.0,-2190.0,-447.0,-367.0,1,395,101120.0,248.0,10.4276,0.0185,575.5917,0.0,0.0,0.0,0.0,0.0,0.0,0.0,0,0
13,26,208,416,224,432,-2190.0,-2110.0,-447.0,-367.0,1,420,107520.0,247.0,10.498,0.019,498.3389,0.0,0.0,0.0,0.0,0.0,0.0,0.0,0,0
14,26,224,416,240,432,-2110.0,-2030.0,-447.0,-367.0,1,418,107008.0,227.0,10.1552,0.0196,334.4414,116.0,115.0,1.0,0.0,0.0,0.0,0.0,30,11
15,26,240,416,256,432,-2030.0,-1950.0,-447.0,-367.0,1,405,103680.0,214.0,9.5161,0.0201,218.6466,132.0,128.0,4.0,1.0,1.0,1.0,0.0,82,28
16,26,256,416,272,432,-1950.0,-1870.0,-447.0,-367.0,1,400,102400.0,210.0,9.4582,0.0206,185.7409,931.0,911.0,20.0,542.0,0.0,0.0,0.0,1199,241
17,26,272,416,288,432,-1870.0,-1790.0,-447.0,-367.0,1,399,102144.0,208.0,9.4255,0.021,167.9331,6.0,6.0,0.0,1.0,0.0,0.0,0.0,12,6
18,26,288,416,304,432,-1790.0,-1710.0,-447.0,-367.0,1,408,104448.0,227.0,9.4747,0.0214,206.3887,0.0,0.0,0.0,0.0,0.0,0.0,0.0,0,0
19,26,304,416,320,432,-1710.0,-1630.0,-447.0,-367.0,1,379,97024.0,181.0,8.6952,0.0217,140.7485,0.0,0.0,0.0,0.0,0.0,0.0,0.0,0,0
20,26,320,416,336,432,-1630.0,-1550.0,-447.0,-367.0,1,333,85248.0,166.0,8.2786,0.0217,103.325,0.0,0.0,0.0,0.0,0.0,0.0,0.0,0,0
25,26,400,416,416,432,-1230.0,-1150.0,-447.0,-367.0,1,397,101632.0,239.0,10.6209,0.0247,505.0634,567.0,515.0,52.0,90.0,5.0,3.0,2.0,284,58
26,26,416,416,432,432,-1150.0,-1070.0,-447.0,-367.0,1,434,111104.0,287.0,11.0522,0.0252,616.1331,689.0,654.0,35.0,195.0,2.0,1.0,1.0,176,32
27,26,432,416,448,432,-1070.0,-990.0,-447.0,-367.0,1,469,120064.0,296.0,11.4594,0.0256,678.9464,1618.0,320.0,1298.0,100.0,4.0,2.0,2.0,657,128
28,26,448,416,464,432,-990.0,-910.0,-447.0,-367.0,1,507,129792.0,295.0,11.9631,0.0259,772.7588,1337.0,346.0,991.0,76.0,3.0,1.0,2.0,339,86
29,26,464,416,480,432,-910.0,-830.0,-447.0,-367.0,1,538,137728.0,307.0,12.3991,0.0261,912.9036,408.0,370.0,38.0,50.0,0.0,0.0,0.0,231,63
30,26,480,416,496,432,-830.0,-750.0,-447.0,-367.0,1,543,139008.0,304.0,12.4701,0.0263,961.0601,195.0,164.0,31.0,21.0,3.0,3.0,0.0,141,48
31,26,496,416,512,432,-750.0,-670.0,-447.0,-367.0,1,516,132096.0,300.0,12.0692,0.0264,817.3078,235.0,139.0,96.0,9.0,6.0,3.0,3.0,208,74
32,26,512,416,528,432,-670.0,-590.0,-447.0,-367.0,1,486,124416.0,289.0,11.7058,0.0264,742.8729,291.0,158.0,133.0,8.0,4.0,3.0,1.0,277,100
33,26,528,416,544,432,-590.0,-510.0,-447.0,-367.0,1,445,113920.0,276.0,11.2,0.0263,638.0724,232.0,114.0,118.0,7.0,0.0,0.0,0.0,222,71
34,26,544,416,560,432,-510.0,-430.0,-447.0,-367.0,1,377,96512.0,271.0,10.4476,0.0262,450.1322,229.0,67.0,162.0,8.0,3.0,1.0,2.0,221,72
35,26,560,416,576,432,-430.0,-350.0,-447.0,-367.0,1,303,77568.0,210.0,9.4173,0.026,194.7135,236.0,55.0,181.0,4.0,0.0,0.0,0.0,219,76
36,26,576,416,592,432,-350.0,-270.0,-447.0,-367.0,1,280,71680.0,187.0,9.1714,0.0257,121.3224,217.0,32.0,185.0,6.0,0.0,0.0,0.0,184,69
37,26,592,416,608,432,-270.0,-190.0,-447.0,-367.0,1,274,70144.0,173.0,9.0947,0.0255,114.9199,208.0,39.0,169.0,15.0,2.0,0.0,2.0,191,72
38,26,608,416,624,432,-190.0,-110.0,-447.0,-367.0,1,271,69376.0,171.0,8.9674,0.0252,114.3943,210.0,32.0,178.0,18.0,1.0,1.0,0.0,215,76
39,26,624,416,640,432,-110.0,-30.0,-447.0,-367.0,1,271,69376.0,169.0,8.7231,0.0248,95.1863,222.0,36.0,186.0,25.0,0.0,0.0,0.0,227,75
40,26,640,416,656,432,-30.0,50.0,-447.0,-367.0,1,288,73728.0,202.0,9.4092,0.0245,403.2969,168.0,15.0,153.0,25.0,0.0,0.0,0.0,164,58
41,26,656,416,672,432,50.0,130.0,-447.0,-367.0,1,308,78848.0,211.0,9.6255,0.0241,555.1345,211.0,21.0,190.0,33.0,0.0,0.0,0.0,205,78
42,26,672,416,688,432,130.0,210.0,-447.0,-367.0,1,316,80896.0,220.0,9.7461,0.0237,623.5684,284.0,10.0,274.0,107.0,1.0,0.0,1.0,271,97
43,26,688,416,704,432,210.0,290.0,-447.0,-367.0,1,312,79872.0,227.0,9.694,0.0232,628.5582,173.0,8.0,165.0,52.0,0.0,0.0,0.0,170,62
44,26,704,416,720,432,290.0,370.0,-447.0,-367.0,1,301,77056.0,218.0,9.6255,0.0227,490.6586,167.0,9.0,158.0,23.0,0.0,0.0,0.0,161,61
45,26,720,416,736,432,370.0,450.0,-447.0,-367.0,1,291,74496.0,196.0,9.5244,0.0222,393.404,192.0,1.0,191.0,51.0,1.0,0.0,1.0,214,79
46,26,736,416,752,432,450.0,530.0,-447.0,-367.0,1,277,70912.0,172.0,9.1406,0.0217,371.8432,397.0,4.0,393.0,74.0,0.0,0.0,0.0,327,88
54,26,864,416,880,432,1090.0,1170.0,-447.0,-367.0,1,113,28928.0,95.0,5.6818,0.0159,6.2046,184.0,12.0,172.0,117.0,0.0,0.0,0.0,254,88
55,26,880,416,896,432,1170.0,1250.0,-447.0,-367.0,1,131,33536.0,129.0,6.2137,0.0158,38.3356,472.0,15.0,457.0,318.0,0.0,0.0,0.0,670,155
56,26,896,416,912,432,1250.0,1330.0,-447.0,-367.0,1,156,39936.0,144.0,6.4113,0.0157,116.4868,336.0,9.0,327.0,254.0,0.0,0.0,0.0,446,143
57,26,912,416,928,432,1330.0,1410.0,-447.0,-367.0,1,181,46336.0,149.0,6.6058,0.0156,301.7538,120.0,14.0,106.0,55.0,0.0,0.0,0.0,142,62
10,27,160,432,176,448,-2430.0,-2350.0,-527.0,-447.0,1,350,89600.0,182.0,8.0342,0.0175,127.572,9.0,5.0,4.0,0.0,0.0,0.0,0.0,12,4
11,27,176,432,192,448,-2350.0,-2270.0,-527.0,-447.0,1,349,89344.0,170.0,7.8546,0.018,94.2502,334.0,306.0,28.0,0.0,4.0,3.0,1.0,339,88
12,27,192,432,208,448,-2270.0,-2190.0,-527.0,-447.0,1,344,88064.0,166.0,7.7539,0.0185,69.4309,399.0,391.0,8.0,0.0,0.0,0.0,0.0,294,77
13,27,208,432,224,448,-2190.0,-2110.0,-527.0,-447.0,1,353,90368.0,192.0,9.265,0.0191,205.4967,217.0,213.0,4.0,0.0,0.0,0.0,0.0,145,42
14,27,224,432,240,448,-2110.0,-2030.0,-527.0,-447.0,1,401,102656.0,221.0,9.5831,0.0196,395.8552,162.0,159.0,3.0,2.0,0.0,0.0,0.0,85,30
15,27,240,432,256,448,-2030.0,-1950.0,-527.0,-447.0,1,407,104192.0,216.0,9.6085,0.0202,321.489,140.0,139.0,1.0,3.0,1.0,1.0,0.0,96,41
16,27,256,432,272,448,-1950.0,-1870.0,-527.0,-447.0,1,401,102656.0,207.0,9.4829,0.0207,234.6946,473.0,464.0,9.0,241.0,0.0,0.0,0.0,715,208
17,27,272,432,288,448,-1870.0,-1790.0,-527.0,-447.0,1,397,101632.0,206.0,9.4336,0.0212,195.8562,547.0,540.0,7.0,354.0,0.0,0.0,0.0,861,224
18,27,288,432,304,448,-1790.0,-1710.0,-527.0,-447.0,1,417,106752.0,236.0,9.5747,0.0216,239.6605,14.0,14.0,0.0,0.0,0.0,0.0,0.0,10,5
19,27,304,432,320,448,-1710.0,-1630.0,-527.0,-447.0,1,391,100096.0,197.0,9.3206,0.022,185.2063,39.0,39.0,0.0,0.0,0.0,0.0,0.0,11,5
20,27,320,432,336,448,-1630.0,-1550.0,-527.0,-447.0,1,335,85760.0,168.0,8.2976,0.0221,107.3661,1.0,1.0,0.0,0.0,0.0,0.0,0.0,2,1
24,27,384,432,400,448,-1310.0,-1230.0,-527.0,-447.0,1,307,78592.0,213.0,9.7987,0.0243,356.1725,312.0,249.0,63.0,62.0,3.0,3.0,0.0,114,39
25,27,400,432,416,448,-1230.0,-1150.0,-527.0,-447.0,1,399,102144.0,230.0,10.5693,0.0249,455.1689,1155.0,1077.0,78.0,545.0,5.0,5.0,0.0,400,95
26,27,416,432,432,448,-1150.0,-1070.0,-527.0,-447.0,1,419,107264.0,255.0,10.9082,0.0254,560.053,1013.0,931.0,82.0,170.0,3.0,1.0,2.0,194,63
27,27,432,432,448,448,-1070.0,-990.0,-527.0,-447.0,1,458,117248.0,288.0,11.3518,0.0258,644.2241,723.0,243.0,480.0,92.0,4.0,4.0,0.0,540,122
28,27,448,432,464,448,-990.0,-910.0,-527.0,-447.0,1,492,125952.0,295.0,11.7691,0.0261,745.8006,542.0,313.0,229.0,167.0,4.0,2.0,2.0,329,108
29,27,464,432,480,448,-910.0,-830.0,-527.0,-447.0,1,521,133376.0,298.0,12.1229,0.0264,812.2244,187.0,166.0,21.0,23.0,3.0,3.0,0.0,141,33
30,27,480,432,496,448,-830.0,-750.0,-527.0,-447.0,1,525,134400.0,298.0,12.1772,0.0266,843.6303,112.0,108.0,4.0,1.0,1.0,1.0,0.0,76,25
31,27,496,432,512,448,-750.0,-670.0,-527.0,-447.0,1,504,129024.0,280.0,11.9238,0.0266,694.1176,61.0,52.0,9.0,3.0,2.0,2.0,0.0,46,22
32,27,512,432,528,448,-670.0,-590.0,-527.0,-447.0,1,477,122112.0,275.0,11.5936,0.0267,668.8645,159.0,125.0,34.0,4.0,1.0,0.0,1.0,154,69
33,27,528,432,544,448,-590.0,-510.0,-527.0,-447.0,1,449,114944.0,271.0,11.2347,0.0266,584.5036,170.0,127.0,43.0,4.0,0.0,0.0,0.0,96,39
34,27,544,432,560,448,-510.0,-430.0,-527.0,-447.0,1,422,108032.0,280.0,10.9521,0.0265,591.0478,102.0,22.0,80.0,1.0,0.0,0.0,0.0,75,30
35,27,560,432,576,448,-430.0,-350.0,-527.0,-447.0,1,362,92672.0,273.0,10.3189,0.0263,414.7908,146.0,45.0,101.0,2.0,0.0,0.0,0.0,108,31
36,27,576,432,592,448,-350.0,-270.0,-527.0,-447.0,1,308,78848.0,238.0,9.7287,0.0261,212.2583,91.0,35.0,56.0,2.0,0.0,0.0,0.0,90,31
37,27,592,432,608,448,-270.0,-190.0,-527.0,-447.0,1,276,70656.0,174.0,9.1406,0.0258,104.2747,99.0,33.0,66.0,4.0,0.0,0.0,0.0,79,35
38,27,608,432,624,448,-190.0,-110.0,-527.0,-447.0,1,278,71168.0,178.0,9.1482,0.0255,117.3242,83.0,25.0,58.0,2.0,0.0,0.0,0.0,92,43
39,27,624,432,640,448,-110.0,-30.0,-527.0,-447.0,1,279,71424.0,185.0,9.3848,0.0251,250.1637,121.0,41.0,80.0,5.0,0.0,0.0,0.0,127,55
40,27,640,432,656,448,-30.0,50.0,-527.0,-447.0,1,292,74752.0,201.0,9.4418,0.0247,420.5474,218.0,78.0,140.0,13.0,0.0,0.0,0.0,209,75
41,27,656,432,672,448,50.0,130.0,-527.0,-447.0,1,313,80128.0,210.0,9.6682,0.0243,553.0949,216.0,18.0,198.0,39.0,0.0,0.0,0.0,228,82
42,27,672,432,688,448,130.0,210.0,-527.0,-447.0,1,309,79104.0,214.0,9.6682,0.0239,537.9228,267.0,12.0,255.0,70.0,1.0,0.0,1.0,262,89
43,27,688,432,704,448,210.0,290.0,-527.0,-447.0,1,303,77568.0,214.0,9.617,0.0234,473.2543,232.0,9.0,223.0,43.0,1.0,0.0,1.0,231,76
44,27,704,432,720,448,290.0,370.0,-527.0,-447.0,1,305,78080.0,226.0,9.634,0.0229,656.8523,323.0,3.0,320.0,29.0,0.0,0.0,0.0,259,75
45,27,720,432,736,448,370.0,450.0,-527.0,-447.0,1,292,74752.0,199.0,9.5161,0.0224,420.503,381.0,1.0,380.0,61.0,3.0,0.0,3.0,336,92
46,27,736,432,752,448,450.0,530.0,-527.0,-447.0,1,278,71168.0,169.0,9.3126,0.0219,321.366,566.0,5.0,561.0,59.0,7.0,1.0,6.0,374,88
54,27,864,432,880,448,1090.0,1170.0,-527.0,-447.0,1,112,28672.0,94.0,5.6818,0.0161,2.9029,185.0,15.0,170.0,106.0,0.0,0.0,0.0,261,92
55,27,880,432,896,448,1170.0,1250.0,-527.0,-447.0,1,137,35072.0,138.0,6.2746,0.0161,49.9087,463.0,19.0,444.0,294.0,0.0,0.0,0.0,658,159
56,27,896,432,912,448,1250.0,1330.0,-527.0,-447.0,1,163,41728.0,146.0,6.4916,0.016,133.2955,284.0,8.0,276.0,217.0,0.0,0.0,0.0,436,142
57,27,912,432,928,448,1330.0,1410.0,-527.0,-447.0,1,190,48640.0,153.0,6.7242,0.0158,324.1808,100.0,13.0,87.0,46.0,0.0,0.0,0.0,126,57
10,28,160,448,176,464,-2430.0,-2350.0,-607.0,-527.0,1,355,90880.0,232.0,10.1552,0.0174,342.2522,0.0,0.0,0.0,0.0,0.0,0.0,0.0,0,0
11,28,176,448,192,464,-2350.0,-2270.0,-607.0,-527.0,1,348,89088.0,214.0,10.0059,0.018,216.0145,77.0,59.0,18.0,0.0,0.0,0.0,0.0,51,19
12,28,192,448,208,464,-2270.0,-2190.0,-607.0,-527.0,1,342,87552.0,189.0,7.7373,0.0185,74.1108,155.0,148.0,7.0,0.0,2.0,2.0,0.0,171,50
13,28,208,448,224,464,-2190.0,-2110.0,-607.0,-527.0,1,341,87296.0,174.0,7.6557,0.0191,59.9774,333.0,326.0,7.0,0.0,1.0,1.0,0.0,282,77
14,28,224,448,240,464,-2110.0,-2030.0,-607.0,-527.0,1,334,85504.0,158.0,7.5079,0.0197,48.3765,437.0,433.0,4.0,0.0,0.0,0.0,0.0,291,85
15,28,240,448,256,464,-2030.0,-1950.0,-607.0,-527.0,1,387,99072.0,219.0,9.4912,0.0202,431.9678,892.0,884.0,8.0,2.0,3.0,3.0,0.0,288,86
16,28,256,448,272,464,-1950.0,-1870.0,-607.0,-527.0,1,403,103168.0,211.0,9.5747,0.0208,346.459,228.0,224.0,4.0,11.0,1.0,1.0,0.0,237,78
17,28,272,448,288,464,-1870.0,-1790.0,-607.0,-527.0,1,398,101888.0,210.0,9.4829,0.0213,252.8038,942.0,928.0,14.0,551.0,0.0,0.0,0.0,1165,240
18,28,288,448,304,464,-1790.0,-1710.0,-607.0,-527.0,1,414,105984.0,239.0,9.5831,0.0218,264.4228,493.0,489.0,4.0,233.0,1.0,1.0,0.0,591,185
19,28,304,448,320,464,-1710.0,-1630.0,-607.0,-527.0,1,422,108032.0,232.0,9.617,0.0223,278.9832,120.0,116.0,4.0,38.0,0.0,0.0,0.0,127,54
20,28,320,448,336,464,-1630.0,-1550.0,-607.0,-527.0,1,351,89856.0,173.0,8.4587,0.0225,121.0307,10.0,10.0,0.0,0.0,0.0,0.0,0.0,12,6
24,28,384,448,400,464,-1310.0,-1230.0,-607.0,-527.0,1,359,91904.0,212.0,10.222,0.0246,423.9382,543.0,535.0,8.0,248.0,0.0,0.0,0.0,294,73
25,28,400,448,416,464,-1230.0,-1150.0,-607.0,-527.0,1,404,103424.0,231.0,10.6834,0.0251,514.5484,831.0,777.0,54.0,372.0,6.0,6.0,0.0,680,143
26,28,416,448,432,464,-1150.0,-1070.0,-607.0,-527.0,1,410,104960.0,230.0,10.6939,0.0256,449.8855,512.0,417.0,95.0,234.0,0.0,0.0,0.0,424,123
27,28,432,448,448,464,-1070.0,-990.0,-607.0,-527.0,1,434,111104.0,276.0,11.041,0.026,589.5676,522.0,169.0,353.0,93.0,0.0,0.0,0.0,494,136
28,28,448,448,464,464,-990.0,-910.0,-607.0,-527.0,1,471,120576.0,289.0,11.4473,0.0263,670.9069,459.0,152.0,307.0,50.0,1.0,1.0,0.0,413,124
29,28,464,448,480,464,-910.0,-830.0,-607.0,-527.0,1,507,129792.0,295.0,11.9631,0.0266,802.0053,288.0,95.0,193.0,20.0,2.0,0.0,2.0,217,71
30,28,480,448,496,464,-830.0,-750.0,-607.0,-527.0,1,506,129536.0,279.0,11.95,0.0268,807.4709,231.0,73.0,158.0,15.0,3.0,0.0,3.0,181,59
31,28,496,448,512,464,-750.0,-670.0,-607.0,-527.0,1,494,126464.0,273.0,11.7818,0.0269,672.212,208.0,58.0,150.0,25.0,3.0,2.0,1.0,165,62
32,28,512,448,528,464,-670.0,-590.0,-607.0,-527.0,1,474,121344.0,272.0,11.52,0.0269,629.4501,313.0,127.0,186.0,34.0,2.0,0.0,2.0,268,89
33,28,528,448,544,464,-590.0,-510.0,-607.0,-527.0,1,452,115712.0,269.0,11.293,0.0268,594.7798,371.0,85.0,286.0,23.0,4.0,1.0,3.0,250,74
34,28,544,448,560,464,-510.0,-430.0,-607.0,-527.0,1,421,107776.0,268.0,10.9411,0.0267,550.7327,373.0,85.0,288.0,26.0,2.0,1.0,1.0,237,67
35,28,560,448,576,464,-430.0,-350.0,-607.0,-527.0,1,375,96000.0,250.0,10.4276,0.0265,366.0083,225.0,74.0,151.0,33.0,0.0,0.0,0.0,195,63
36,28,576,448,592,464,-350.0,-270.0,-607.0,-527.0,1,351,89856.0,244.0,10.1458,0.0263,343.3874,296.0,141.0,155.0,36.0,0.0,0.0,0.0,187,60
37,28,592,448,608,464,-270.0,-190.0,-607.0,-527.0,1,320,81920.0,238.0,9.852,0.026,254.0739,265.0,77.0,188.0,45.0,0.0,0.0,0.0,195,71
38,28,608,448,624,464,-190.0,-110.0,-607.0,-527.0,1,298,76288.0,232.0,9.6511,0.0257,205.6429,271.0,95.0,176.0,40.0,0.0,0.0,0.0,218,78
39,28,624,448,640,464,-110.0,-30.0,-607.0,-527.0,1,290,74240.0,213.0,9.5663,0.0253,372.5262,369.0,138.0,231.0,34.0,1.0,0.0,1.0,294,95
40,28,640,448,656,464,-30.0,50.0,-607.0,-527.0,1,301,77056.0,212.0,9.6768,0.0249,426.7454,330.0,58.0,272.0,28.0,0.0,0.0,0.0,333,104
41,28,656,448,672,464,50.0,130.0,-607.0,-527.0,1,307,78592.0,209.0,9.694,0.0245,469.7393,234.0,32.0,202.0,62.0,1.0,0.0,1.0,228,81
42,28,672,448,688,464,130.0,210.0,-607.0,-527.0,1,306,78336.0,204.0,9.6255,0.024,483.4925,291.0,16.0,275.0,79.0,0.0,0.0,0.0,243,73
43,28,688,448,704,464,210.0,290.0,-607.0,-527.0,1,305,78080.0,209.0,9.6768,0.0236,544.89,64.0,1.0,63.0,15.0,0.0,0.0,0.0,80,29
44,28,704,448,720,464,290.0,370.0,-607.0,-527.0,1,307,78592.0,220.0,9.6511,0.0231,578.7968,94.0,0.0,94.0,2.0,0.0,0.0,0.0,116,33
45,28,720,448,736,464,370.0,450.0,-607.0,-527.0,1,295,75520.0,209.0,9.6,0.0226,424.4612,607.0,1.0,606.0,56.0,0.0,0.0,0.0,446,96
46,28,736,448,752,464,450.0,530.0,-607.0,-527.0,1,281,71936.0,186.0,9.3606,0.0221,320.47,1093.0,1.0,1092.0,36.0,0.0,0.0,0.0,459,83
54,28,864,448,880,464,1090.0,1170.0,-607.0,-527.0,1,112,28672.0,93.0,5.6818,0.0164,2.0941,216.0,15.0,201.0,134.0,0.0,0.0,0.0,288,95
55,28,880,448,896,464,1170.0,1250.0,-607.0,-527.0,1,144,36864.0,139.0,6.333,0.0164,66.7751,485.0,27.0,458.0,285.0,0.0,0.0,0.0,648,157
56,28,896,448,912,464,1250.0,1330.0,-607.0,-527.0,1,179,45824.0,148.0,6.5978,0.0162,181.2782,275.0,3.0,272.0,217.0,0.0,0.0,0.0,412,138
57,28,912,448,928,464,1330.0,1410.0,-607.0,-527.0,1,206,52736.0,157.0,6.9429,0.016,434.8128,105.0,12.0,93.0,51.0,0.0,0.0,0.0,136,57
10,29,160,464,176,480,-2430.0,-2350.0,-687.0,-607.0,1,360,92160.0,208.0,8.9748,0.0174,245.8776,13.0,13.0,0.0,0.0,0.0,0.0,0.0,1,1
11,29,176,464,192,480,-2350.0,-2270.0,-687.0,-607.0,1,362,92672.0,205.0,8.9526,0.0179,267.2115,20.0,15.0,5.0,0.0,0.0,0.0,0.0,14,6
12,29,192,464,208,480,-2270.0,-2190.0,-687.0,-607.0,1,362,92672.0,201.0,8.9087,0.0185,234.8762,94.0,84.0,10.0,0.0,0.0,0.0,0.0,37,13
13,29,208,464,224,480,-2190.0,-2110.0,-687.0,-607.0,1,360,92160.0,199.0,8.8941,0.0191,226.5557,77.0,67.0,10.0,0.0,1.0,1.0,0.0,46,14
14,29,224,464,240,480,-2110.0,-2030.0,-687.0,-607.0,1,362,92672.0,203.0,9.9784,0.0196,274.9616,228.0,216.0,12.0,0.0,2.0,2.0,0.0,85,25
15,29,240,464,256,480,-2030.0,-1950.0,-687.0,-607.0,1,361,92416.0,204.0,9.9692,0.0202,269.6286,397.0,385.0,12.0,0.0,3.0,3.0,0.0,190,63
16,29,256,464,272,480,-1950.0,-1870.0,-687.0,-607.0,1,394,100864.0,283.0,10.6105,0.0208,676.1583,390.0,386.0,4.0,3.0,0.0,0.0,0.0,287,84
17,29,272,464,288,480,-1870.0,-1790.0,-687.0,-607.0,1,434,111104.0,287.0,11.041,0.0214,731.6605,535.0,513.0,22.0,34.0,3.0,2.0,1.0,478,123
18,29,288,464,304,480,-1790.0,-1710.0,-687.0,-607.0,1,422,108032.0,266.0,10.1175,0.022,363.185,1047.0,1022.0,25.0,308.0,0.0,0.0,0.0,1100,215
19,29,304,464,320,480,-1710.0,-1630.0,-687.0,-607.0,1,437,111872.0,238.0,9.7811,0.0225,342.1794,1334.0,1310.0,24.0,620.0,2.0,1.0,1.0,1531,244
20,29,320,464,336,480,-1630.0,-1550.0,-687.0,-607.0,1,408,104448.0,227.0,9.4995,0.0229,259.1493,129.0,124.0,5.0,10.0,0.0,0.0,0.0,116,45
24,29,384,464,400,480,-1310.0,-1230.0,-687.0,-607.0,1,382,97792.0,214.0,10.3779,0.0248,436.9335,439.0,381.0,58.0,193.0,1.0,0.0,1.0,312,97
25,29,400,464,416,480,-1230.0,-1150.0,-687.0,-607.0,1,404,103424.0,223.0,10.6105,0.0253,447.1233,1159.0,1052.0,107.0,535.0,6.0,6.0,0.0,966,183
26,29,416,464,432,480,-1150.0,-1070.0,-687.0,-607.0,1,410,104960.0,221.0,10.6729,0.0257,461.3374,1209.0,815.0,394.0,387.0,2.0,1.0,1.0,721,187
27,29,432,464,448,480,-1070.0,-990.0,-687.0,-607.0,1,416,106496.0,229.0,10.8,0.0261,489.6406,509.0,93.0,416.0,32.0,0.0,0.0,0.0,356,106
28,29,448,464,464,480,-990.0,-910.0,-687.0,-607.0,1,452,115712.0,286.0,11.2813,0.0265,656.3423,386.0,103.0,283.0,38.0,0.0,0.0,0.0,367,113
29,29,464,464,480,480,-910.0,-830.0,-687.0,-607.0,1,480,122880.0,290.0,11.6184,0.0267,676.9298,244.0,97.0,147.0,31.0,0.0,0.0,0.0,250,91
30,29,480,464,496,480,-830.0,-750.0,-687.0,-607.0,1,496,126976.0,275.0,11.7691,0.0269,648.3507,210.0,80.0,130.0,12.0,1.0,1.0,0.0,199,78
31,29,496,464,512,480,-750.0,-670.0,-687.0,-607.0,1,486,124416.0,271.0,11.6184,0.027,602.5923,175.0,72.0,103.0,3.0,1.0,1.0,0.0,176,68
32,29,512,464,528,480,-670.0,-590.0,-687.0,-607.0,1,475,121600.0,281.0,11.5567,0.027,667.6295,219.0,144.0,75.0,22.0,4.0,3.0,1.0,232,89
33,29,528,464,544,480,-590.0,-510.0,-687.0,-607.0,1,452,115712.0,275.0,11.2813,0.027,599.0838,243.0,115.0,128.0,22.0,3.0,2.0,1.0,187,68
34,29,544,464,560,480,-510.0,-430.0,-687.0,-607.0,1,423,108288.0,285.0,10.9521,0.0268,561.8392,213.0,65.0,148.0,20.0,0.0,0.0,0.0,211,71
35,29,560,464,576,480,-430.0,-350.0,-687.0,-607.0,1,385,98560.0,260.0,10.4376,0.0267,386.5501,197.0,78.0,119.0,20.0,0.0,0.0,0.0,187,67
36,29,576,464,592,480,-350.0,-270.0,-687.0,-607.0,1,366,93696.0,254.0,10.2799,0.0264,362.5974,203.0,75.0,128.0,9.0,2.0,2.0,0.0,179,68
37,29,592,464,608,480,-270.0,-190.0,-687.0,-607.0,1,347,88832.0,256.0,10.0987,0.0261,317.6308,158.0,48.0,110.0,10.0,0.0,0.0,0.0,176,67
38,29,608,464,624,480,-190.0,-110.0,-687.0,-607.0,1,335,85760.0,286.0,10.2509,0.0257,497.4156,206.0,55.0,151.0,13.0,1.0,1.0,0.0,182,66
39,29,624,464,640,480,-110.0,-30.0,-687.0,-607.0,1,327,83712.0,289.0,10.1647,0.0254,649.6305,184.0,22.0,162.0,20.0,0.0,0.0,0.0,192,73
40,29,640,464,656,480,-30.0,50.0,-687.0,-607.0,1,319,81664.0,268.0,10.0893,0.025,635.7942,164.0,26.0,138.0,23.0,0.0,0.0,0.0,165,61
41,29,656,464,672,480,50.0,130.0,-687.0,-607.0,1,313,80128.0,224.0,9.843,0.0246,596.3862,134.0,13.0,121.0,32.0,1.0,0.0,1.0,110,40
42,29,672,464,688,480,130.0,210.0,-687.0,-607.0,1,307,78592.0,210.0,9.6854,0.0241,463.168,183.0,10.0,173.0,51.0,1.0,0.0,1.0,102,34
43,29,688,464,704,480,210.0,290.0,-687.0,-607.0,1,304,77824.0,215.0,9.6,0.0237,465.7301,1.0,0.0,1.0,0.0,0.0,0.0,0.0,2,1
44,29,704,464,720,480,290.0,370.0,-687.0,-607.0,1,303,77568.0,223.0,9.6511,0.0232,483.313,737.0,0.0,737.0,22.0,1.0,0.0,1.0,136,46
45,29,720,464,736,480,370.0,450.0,-687.0,-607.0,1,304,77824.0,234.0,9.6768,0.0228,562.0105,536.0,2.0,534.0,59.0,0.0,0.0,0.0,485,94
46,29,736,464,752,480,450.0,530.0,-687.0,-607.0,1,288,73728.0,199.0,9.3848,0.0222,377.3357,1242.0,3.0,1239.0,46.0,0.0,0.0,0.0,516,84
54,29,864,464,880,480,1090.0,1170.0,-687.0,-607.0,1,113,28928.0,93.0,5.6878,0.0167,2.4534,221.0,15.0,206.0,124.0,0.0,0.0,0.0,314,102
55,29,880,464,896,480,1170.0,1250.0,-687.0,-607.0,1,154,39424.0,143.0,6.434,0.0167,82.1662,511.0,29.0,482.0,274.0,0.0,0.0,0.0,643,152
56,29,896,464,912,480,1250.0,1330.0,-687.0,-607.0,1,194,49664.0,152.0,6.745,0.0165,252.1469,308.0,9.0,299.0,241.0,0.0,0.0,0.0,426,139
57,29,912,464,928,480,1330.0,1410.0,-687.0,-607.0,1,231,59136.0,161.0,7.5705,0.0162,522.9527,115.0,15.0,100.0,56.0,0.0,0.0,0.0,142,63
11,30,176,480,192,496,-2350.0,-2270.0,-767.0,-687.0,1,364,93184.0,195.0,8.5117,0.0178,336.2646,0.0,0.0,0.0,0.0,0.0,0.0,0.0,0,0
12,30,192,480,208,496,-2270.0,-2190.0,-767.0,-687.0,1,367,93952.0,194.0,8.5317,0.0183,349.5314,0.0,0.0,0.0,0.0,0.0,0.0,0.0,0,0
13,30,208,480,224,496,-2190.0,-2110.0,-767.0,-687.0,1,374,95744.0,198.0,8.5787,0.0189,368.091,0.0,0.0,0.0,0.0,0.0,0.0,0.0,0,0
14,30,224,480,240,496,-2110.0,-2030.0,-767.0,-687.0,1,375,96000.0,196.0,8.5855,0.0195,382.0677,0.0,0.0,0.0,0.0,0.0,0.0,0.0,0,0
15,30,240,480,256,496,-2030.0,-1950.0,-767.0,-687.0,1,375,96000.0,195.0,8.5855,0.0201,389.363,0.0,0.0,0.0,0.0,0.0,0.0,0.0,0,0
16,30,256,480,272,496,-1950.0,-1870.0,-767.0,-687.0,1,381,97536.0,202.0,9.0947,0.0207,487.7924,0.0,0.0,0.0,0.0,0.0,0.0,0.0,0,0
17,30,272,480,288,496,-1870.0,-1790.0,-767.0,-687.0,1,390,99840.0,204.0,9.1714,0.0214,552.5043,0.0,0.0,0.0,0.0,0.0,0.0,0.0,0,0
18,30,288,480,304,496,-1790.0,-1710.0,-767.0,-687.0,1,497,127232.0,286.0,11.0186,0.022,1222.0739,218.0,184.0,34.0,4.0,2.0,1.0,1.0,44,21
19,30,304,480,320,496,-1710.0,-1630.0,-767.0,-687.0,1,545,139520.0,318.0,11.4594,0.0226,1366.7092,224.0,219.0,5.0,64.0,0.0,0.0,0.0,358,123
20,30,320,480,336,496,-1630.0,-1550.0,-767.0,-687.0,1,537,137472.0,308.0,11.3164,0.0231,1312.9329,1306.0,1277.0,29.0,519.0,1.0,0.0,1.0,1558,244
21,30,336,480,352,496,-1550.0,-1470.0,-767.0,-687.0,1,458,117248.0,299.0,11.2696,0.0237,1220.3353,80.0,80.0,0.0,0.0,1.0,1.0,0.0,20,4
22,30,352,480,368,496,-1470.0,-1390.0,-767.0,-687.0,1,368,94208.0,253.0,10.1933,0.0241,666.452,4.0,4.0,0.0,0.0,0.0,0.0,0.0,4,1
23,30,368,480,384,496,-1390.0,-1310.0,-767.0,-687.0,1,384,98304.0,246.0,10.4576,0.0246,609.4668,0.0,0.0,0.0,0.0,0.0,0.0,0.0,0,0
24,30,384,480,400,496,-1310.0,-1230.0,-767.0,-687.0,1,410,104960.0,250.0,10.7044,0.025,510.4043,1060.0,697.0,363.0,476.0,2.0,1.0,1.0,197,64
25,30,400,480,416,496,-1230.0,-1150.0,-767.0,-687.0,1,419,107264.0,251.0,10.8,0.0254,502.1629,3120.0,2988.0,132.0,1727.0,14.0,13.0,1.0,1502,236
26,30,416,480,432,496,-1150.0,-1070.0,-767.0,-687.0,1,420,107520.0,247.0,10.8107,0.0258,551.4283,885.0,725.0,160.0,479.0,1.0,1.0,0.0,647,177
27,30,432,480,448,496,-1070.0,-990.0,-767.0,-687.0,1,420,107520.0,245.0,10.7786,0.0262,532.4384,742.0,126.0,616.0,3.0,4.0,1.0,3.0,324,80
28,30,448,480,464,496,-990.0,-910.0,-767.0,-687.0,1,393,100608.0,254.0,10.4576,0.0266,467.6356,640.0,300.0,340.0,26.0,6.0,6.0,0.0,434,100
29,30,464,480,480,496,-910.0,-830.0,-767.0,-687.0,1,447,114432.0,274.0,11.1427,0.0268,512.1246,524.0,264.0,260.0,29.0,4.0,4.0,0.0,377,95
30,30,480,480,496,496,-830.0,-750.0,-767.0,-687.0,1,495,126720.0,284.0,11.7184,0.027,703.621,605.0,351.0,254.0,119.0,1.0,0.0,1.0,491,124
31,30,496,480,512,496,-750.0,-670.0,-767.0,-687.0,1,486,124416.0,283.0,11.6807,0.0271,660.3897,433.0,251.0,182.0,30.0,2.0,1.0,1.0,440,125
32,30,512,480,528,496,-670.0,-590.0,-767.0,-687.0,1,468,119808.0,281.0,11.4715,0.0271,627.8264,397.0,235.0,162.0,15.0,4.0,2.0,2.0,426,123
33,30,528,480,544,496,-590.0,-510.0,-767.0,-687.0,1,453,115968.0,283.0,11.293,0.0271,659.2953,331.0,135.0,196.0,13.0,0.0,0.0,0.0,320,94
34,30,544,480,560,496,-510.0,-430.0,-767.0,-687.0,1,420,107520.0,280.0,10.8864,0.0269,549.6525,325.0,93.0,232.0,8.0,1.0,1.0,0.0,327,95
35,30,560,480,576,496,-430.0,-350.0,-767.0,-687.0,1,378,96768.0,250.0,10.3483,0.0267,356.9899,346.0,67.0,279.0,10.0,1.0,0.0,1.0,286,88
36,30,576,480,592,496,-350.0,-270.0,-767.0,-687.0,1,362,92672.0,244.0,10.1837,0.0264,317.3862,242.0,75.0,167.0,28.0,2.0,1.0,1.0,217,81
37,30,592,480,608,496,-270.0,-190.0,-767.0,-687.0,1,359,91904.0,267.0,10.4176,0.0261,549.7492,218.0,53.0,165.0,26.0,2.0,2.0,0.0,191,67
38,30,608,480,624,496,-190.0,-110.0,-767.0,-687.0,1,356,91136.0,285.0,10.4677,0.0257,731.1554,176.0,25.0,151.0,23.0,1.0,1.0,0.0,169,59
39,30,624,480,640,496,-110.0,-30.0,-767.0,-687.0,1,339,86784.0,283.0,10.3483,0.0253,680.9827,175.0,36.0,139.0,20.0,2.0,1.0,1.0,159,53
40,30,640,480,656,496,-30.0,50.0,-767.0,-687.0,1,339,86784.0,278.0,10.2702,0.025,767.8703,94.0,23.0,71.0,7.0,0.0,0.0,0.0,93,38
41,30,656,480,672,496,50.0,130.0,-767.0,-687.0,1,328,83968.0,264.0,10.1458,0.0246,672.7342,69.0,8.0,61.0,9.0,0.0,0.0,0.0,66,25
42,30,672,480,688,496,130.0,210.0,-767.0,-687.0,1,316,80896.0,241.0,10.0336,0.0241,609.4448,64.0,7.0,57.0,14.0,0.0,0.0,0.0,63,26
43,30,688,480,704,496,210.0,290.0,-767.0,-687.0,1,302,77312.0,209.0,9.6425,0.0237,436.4219,8.0,0.0,8.0,0.0,0.0,0.0,0.0,12,6
44,30,704,480,720,496,290.0,370.0,-767.0,-687.0,1,303,77568.0,218.0,9.6085,0.0233,482.9278,51.0,0.0,51.0,0.0,0.0,0.0,0.0,16,7
45,30,720,480,736,496,370.0,450.0,-767.0,-687.0,1,311,79616.0,240.0,9.7113,0.0229,679.2933,863.0,4.0,859.0,86.0,0.0,0.0,0.0,479,88
46,30,736,480,752,496,450.0,530.0,-767.0,-687.0,1,292,74752.0,214.0,9.5078,0.0224,450.5542,958.0,4.0,954.0,53.0,0.0,0.0,0.0,483,66
54,30,864,480,880,496,1090.0,1170.0,-767.0,-687.0,1,119,30464.0,110.0,6.0852,0.0171,31.6864,275.0,22.0,253.0,147.0,0.0,0.0,0.0,384,119
55,30,880,480,896,496,1170.0,1250.0,-767.0,-687.0,1,178,45568.0,146.0,6.5938,0.017,145.339,441.0,26.0,415.0,241.0,0.0,0.0,0.0,577,147
56,30,896,480,912,496,1250.0,1330.0,-767.0,-687.0,1,227,58112.0,159.0,7.4209,0.0168,396.0135,298.0,13.0,285.0,222.0,0.0,0.0,0.0,390,133
57,30,912,480,928,496,1330.0,1410.0,-767.0,-687.0,1,274,70144.0,180.0,8.106,0.0165,886.3273,127.0,13.0,114.0,50.0,0.0,0.0,0.0,150,66
19,31,304,496,320,512,-1710.0,-1630.0,-847.0,-767.0,1,593,151808.0,324.0,12.301,0.0226,2156.189,157.0,147.0,10.0,8.0,0.0,0.0,0.0,126,35
20,31,320,496,336,512,-1630.0,-1550.0,-847.0,-767.0,1,584,149504.0,316.0,12.0159,0.0232,1879.6759,1082.0,1063.0,19.0,550.0,0.0,0.0,0.0,1493,244
21,31,336,496,352,512,-1550.0,-1470.0,-847.0,-767.0,1,532,136192.0,303.0,11.2579,0.0237,1523.2992,282.0,256.0,26.0,13.0,1.0,0.0,1.0,358,117
22,31,352,496,368,512,-1470.0,-1390.0,-847.0,-767.0,1,456,116736.0,292.0,10.4276,0.0243,1040.2872,62.0,60.0,2.0,0.0,1.0,1.0,0.0,14,7
23,31,368,496,384,512,-1390.0,-1310.0,-847.0,-767.0,1,431,110336.0,281.0,10.1837,0.0247,797.6287,0.0,0.0,0.0,0.0,0.0,0.0,0.0,0,0
24,31,384,496,400,512,-1310.0,-1230.0,-847.0,-767.0,1,425,108800.0,252.0,9.8967,0.0251,613.717,0.0,0.0,0.0,0.0,0.0,0.0,0.0,0,0
25,31,400,496,416,512,-1230.0,-1150.0,-847.0,-767.0,1,426,109056.0,253.0,9.9875,0.0254,588.3993,1411.0,1302.0,109.0,764.0,2.0,2.0,0.0,1564,238
26,31,416,496,432,512,-1150.0,-1070.0,-847.0,-767.0,1,423,108288.0,243.0,9.9329,0.0257,551.8899,1309.0,951.0,358.0,188.0,1.0,1.0,0.0,672,162
27,31,432,496,448,512,-1070.0,-990.0,-847.0,-767.0,1,410,104960.0,241.0,9.7811,0.0261,566.4096,365.0,44.0,321.0,0.0,2.0,1.0,1.0,172,44
28,31,448,496,464,512,-990.0,-910.0,-847.0,-767.0,1,350,89600.0,206.0,9.9601,0.0264,252.9242,508.0,53.0,455.0,8.0,1.0,0.0,1.0,257,74
29,31,464,496,480,512,-910.0,-830.0,-847.0,-767.0,1,401,102656.0,266.0,10.6625,0.0268,474.6354,381.0,48.0,333.0,1.0,1.0,0.0,1.0,197,62
30,31,480,496,496,512,-830.0,-750.0,-847.0,-767.0,1,493,126208.0,280.0,11.7564,0.027,773.1358,578.0,134.0,444.0,26.0,1.0,1.0,0.0,216,71
31,31,496,496,512,512,-750.0,-670.0,-847.0,-767.0,1,486,124416.0,276.0,11.6432,0.0271,702.4995,992.0,467.0,525.0,91.0,6.0,5.0,1.0,745,167
32,31,512,496,528,512,-670.0,-590.0,-847.0,-767.0,1,476,121856.0,283.0,11.5567,0.0271,728.6914,1054.0,543.0,511.0,58.0,8.0,5.0,3.0,810,180
33,31,528,496,544,512,-590.0,-510.0,-847.0,-767.0,1,453,115968.0,277.0,11.2463,0.0271,679.4806,505.0,45.0,460.0,18.0,0.0,0.0,0.0,258,78
34,31,544,496,560,512,-510.0,-430.0,-847.0,-767.0,1,412,105472.0,274.0,10.768,0.0269,509.7042,566.0,28.0,538.0,27.0,0.0,0.0,0.0,266,76
35,31,560,496,576,512,-430.0,-350.0,-847.0,-767.0,1,370,94720.0,238.0,10.1647,0.0267,332.1525,320.0,36.0,284.0,27.0,2.0,0.0,2.0,205,64
36,31,576,496,592,512,-350.0,-270.0,-847.0,-767.0,1,366,93696.0,243.0,10.222,0.0263,346.8407,242.0,27.0,215.0,20.0,0.0,0.0,0.0,188,64
37,31,592,496,608,512,-270.0,-190.0,-847.0,-767.0,1,361,92416.0,268.0,10.4376,0.026,599.646,241.0,33.0,208.0,20.0,0.0,0.0,0.0,173,62
38,31,608,496,624,512,-190.0,-110.0,-847.0,-767.0,1,359,91904.0,264.0,10.4476,0.0256,853.4133,275.0,19.0,256.0,14.0,1.0,0.0,1.0,185,59
39,31,624,496,640,512,-110.0,-30.0,-847.0,-767.0,1,353,90368.0,263.0,10.3483,0.0252,795.677,152.0,13.0,139.0,12.0,0.0,0.0,0.0,123,48
40,31,640,496,656,512,-30.0,50.0,-847.0,-767.0,1,351,89856.0,274.0,10.3779,0.0248,859.36,93.0,11.0,82.0,7.0,0.0,0.0,0.0,86,33
41,31,656,496,672,512,50.0,130.0,-847.0,-767.0,1,344,88064.0,269.0,10.3189,0.0244,815.404,109.0,15.0,94.0,9.0,1.0,1.0,0.0,88,35
42,31,672,496,688,512,130.0,210.0,-847.0,-767.0,1,339,86784.0,278.0,10.2702,0.0241,774.013,79.0,15.0,64.0,5.0,1.0,1.0,0.0,79,32
43,31,688,496,704,512,210.0,290.0,-847.0,-767.0,1,322,82432.0,257.0,10.0893,0.0237,632.9221,60.0,9.0,51.0,2.0,1.0,1.0,0.0,66,25
44,31,704,496,720,512,290.0,370.0,-847.0,-767.0,1,310,79360.0,232.0,9.9238,0.0233,574.3263,195.0,9.0,186.0,15.0,1.0,0.0,1.0,168,59
45,31,720,496,736,512,370.0,450.0,-847.0,-767.0,1,306,78336.0,227.0,9.6854,0.0229,571.0043,804.0,6.0,798.0,47.0,3.0,0.0,3.0,387,81
46,31,736,496,752,512,450.0,530.0,-847.0,-767.0,1,302,77312.0,233.0,9.6085,0.0225,626.7223,647.0,1.0,646.0,23.0,5.0,0.0,5.0,272,48
54,31,864,496,880,512,1090.0,1170.0,-847.0,-767.0,1,133,34048.0,134.0,6.2638,0.0175,48.8834,381.0,29.0,352.0,205.0,0.0,0.0,0.0,487,132
55,31,880,496,896,512,1170.0,1250.0,-847.0,-767.0,1,215,55040.0,156.0,7.181,0.0174,284.0193,443.0,25.0,418.0,232.0,0.0,0.0,0.0,536,144
56,31,896,496,912,512,1250.0,1330.0,-847.0,-767.0,1,288,73728.0,183.0,8.2162,0.0171,659.8862,234.0,11.0,223.0,159.0,0.0,0.0,0.0,328,123
57,31,912,496,928,512,1330.0,1410.0,-847.0,-767.0,1,329,84224.0,196.0,8.6059,0.0167,1217.7915,163.0,16.0,147.0,71.0,0.0,0.0,0.0,184,79
19,32,304,512,320,528,-1710.0,-1630.0,-927.0,-847.0,1,529,135424.0,324.0,11.6557,0.0225,1997.259,170.0,161.0,9.0,16.0,1.0,1.0,0.0,143,47
20,32,320,512,336,528,-1630.0,-1550.0,-927.0,-847.0,1,582,148992.0,321.0,12.2595,0.0231,1976.9399,801.0,768.0,33.0,499.0,1.0,0.0,1.0,1085,240
21,32,336,512,352,528,-1550.0,-1470.0,-927.0,-847.0,1,544,139264.0,313.0,11.5444,0.0237,1589.3888,506.0,433.0,73.0,45.0,0.0,0.0,0.0,524,155
22,32,352,512,368,528,-1470.0,-1390.0,-927.0,-847.0,1,499,127744.0,329.0,10.9411,0.0242,1200.9673,144.0,136.0,8.0,14.0,0.0,0.0,0.0,239,94
23,32,368,512,384,528,-1390.0,-1310.0,-927.0,-847.0,1,454,116224.0,314.0,10.4276,0.0247,874.3127,21.0,21.0,0.0,0.0,1.0,1.0,0.0,12,3
24,32,384,512,400,528,-1310.0,-1230.0,-927.0,-847.0,1,401,102656.0,275.0,9.9057,0.0251,565.9071,326.0,279.0,47.0,133.0,0.0,0.0,0.0,129,47
25,32,400,512,416,528,-1230.0,-1150.0,-927.0,-847.0,1,366,93696.0,244.0,9.3848,0.0254,404.1563,1939.0,1858.0,81.0,859.0,1.0,1.0,0.0,1774,240
26,32,416,512,432,528,-1150.0,-1070.0,-927.0,-847.0,1,314,80384.0,221.0,8.9306,0.0255,243.4773,531.0,488.0,43.0,117.0,0.0,0.0,0.0,410,114
30,32,480,512,496,528,-830.0,-750.0,-927.0,-847.0,1,449,114944.0,227.0,10.368,0.0268,578.3859,910.0,693.0,217.0,217.0,8.0,7.0,1.0,212,60
31,32,496,512,512,528,-750.0,-670.0,-927.0,-847.0,1,457,116992.0,228.0,10.4476,0.0271,569.6255,1688.0,858.0,830.0,79.0,8.0,2.0,6.0,863,173
32,32,512,512,528,528,-670.0,-590.0,-927.0,-847.0,1,463,118528.0,272.0,10.5081,0.0271,712.9198,1580.0,1229.0,351.0,58.0,7.0,2.0,5.0,877,168
33,32,528,512,544,528,-590.0,-510.0,-927.0,-847.0,1,445,113920.0,273.0,10.3189,0.0271,620.8343,132.0,132.0,0.0,0.0,1.0,1.0,0.0,52,14
34,32,544,512,560,528,-510.0,-430.0,-927.0,-847.0,1,387,99072.0,258.0,9.7461,0.0269,408.4307,0.0,0.0,0.0,0.0,0.0,0.0,0.0,0,0
35,32,560,512,576,528,-430.0,-350.0,-927.0,-847.0,1,372,95232.0,236.0,9.3046,0.0265,330.0874,4.0,0.0,4.0,0.0,0.0,0.0,0.0,4,2
36,32,576,512,592,528,-350.0,-270.0,-927.0,-847.0,1,360,92160.0,256.0,10.4276,0.0262,585.472,297.0,4.0,293.0,4.0,3.0,0.0,3.0,109,28
37,32,592,512,608,528,-270.0,-190.0,-927.0,-847.0,1,358,91648.0,249.0,10.2993,0.0257,750.6181,231.0,27.0,204.0,3.0,0.0,0.0,0.0,152,26
38,32,608,512,624,528,-190.0,-110.0,-927.0,-847.0,1,357,91392.0,251.0,10.2605,0.0253,740.2678,126.0,0.0,126.0,3.0,0.0,0.0,0.0,104,29
39,32,624,512,640,528,-110.0,-30.0,-927.0,-847.0,1,361,92416.0,251.0,10.2702,0.0249,890.2884,134.0,5.0,129.0,1.0,2.0,0.0,2.0,82,26
40,32,640,512,656,528,-30.0,50.0,-927.0,-847.0,1,362,92672.0,257.0,10.3878,0.0246,958.7247,95.0,0.0,95.0,4.0,0.0,0.0,0.0,54,22
41,32,656,512,672,528,50.0,130.0,-927.0,-847.0,1,358,91648.0,267.0,10.3483,0.0242,994.5236,39.0,0.0,39.0,1.0,0.0,0.0,0.0,42,18
42,32,672,512,688,528,130.0,210.0,-927.0,-847.0,1,345,88320.0,269.0,10.2702,0.0239,835.4705,433.0,7.0,426.0,24.0,3.0,1.0,2.0,215,41
43,32,688,512,704,528,210.0,290.0,-927.0,-847.0,1,337,86272.0,271.0,10.2509,0.0235,755.8349,137.0,4.0,133.0,27.0,0.0,0.0,0.0,130,45
44,32,704,512,720,528,290.0,370.0,-927.0,-847.0,1,333,85248.0,274.0,10.2124,0.0232,745.3439,113.0,4.0,109.0,30.0,2.0,0.0,2.0,110,44
45,32,720,512,736,528,370.0,450.0,-927.0,-847.0,1,322,82432.0,258.0,10.1081,0.0229,689.6103,48.0,2.0,46.0,1.0,1.0,0.0,1.0,44,16
46,32,736,512,752,528,450.0,530.0,-927.0,-847.0,1,339,86784.0,260.0,10.2028,0.0226,1277.7967,42.0,0.0,42.0,1.0,0.0,0.0,0.0,34,12
54,32,864,512,880,528,1090.0,1170.0,-927.0,-847.0,1,176,45056.0,142.0,6.5739,0.018,132.835,514.0,32.0,482.0,239.0,0.0,0.0,0.0,593,143
55,32,880,512,896,528,1170.0,1250.0,-927.0,-847.0,1,318,81408.0,192.0,8.4917,0.0178,735.1521,486.0,21.0,465.0,234.0,0.0,0.0,0.0,481,132
56,32,896,512,912,528,1250.0,1330.0,-927.0,-847.0,1,341,87296.0,196.0,8.6952,0.0173,938.2706,269.0,6.0,263.0,163.0,0.0,0.0,0.0,316,115
57,32,912,512,928,528,1330.0,1410.0,-927.0,-847.0,1,348,89088.0,200.0,8.7511,0.0169,1423.2688,189.0,14.0,175.0,83.0,0.0,0.0,0.0,202,80
19,33,304,528,320,544,-1710.0,-1630.0,-1007.0,-927.0,1,500,128000.0,321.0,11.4233,0.0224,1886.7445,175.0,170.0,5.0,32.0,0.0,0.0,0.0,164,59
20,33,320,528,336,544,-1630.0,-1550.0,-1007.0,-927.0,1,565,144640.0,337.0,12.2319,0.023,2128.3053,715.0,713.0,2.0,498.0,0.0,0.0,0.0,1048,242
21,33,336,528,352,544,-1550.0,-1470.0,-1007.0,-927.0,1,555,142080.0,335.0,11.9894,0.0236,1717.8882,639.0,623.0,16.0,454.0,0.0,0.0,0.0,907,223
22,33,352,528,368,544,-1470.0,-1390.0,-1007.0,-927.0,1,514,131584.0,340.0,11.2696,0.0241,1166.1202,1186.0,1152.0,34.0,621.0,0.0,0.0,0.0,1468,242
23,33,368,528,384,544,-1390.0,-1310.0,-1007.0,-927.0,1,454,116224.0,323.0,10.4576,0.0246,710.9975,3303.0,3206.0,97.0,1754.0,2.0,0.0,2.0,1636,242
24,33,384,528,400,544,-1310.0,-1230.0,-1007.0,-927.0,1,384,98304.0,300.0,9.7636,0.0249,406.8028,2589.0,2463.0,126.0,962.0,3.0,3.0,0.0,1931,241
25,33,400,528,416,544,-1230.0,-1150.0,-1007.0,-927.0,1,319,81664.0,215.0,8.5787,0.0252,175.0342,1373.0,1279.0,94.0,436.0,0.0,0.0,0.0,1413,230
26,33,416,528,432,544,-1150.0,-1070.0,-1007.0,-927.0,1,284,72704.0,190.0,8.2912,0.0253,148.1765,227.0,220.0,7.0,88.0,0.0,0.0,0.0,119,50
30,33,480,528,496,544,-830.0,-750.0,-1007.0,-927.0,1,444,113664.0,222.0,10.3287,0.0266,648.3416,1066.0,848.0,218.0,84.0,7.0,5.0,2.0,441,101
31,33,496,528,512,544,-750.0,-670.0,-1007.0,-927.0,1,456,116736.0,228.0,10.4476,0.0269,592.1565,1056.0,415.0,641.0,33.0,9.0,4.0,5.0,677,169
32,33,512,528,528,544,-670.0,-590.0,-1007.0,-927.0,1,448,114688.0,228.0,10.368,0.027,549.5187,976.0,816.0,160.0,40.0,4.0,1.0,3.0,655,161
33,33,528,528,544,544,-590.0,-510.0,-1007.0,-927.0,1,425,108800.0,227.0,10.1269,0.027,493.7604,1521.0,1361.0,160.0,65.0,3.0,2.0,1.0,217,56
34,33,544,528,560,544,-510.0,-430.0,-1007.0,-927.0,1,346,88576.0,186.0,9.0947,0.0267,243.8625,0.0,0.0,0.0,0.0,0.0,0.0,0.0,0,0
35,33,560,528,576,544,-430.0,-350.0,-1007.0,-927.0,1,321,82176.0,171.0,8.8435,0.0262,297.302,224.0,0.0,224.0,0.0,0.0,0.0,0.0,30,7
36,33,576,528,592,544,-350.0,-270.0,-1007.0,-927.0,1,331,84736.0,204.0,9.9148,0.0258,538.2821,325.0,0.0,325.0,6.0,2.0,0.0,2.0,98,18
37,33,592,528,608,544,-270.0,-190.0,-1007.0,-927.0,1,337,86272.0,226.0,10.0428,0.0254,838.1811,118.0,0.0,118.0,0.0,0.0,0.0,0.0,84,14
38,33,608,528,624,544,-190.0,-110.0,-1007.0,-927.0,1,343,87808.0,231.0,10.08,0.025,885.1918,37.0,0.0,37.0,0.0,0.0,0.0,0.0,32,11
39,33,624,528,640,544,-110.0,-30.0,-1007.0,-927.0,1,351,89856.0,240.0,10.1081,0.0246,1029.0012,10.0,0.0,10.0,0.0,0.0,0.0,0.0,16,5
40,33,640,528,656,544,-30.0,50.0,-1007.0,-927.0,1,352,90112.0,243.0,10.1175,0.0242,1081.8973,0.0,0.0,0.0,0.0,0.0,0.0,0.0,0,0
41,33,656,528,672,544,50.0,130.0,-1007.0,-927.0,1,351,89856.0,244.0,9.7461,0.0239,1078.3201,0.0,0.0,0.0,0.0,0.0,0.0,0.0,0,0
42,33,672,528,688,544,130.0,210.0,-1007.0,-927.0,1,343,87808.0,248.0,9.4664,0.0236,872.0742,1200.0,98.0,1102.0,124.0,0.0,0.0,0.0,173,34
43,33,688,528,704,544,210.0,290.0,-1007.0,-927.0,1,332,84992.0,255.0,10.0336,0.0233,732.5049,36.0,0.0,36.0,10.0,0.0,0.0,0.0,38,17
44,33,704,528,720,544,290.0,370.0,-1007.0,-927.0,1,327,83712.0,264.0,10.0521,0.023,720.513,2.0,0.0,2.0,1.0,0.0,0.0,0.0,4,2
45,33,720,528,736,544,370.0,450.0,-1007.0,-927.0,1,329,84224.0,276.0,10.1742,0.0228,791.9782,0.0,0.0,0.0,0.0,0.0,0.0,0.0,0,0
46,33,736,528,752,544,450.0,530.0,-1007.0,-927.0,1,349,89344.0,290.0,10.4376,0.0226,1175.3255,0.0,0.0,0.0,0.0,0.0,0.0,0.0,0,0
54,33,864,528,880,544,1090.0,1170.0,-1007.0,-927.0,1,343,87808.0,193.0,8.6883,0.0184,778.3577,683.0,43.0,640.0,314.0,0.0,0.0,0.0,740,156
55,33,880,528,896,544,1170.0,1250.0,-1007.0,-927.0,1,358,91648.0,200.0,8.8796,0.018,929.126,374.0,19.0,355.0,145.0,0.0,0.0,0.0,359,112
56,33,896,528,912,544,1250.0,1330.0,-1007.0,-927.0,1,364,93184.0,201.0,8.9379,0.0175,1070.9933,218.0,7.0,211.0,162.0,0.0,0.0,0.0,300,115
57,33,912,528,928,544,1330.0,1410.0,-1007.0,-927.0,1,356,91136.0,201.0,8.8796,0.017,1308.5903,206.0,15.0,191.0,70.0,0.0,0.0,0.0,220,86
19,34,304,544,320,560,-1710.0,-1630.0,-1087.0,-1007.0,1,481,123136.0,323.0,11.2,0.0222,1735.489,152.0,146.0,6.0,57.0,0.0,0.0,0.0,176,74
20,34,320,544,336,560,-1630.0,-1550.0,-1087.0,-1007.0,1,545,139520.0,338.0,11.9894,0.0228,2118.2973,994.0,987.0,7.0,736.0,0.0,0.0,0.0,1456,244
21,34,336,544,352,560,-1550.0,-1470.0,-1087.0,-1007.0,1,578,147968.0,360.0,12.4701,0.0234,2040.7327,539.0,526.0,13.0,339.0,0.0,0.0,0.0,703,210
22,34,352,544,368,560,-1470.0,-1390.0,-1087.0,-1007.0,1,535,136960.0,345.0,11.8718,0.0239,1398.7683,168.0,151.0,17.0,23.0,0.0,0.0,0.0,142,59
23,34,368,544,384,560,-1390.0,-1310.0,-1087.0,-1007.0,1,482,123392.0,317.0,10.6729,0.0243,748.8462,155.0,154.0,1.0,1.0,0.0,0.0,0.0,44,11
24,34,384,544,400,560,-1310.0,-1230.0,-1087.0,-1007.0,1,413,105728.0,290.0,9.6425,0.0247,368.0688,1532.0,1380.0,152.0,153.0,5.0,1.0,4.0,1043,191
25,34,400,544,416,560,-1230.0,-1150.0,-1087.0,-1007.0,1,344,88064.0,254.0,9.0045,0.025,237.7321,704.0,655.0,49.0,121.0,0.0,0.0,0.0,675,168
26,34,416,544,432,560,-1150.0,-1070.0,-1087.0,-1007.0,1,283,72448.0,205.0,8.2849,0.025,149.8233,52.0,51.0,1.0,3.0,0.0,0.0,0.0,34,8
30,34,480,544,496,560,-830.0,-750.0,-1087.0,-1007.0,1,396,101376.0,214.0,9.9057,0.0264,627.8515,766.0,218.0,548.0,48.0,7.0,2.0,5.0,362,104
31,34,496,544,512,560,-750.0,-670.0,-1087.0,-1007.0,1,441,112896.0,226.0,10.2896,0.0267,580.3909,606.0,379.0,227.0,49.0,2.0,1.0,1.0,631,161
32,34,512,544,528,560,-670.0,-590.0,-1087.0,-1007.0,1,433,110848.0,232.0,10.222,0.0268,523.2281,550.0,491.0,59.0,46.0,3.0,3.0,0.0,488,131
33,34,528,544,544,560,-590.0,-510.0,-1087.0,-1007.0,1,395,101120.0,240.0,9.852,0.0268,452.3783,1368.0,1250.0,118.0,23.0,5.0,5.0,0.0,375,85
47,34,752,544,768,560,530.0,610.0,-1087.0,-1007.0,1,257,65792.0,226.0,9.3606,0.0222,812.4117,0.0,0.0,0.0,0.0,0.0,0.0,0.0,0,0
48,34,768,544,784,560,610.0,690.0,-1087.0,-1007.0,1,252,64512.0,177.0,8.1242,0.0217,448.1088,0.0,0.0,0.0,0.0,0.0,0.0,0.0,0,0
49,34,784,544,800,560,690.0,770.0,-1087.0,-1007.0,1,230,58880.0,170.0,8.1546,0.0212,296.6333,267.0,152.0,115.0,3.0,0.0,0.0,0.0,48,22
50,34,800,544,816,560,770.0,850.0,-1087.0,-1007.0,1,255,65280.0,199.0,9.0419,0.0207,1001.5351,358.0,23.0,335.0,63.0,0.0,0.0,0.0,219,66
51,34,816,544,832,560,850.0,930.0,-1087.0,-1007.0,1,265,67840.0,177.0,8.9896,0.0201,627.3165,1151.0,33.0,1118.0,151.0,2.0,1.0,1.0,342,96
52,34,832,544,848,560,930.0,1010.0,-1087.0,-1007.0,1,277,70912.0,156.0,8.2912,0.0196,140.1583,642.0,43.0,599.0,188.0,0.0,0.0,0.0,568,136
53,34,848,544,864,560,1010.0,1090.0,-1087.0,-1007.0,1,307,78592.0,169.0,8.5855,0.0191,222.3551,781.0,45.0,736.0,308.0,0.0,0.0,0.0,750,152
54,34,864,544,880,560,1090.0,1170.0,-1087.0,-1007.0,1,378,96768.0,206.0,9.3606,0.0186,1147.7131,673.0,29.0,644.0,297.0,0.0,0.0,0.0,648,142
55,34,880,544,896,560,1170.0,1250.0,-1087.0,-1007.0,1,374,95744.0,209.0,9.3365,0.0181,1208.0354,243.0,5.0,238.0,116.0,0.0,0.0,0.0,268,94
56,34,896,544,912,560,1250.0,1330.0,-1087.0,-1007.0,1,376,96256.0,210.0,9.3365,0.0176,1363.978,187.0,2.0,185.0,146.0,0.0,0.0,0.0,282,113
57,34,912,544,928,560,1330.0,1410.0,-1087.0,-1007.0,1,368,94208.0,209.0,9.2336,0.0171,1476.4702,209.0,19.0,190.0,78.0,1.0,0.0,1.0,228,87
19,35,304,560,320,576,-1710.0,-1630.0,-1167.0,-1087.0,1,450,115200.0,325.0,10.843,0.022,1402.0904,201.0,178.0,23.0,129.0,0.0,0.0,0.0,266,110
20,35,320,560,336,576,-1630.0,-1550.0,-1167.0,-1087.0,1,501,128256.0,328.0,11.4353,0.0226,1738.2945,1293.0,1283.0,10.0,934.0,0.0,0.0,0.0,1679,245
21,35,336,560,352,576,-1550.0,-1470.0,-1167.0,-1087.0,1,552,141312.0,333.0,11.8588,0.0231,1861.9708,287.0,281.0,6.0,121.0,0.0,0.0,0.0,340,113
22,35,352,560,368,576,-1470.0,-1390.0,-1167.0,-1087.0,1,570,145920.0,330.0,12.096,0.0236,1719.2173,26.0,12.0,14.0,2.0,1.0,0.0,1.0,19,8
23,35,368,560,384,576,-1390.0,-1310.0,-1167.0,-1087.0,1,554,141824.0,325.0,11.8847,0.0241,1460.4916,395.0,297.0,98.0,10.0,1.0,1.0,0.0,83,19
24,35,384,560,400,576,-1310.0,-1230.0,-1167.0,-1087.0,1,493,126208.0,317.0,11.0747,0.0244,902.4378,1525.0,1112.0,413.0,96.0,4.0,4.0,0.0,929,182
25,35,400,560,416,576,-1230.0,-1150.0,-1167.0,-1087.0,1,406,103936.0,279.0,9.6596,0.0247,388.0822,913.0,856.0,57.0,123.0,0.0,0.0,0.0,838,180
26,35,416,560,432,576,-1150.0,-1070.0,-1167.0,-1087.0,1,278,71168.0,204.0,8.2348,0.0248,148.5455,107.0,88.0,19.0,2.0,2.0,0.0,2.0,51,22
30,35,480,560,496,576,-830.0,-750.0,-1167.0,-1087.0,1,374,95744.0,216.0,9.7724,0.0261,600.0745,522.0,353.0,169.0,18.0,2.0,0.0,2.0,187,60
31,35,496,560,512,576,-750.0,-670.0,-1167.0,-1087.0,1,426,109056.0,236.0,10.2316,0.0264,577.5131,779.0,497.0,282.0,86.0,2.0,1.0,1.0,760,179
32,35,512,560,528,576,-670.0,-590.0,-1167.0,-1087.0,1,413,105728.0,261.0,10.0521,0.0265,610.7204,721.0,642.0,79.0,54.0,4.0,2.0,2.0,586,141
33,35,528,560,544,576,-590.0,-510.0,-1167.0,-1087.0,1,347,88832.0,226.0,9.0494,0.0264,244.5558,782.0,715.0,67.0,48.0,3.0,3.0,0.0,450,96
47,35,752,560,768,576,530.0,610.0,-1167.0,-1087.0,1,191,48896.0,144.0,6.7998,0.0218,265.4946,123.0,0.0,123.0,0.0,0.0,0.0,0.0,14,4
48,35,768,560,784,576,610.0,690.0,-1167.0,-1087.0,1,222,56832.0,145.0,7.0326,0.0217,292.7945,12.0,0.0,12.0,1.0,0.0,0.0,0.0,12,4
49,35,784,560,800,576,690.0,770.0,-1167.0,-1087.0,1,289,73984.0,238.0,9.6425,0.0212,702.8834,314.0,29.0,285.0,100.0,0.0,0.0,0.0,378,108
50,35,800,560,816,576,770.0,850.0,-1167.0,-1087.0,1,302,77312.0,206.0,8.7935,0.0207,358.8394,1074.0,38.0,1036.0,379.0,0.0,0.0,0.0,843,142
51,35,816,560,832,576,850.0,930.0,-1167.0,-1087.0,1,317,81152.0,209.0,8.8652,0.0202,313.9132,877.0,66.0,811.0,331.0,1.0,0.0,1.0,803,141
52,35,832,560,848,576,930.0,1010.0,-1167.0,-1087.0,1,336,86016.0,209.0,9.0269,0.0197,297.4697,451.0,25.0,426.0,212.0,0.0,0.0,0.0,530,126
53,35,848,560,864,576,1010.0,1090.0,-1167.0,-1087.0,1,362,92672.0,237.0,9.3848,0.0192,767.3525,236.0,4.0,232.0,89.0,0.0,0.0,0.0,250,73
54,35,864,560,880,576,1090.0,1170.0,-1167.0,-1087.0,1,401,102656.0,242.0,9.8609,0.0186,2023.8745,217.0,1.0,216.0,76.0,0.0,0.0,0.0,192,55
55,35,880,560,896,576,1170.0,1250.0,-1167.0,-1087.0,1,395,101120.0,232.0,9.7811,0.0181,1689.2523,1513.0,4.0,1509.0,456.0,0.0,0.0,0.0,267,88
56,35,896,560,912,576,1250.0,1330.0,-1167.0,-1087.0,1,391,100096.0,250.0,10.6105,0.0176,2525.213,223.0,0.0,223.0,154.0,0.0,0.0,0.0,304,120
57,35,912,560,928,576,1330.0,1410.0,-1167.0,-1087.0,1,384,98304.0,252.0,10.5284,0.0171,2967.8928,317.0,20.0,297.0,76.0,0.0,0.0,0.0,232,87
19,36,304,576,320,592,-1710.0,-1630.0,-1247.0,-1167.0,1,419,107264.0,303.0,10.3189,0.0217,1045.0578,304.0,294.0,10.0,234.0,1.0,0.0,1.0,491,189
20,36,320,576,336,592,-1630.0,-1550.0,-1247.0,-1167.0,1,489,125184.0,327.0,11.0973,0.0223,1507.0039,1023.0,1016.0,7.0,768.0,0.0,0.0,0.0,1580,246
21,36,336,576,352,592,-1550.0,-1470.0,-1247.0,-1167.0,1,531,135936.0,326.0,11.5936,0.0228,1773.0824,145.0,144.0,1.0,49.0,0.0,0.0,0.0,188,78
22,36,352,576,368,592,-1470.0,-1390.0,-1247.0,-1167.0,1,550,140800.0,328.0,11.8331,0.0233,1717.5883,57.0,48.0,9.0,0.0,0.0,0.0,0.0,9,3
23,36,368,576,384,592,-1390.0,-1310.0,-1247.0,-1167.0,1,564,144384.0,326.0,12.0159,0.0238,1675.5742,118.0,91.0,27.0,21.0,0.0,0.0,0.0,33,9
24,36,384,576,400,592,-1310.0,-1230.0,-1247.0,-1167.0,1,550,140800.0,314.0,11.8331,0.0242,1433.6629,658.0,561.0,97.0,24.0,2.0,2.0,0.0,525,128
25,36,400,576,416,592,-1230.0,-1150.0,-1247.0,-1167.0,1,522,133632.0,305.0,11.4836,0.0245,1148.5543,1262.0,1166.0,96.0,169.0,2.0,1.0,1.0,1225,208
26,36,416,576,432,592,-1150.0,-1070.0,-1247.0,-1167.0,1,425,108800.0,292.0,10.3581,0.0248,667.1728,71.0,53.0,18.0,0.0,0.0,0.0,0.0,19,7
30,36,480,576,496,592,-830.0,-750.0,-1247.0,-1167.0,1,390,99840.0,263.0,10.1647,0.0259,761.3598,1609.0,655.0,954.0,36.0,11.0,3.0,8.0,315,81
31,36,496,576,512,592,-750.0,-670.0,-1247.0,-1167.0,1,429,109824.0,271.0,10.4077,0.0261,799.7047,1114.0,665.0,449.0,110.0,7.0,3.0,4.0,913,185
32,36,512,576,528,592,-670.0,-590.0,-1247.0,-1167.0,1,395,101120.0,243.0,9.8967,0.0262,402.8758,928.0,853.0,75.0,96.0,3.0,3.0,0.0,833,164
33,36,528,576,544,592,-590.0,-510.0,-1247.0,-1167.0,1,356,91136.0,221.0,9.1252,0.026,220.3509,1094.0,975.0,119.0,35.0,6.0,6.0,0.0,309,84
47,36,752,576,768,592,530.0,610.0,-1247.0,-1167.0,1,193,49408.0,159.0,7.3458,0.0216,356.5149,174.0,42.0,132.0,5.0,1.0,0.0,1.0,42,16
48,36,768,576,784,592,610.0,690.0,-1247.0,-1167.0,1,238,60928.0,146.0,7.6936,0.0215,194.8455,298.0,32.0,266.0,83.0,0.0,0.0,0.0,282,82
49,36,784,576,800,592,690.0,770.0,-1247.0,-1167.0,1,288,73728.0,175.0,8.1668,0.0212,304.8486,1109.0,54.0,1055.0,439.0,1.0,0.0,1.0,970,160
50,36,800,576,816,592,770.0,850.0,-1247.0,-1167.0,1,341,87296.0,223.0,10.1175,0.0207,592.983,737.0,10.0,727.0,177.0,0.0,0.0,0.0,458,113
51,36,816,576,832,592,850.0,930.0,-1247.0,-1167.0,1,380,97280.0,271.0,10.5386,0.0202,784.9684,1300.0,24.0,1276.0,261.0,1.0,1.0,0.0,448,79
52,36,832,576,848,592,930.0,1010.0,-1247.0,-1167.0,1,386,98816.0,244.0,9.5579,0.0197,622.4697,1840.0,38.0,1802.0,486.0,0.0,0.0,0.0,280,77
53,36,848,576,864,592,1010.0,1090.0,-1247.0,-1167.0,1,404,103424.0,262.0,9.8788,0.0191,1112.7387,418.0,0.0,418.0,180.0,0.0,0.0,0.0,218,64
54,36,864,576,880,592,1090.0,1170.0,-1247.0,-1167.0,1,419,107264.0,258.0,10.0151,0.0186,1990.7305,194.0,0.0,194.0,64.0,0.0,0.0,0.0,167,50
55,36,880,576,896,592,1170.0,1250.0,-1247.0,-1167.0,1,409,104704.0,259.0,9.9784,0.0181,2189.0354,498.0,1.0,497.0,287.0,0.0,0.0,0.0,258,78
56,36,896,576,912,592,1250.0,1330.0,-1247.0,-1167.0,1,390,99840.0,242.0,9.7724,0.0176,1843.1964,241.0,3.0,238.0,168.0,0.0,0.0,0.0,334,128
57,36,912,576,928,592,1330.0,1410.0,-1247.0,-1167.0,1,378,96768.0,250.0,9.694,0.0171,2219.4344,283.0,20.0,263.0,59.0,0.0,0.0,0.0,228,78
19,37,304,592,320,608,-1710.0,-1630.0,-1327.0,-1247.0,1,397,101632.0,304.0,10.1081,0.0214,936.7467,530.0,521.0,9.0,414.0,0.0,0.0,0.0,758,233
20,37,320,592,336,608,-1630.0,-1550.0,-1327.0,-1247.0,1,451,115456.0,319.0,10.6416,0.022,1234.9702,797.0,794.0,3.0,589.0,0.0,0.0,0.0,1292,243
21,37,336,592,352,608,-1550.0,-1470.0,-1327.0,-1247.0,1,498,127488.0,326.0,11.177,0.0225,1512.3696,105.0,105.0,0.0,31.0,0.0,0.0,0.0,140,61
22,37,352,592,368,608,-1470.0,-1390.0,-1327.0,-1247.0,1,535,136960.0,324.0,11.6432,0.023,1727.118,0.0,0.0,0.0,0.0,0.0,0.0,0.0,0,0
23,37,368,592,384,608,-1390.0,-1310.0,-1327.0,-1247.0,1,543,139008.0,329.0,11.7437,0.0235,1679.4172,0.0,0.0,0.0,0.0,0.0,0.0,0.0,0,0
24,37,384,592,400,608,-1310.0,-1230.0,-1327.0,-1247.0,1,547,140032.0,313.0,11.7946,0.0239,1563.4089,477.0,404.0,73.0,5.0,11.0,9.0,2.0,344,102
25,37,400,592,416,608,-1230.0,-1150.0,-1327.0,-1247.0,1,534,136704.0,309.0,11.6308,0.0243,1374.9191,1186.0,1091.0,95.0,188.0,8.0,8.0,0.0,1037,198
26,37,416,592,432,608,-1150.0,-1070.0,-1327.0,-1247.0,1,494,126464.0,298.0,11.1541,0.0247,1055.3109,270.0,226.0,44.0,27.0,0.0,0.0,0.0,322,108
27,37,432,592,448,608,-1070.0,-990.0,-1327.0,-1247.0,1,410,104960.0,234.0,10.2316,0.025,613.2749,753.0,730.0,23.0,2.0,2.0,2.0,0.0,273,56
28,37,448,592,464,608,-990.0,-910.0,-1327.0,-1247.0,1,303,77568.0,168.0,8.4851,0.0252,161.7836,0.0,0.0,0.0,0.0,0.0,0.0,0.0,0,0
29,37,464,592,480,608,-910.0,-830.0,-1327.0,-1247.0,1,394,100864.0,233.0,9.7899,0.0256,924.1656,682.0,417.0,265.0,33.0,2.0,1.0,1.0,324,75
30,37,480,592,496,608,-830.0,-750.0,-1327.0,-1247.0,1,436,111616.0,271.0,10.7255,0.0258,882.6808,1924.0,1664.0,260.0,156.0,4.0,2.0,2.0,1228,139
31,37,496,592,512,608,-750.0,-670.0,-1327.0,-1247.0,1,432,110592.0,277.0,10.6209,0.0259,682.1118,2482.0,2221.0,261.0,299.0,8.0,4.0,4.0,1491,209
32,37,512,592,528,608,-670.0,-590.0,-1327.0,-1247.0,1,412,105472.0,240.0,9.7987,0.0258,340.3369,1625.0,1449.0,176.0,177.0,9.0,5.0,4.0,1208,190
33,37,528,592,544,608,-590.0,-510.0,-1327.0,-1247.0,1,371,94976.0,220.0,9.2729,0.0256,196.8461,907.0,796.0,111.0,44.0,2.0,0.0,2.0,718,132
34,37,544,592,560,608,-510.0,-430.0,-1327.0,-1247.0,1,222,56832.0,201.0,8.173,0.0252,89.4394,815.0,735.0,80.0,15.0,1.0,0.0,1.0,319,61
47,37,752,592,768,608,530.0,610.0,-1327.0,-1247.0,1,209,53504.0,150.0,7.3856,0.0214,347.2267,320.0,31.0,289.0,92.0,0.0,0.0,0.0,182,54
48,37,768,592,784,608,610.0,690.0,-1327.0,-1247.0,1,292,74752.0,177.0,8.2535,0.0213,180.6991,722.0,38.0,684.0,249.0,0.0,0.0,0.0,670,133
49,37,784,592,800,608,690.0,770.0,-1327.0,-1247.0,1,344,88064.0,183.0,8.5923,0.021,261.5587,441.0,19.0,422.0,156.0,1.0,0.0,1.0,513,126
50,37,800,592,816,608,770.0,850.0,-1327.0,-1247.0,1,369,94464.0,192.0,8.7935,0.0206,396.6667,504.0,2.0,502.0,86.0,0.0,0.0,0.0,242,56
51,37,816,592,832,608,850.0,930.0,-1327.0,-1247.0,1,384,98304.0,205.0,8.9233,0.0201,412.3337,381.0,50.0,331.0,76.0,0.0,0.0,0.0,251,46
52,37,832,592,848,608,930.0,1010.0,-1327.0,-1247.0,1,423,108288.0,299.0,11.1655,0.0196,1360.8759,129.0,6.0,123.0,57.0,0.0,0.0,0.0,125,44
53,37,848,592,864,608,1010.0,1090.0,-1327.0,-1247.0,1,445,113920.0,303.0,11.569,0.019,2043.3417,237.0,0.0,237.0,70.0,0.0,0.0,0.0,189,59
54,37,864,592,880,608,1090.0,1170.0,-1327.0,-1247.0,1,446,114176.0,278.0,10.3581,0.0185,2534.7343,284.0,0.0,284.0,119.0,0.0,0.0,0.0,189,63
55,37,880,592,896,608,1170.0,1250.0,-1327.0,-1247.0,1,415,106240.0,267.0,10.0428,0.018,2186.1202,136.0,0.0,136.0,55.0,0.0,0.0,0.0,156,55
56,37,896,592,912,608,1250.0,1330.0,-1327.0,-1247.0,1,390,99840.0,262.0,9.7987,0.0175,2113.8823,318.0,9.0,309.0,182.0,0.0,0.0,0.0,396,136
57,37,912,592,928,608,1330.0,1410.0,-1327.0,-1247.0,1,358,91648.0,257.0,9.6768,0.017,1970.9388,263.0,20.0,243.0,41.0,1.0,1.0,0.0,204,63
19,38,304,608,320,624,-1710.0,-1630.0,-1407.0,-1327.0,1,384,98304.0,302.0,9.9692,0.0211,854.9074,668.0,657.0,11.0,539.0,0.0,0.0,0.0,918,237
20,38,320,608,336,624,-1630.0,-1550.0,-1407.0,-1327.0,1,425,108800.0,309.0,10.3581,0.0217,1051.8996,790.0,786.0,4.0,595.0,0.0,0.0,0.0,1146,239
21,38,336,608,352,624,-1550.0,-1470.0,-1407.0,-1327.0,1,467,119552.0,316.0,10.8,0.0222,1280.4462,92.0,92.0,0.0,16.0,0.0,0.0,0.0,116,51
22,38,352,608,368,624,-1470.0,-1390.0,-1407.0,-1327.0,1,490,125440.0,320.0,11.0634,0.0227,1436.9608,0.0,0.0,0.0,0.0,0.0,0.0,0.0,0,0
23,38,368,608,384,624,-1390.0,-1310.0,-1407.0,-1327.0,1,506,129536.0,325.0,11.2579,0.0231,1493.9513,0.0,0.0,0.0,0.0,0.0,0.0,0.0,0,0
24,38,384,608,400,624,-1310.0,-1230.0,-1407.0,-1327.0,1,525,134400.0,317.0,11.52,0.0236,1576.2018,355.0,309.0,46.0,1.0,3.0,2.0,1.0,258,76
25,38,400,608,416,624,-1230.0,-1150.0,-1407.0,-1327.0,1,526,134656.0,310.0,11.5322,0.024,1518.219,530.0,376.0,154.0,25.0,3.0,1.0,2.0,449,124
26,38,416,608,432,624,-1150.0,-1070.0,-1407.0,-1327.0,1,495,126720.0,304.0,11.1655,0.0244,1208.684,785.0,661.0,124.0,125.0,0.0,0.0,0.0,866,182
27,38,432,608,448,624,-1070.0,-990.0,-1407.0,-1327.0,1,450,115200.0,288.0,10.8647,0.0248,1071.9635,858.0,759.0,99.0,114.0,6.0,6.0,0.0,923,179
28,38,448,608,464,624,-990.0,-910.0,-1407.0,-1327.0,1,491,125696.0,295.0,11.3164,0.025,1593.778,636.0,558.0,78.0,109.0,2.0,2.0,0.0,685,165
29,38,464,608,480,624,-910.0,-830.0,-1407.0,-1327.0,1,441,112896.0,263.0,10.6209,0.0253,976.318,1781.0,1537.0,244.0,142.0,6.0,6.0,0.0,1233,188
30,38,480,608,496,624,-830.0,-750.0,-1407.0,-1327.0,1,448,114688.0,270.0,10.8538,0.0255,690.8743,1974.0,1826.0,148.0,194.0,6.0,4.0,2.0,1509,190
31,38,496,608,512,624,-750.0,-670.0,-1407.0,-1327.0,1,453,115968.0,251.0,10.7044,0.0256,458.5221,1299.0,1196.0,103.0,237.0,6.0,6.0,0.0,1276,195
32,38,512,608,528,624,-670.0,-590.0,-1407.0,-1327.0,1,454,116224.0,247.0,10.7044,0.0256,430.8916,1227.0,1165.0,62.0,163.0,9.0,8.0,1.0,962,177
33,38,528,608,544,624,-590.0,-510.0,-1407.0,-1327.0,1,412,105472.0,235.0,10.0059,0.0255,301.9643,2106.0,1770.0,336.0,239.0,5.0,2.0,3.0,1530,178
34,38,544,608,560,624,-510.0,-430.0,-1407.0,-1327.0,1,327,83712.0,210.0,8.9014,0.0251,140.7652,2117.0,1509.0,608.0,32.0,8.0,5.0,3.0,1102,133
47,38,752,608,768,624,530.0,610.0,-1407.0,-1327.0,1,337,86272.0,182.0,8.96,0.0212,597.3382,1206.0,74.0,1132.0,235.0,0.0,0.0,0.0,317,82
48,38,768,608,784,624,610.0,690.0,-1407.0,-1327.0,1,378,96768.0,196.0,8.9674,0.021,368.704,743.0,25.0,718.0,243.0,0.0,0.0,0.0,742,140
49,38,784,608,800,624,690.0,770.0,-1407.0,-1327.0,1,391,100096.0,190.0,8.9526,0.0207,259.619,297.0,10.0,287.0,127.0,0.0,0.0,0.0,261,83
50,38,800,608,816,624,770.0,850.0,-1407.0,-1327.0,1,401,102656.0,196.0,9.0344,0.0203,320.2792,229.0,0.0,229.0,94.0,0.0,0.0,0.0,150,42
51,38,816,608,832,624,850.0,930.0,-1407.0,-1327.0,1,417,106752.0,212.0,9.2571,0.0199,574.8144,6.0,0.0,6.0,5.0,0.0,0.0,0.0,4,1
52,38,832,608,848,624,930.0,1010.0,-1407.0,-1327.0,1,429,109824.0,231.0,9.4173,0.0194,675.1264,21.0,5.0,16.0,3.0,1.0,0.0,1.0,12,5
53,38,848,608,864,624,1010.0,1090.0,-1407.0,-1327.0,1,444,113664.0,250.0,9.72,0.0189,1470.8087,81.0,8.0,73.0,3.0,0.0,0.0,0.0,37,15
54,38,864,608,880,624,1090.0,1170.0,-1407.0,-1327.0,1,455,116480.0,319.0,11.6932,0.0184,3999.6939,149.0,45.0,104.0,3.0,0.0,0.0,0.0,39,16
55,38,880,608,896,624,1170.0,1250.0,-1407.0,-1327.0,1,393,100608.0,269.0,10.0336,0.0179,1999.8175,157.0,64.0,93.0,8.0,0.0,0.0,0.0,56,24
56,38,896,608,912,624,1250.0,1330.0,-1407.0,-1327.0,1,336,86016.0,278.0,9.5411,0.0173,2126.293,538.0,37.0,501.0,255.0,0.0,0.0,0.0,498,151
57,38,912,608,928,624,1330.0,1410.0,-1407.0,-1327.0,1,281,71936.0,240.0,8.8078,0.0169,1633.1685,149.0,12.0,137.0,20.0,0.0,0.0,0.0,114,40
19,39,304,624,320,640,-1710.0,-1630.0,-1487.0,-1407.0,1,362,92672.0,297.0,9.7461,0.0208,807.6823,664.0,657.0,7.0,518.0,0.0,0.0,0.0,942,240
20,39,320,624,336,640,-1630.0,-1550.0,-1487.0,-1407.0,1,410,104960.0,308.0,10.1837,0.0213,995.1194,754.0,751.0,3.0,575.0,0.0,0.0,0.0,1054,238
21,39,336,624,352,640,-1550.0,-1470.0,-1487.0,-1407.0,1,437,111872.0,311.0,10.4677,0.0218,1155.5012,99.0,99.0,0.0,17.0,0.0,0.0,0.0,125,55
22,39,352,624,368,640,-1470.0,-1390.0,-1487.0,-1407.0,1,454,116224.0,314.0,10.6416,0.0223,1243.8059,0.0,0.0,0.0,0.0,0.0,0.0,0.0,0,0
23,39,368,624,384,640,-1390.0,-1310.0,-1487.0,-1407.0,1,465,119040.0,318.0,10.7786,0.0228,1281.7672,0.0,0.0,0.0,0.0,0.0,0.0,0.0,0,0
24,39,384,624,400,640,-1310.0,-1230.0,-1487.0,-1407.0,1,462,118272.0,307.0,10.7467,0.0232,1232.6985,382.0,329.0,53.0,0.0,1.0,1.0,0.0,262,55
25,39,400,624,416,640,-1230.0,-1150.0,-1487.0,-1407.0,1,464,118784.0,315.0,10.9521,0.0237,1317.6025,457.0,371.0,86.0,1.0,3.0,0.0,3.0,272,77
26,39,416,624,432,640,-1150.0,-1070.0,-1487.0,-1407.0,1,490,125440.0,354.0,11.34,0.024,1673.8708,778.0,663.0,115.0,32.0,3.0,1.0,2.0,616,133
27,39,432,624,448,640,-1070.0,-990.0,-1487.0,-1407.0,1,483,123648.0,297.0,11.2347,0.0244,1826.5186,502.0,393.0,109.0,27.0,1.0,0.0,1.0,497,132
28,39,448,624,464,640,-990.0,-910.0,-1487.0,-1407.0,1,510,130560.0,288.0,11.5322,0.0247,1623.3437,715.0,577.0,138.0,58.0,2.0,1.0,1.0,697,160
29,39,464,624,480,640,-910.0,-830.0,-1487.0,-1407.0,1,525,134400.0,289.0,11.7184,0.0249,1377.3215,616.0,455.0,161.0,44.0,3.0,1.0,2.0,628,157
30,39,480,624,496,640,-830.0,-750.0,-1487.0,-1407.0,1,488,124928.0,278.0,11.0298,0.0251,599.6252,468.0,401.0,67.0,55.0,1.0,1.0,0.0,387,114
31,39,496,624,512,640,-750.0,-670.0,-1487.0,-1407.0,1,485,124160.0,252.0,11.041,0.0253,469.3895,390.0,352.0,38.0,96.0,1.0,1.0,0.0,399,123
32,39,512,624,528,640,-670.0,-590.0,-1487.0,-1407.0,1,495,126720.0,253.0,11.1655,0.0253,501.8135,268.0,246.0,22.0,65.0,1.0,1.0,0.0,262,93
33,39,528,624,544,640,-590.0,-510.0,-1487.0,-1407.0,1,498,127488.0,253.0,11.2,0.0252,547.9574,2182.0,2030.0,152.0,198.0,15.0,12.0,3.0,1152,155
34,39,544,624,560,640,-510.0,-430.0,-1487.0,-1407.0,1,448,114688.0,249.0,10.6416,0.025,453.5392,1928.0,1567.0,361.0,94.0,5.0,3.0,2.0,1147,145
38,39,608,624,624,640,-190.0,-110.0,-1487.0,-1407.0,1,315,80640.0,132.0,7.8319,0.0227,12.9621,598.0,28.0,570.0,1.0,7.0,0.0,7.0,183,41
39,39,624,624,640,640,-110.0,-30.0,-1487.0,-1407.0,1,322,82432.0,133.0,7.8716,0.0224,13.4081,747.0,171.0,576.0,2.0,6.0,0.0,6.0,328,78
40,39,640,624,656,640,-30.0,50.0,-1487.0,-1407.0,1,326,83456.0,136.0,7.9002,0.0221,13.8207,1369.0,582.0,787.0,15.0,9.0,4.0,5.0,562,117
41,39,656,624,672,640,50.0,130.0,-1487.0,-1407.0,1,329,84224.0,136.0,7.9174,0.0219,14.0948,857.0,328.0,529.0,44.0,9.0,3.0,6.0,561,122
42,39,672,624,688,640,130.0,210.0,-1487.0,-1407.0,1,332,84992.0,136.0,7.9347,0.0216,14.4112,603.0,203.0,400.0,40.0,6.0,2.0,4.0,500,124
43,39,688,624,704,640,210.0,290.0,-1487.0,-1407.0,1,336,86016.0,138.0,7.9871,0.0214,15.5732,493.0,168.0,325.0,29.0,1.0,0.0,1.0,404,115
44,39,704,624,720,640,290.0,370.0,-1487.0,-1407.0,1,342,87552.0,141.0,8.088,0.0212,16.9894,428.0,180.0,248.0,3.0,3.0,0.0,3.0,187,62
45,39,720,624,736,640,370.0,450.0,-1487.0,-1407.0,1,359,91904.0,148.0,8.3613,0.021,22.309,439.0,166.0,273.0,0.0,1.0,0.0,1.0,280,31
46,39,736,624,752,640,450.0,530.0,-1487.0,-1407.0,1,387,99072.0,159.0,8.7441,0.0211,38.6523,372.0,316.0,56.0,0.0,0.0,0.0,0.0,235,14
47,39,752,624,768,640,530.0,610.0,-1487.0,-1407.0,1,401,102656.0,183.0,9.3365,0.021,454.6678,1044.0,47.0,997.0,376.0,1.0,1.0,0.0,569,121
48,39,768,624,784,640,610.0,690.0,-1487.0,-1407.0,1,410,104960.0,211.0,9.5411,0.0207,479.5837,914.0,29.0,885.0,290.0,1.0,0.0,1.0,714,137
49,39,784,624,800,640,690.0,770.0,-1487.0,-1407.0,1,412,105472.0,204.0,9.5078,0.0204,203.1019,228.0,22.0,206.0,82.0,0.0,0.0,0.0,180,58
50,39,800,624,816,640,770.0,850.0,-1487.0,-1407.0,1,419,107264.0,216.0,9.7374,0.02,312.1681,217.0,0.0,217.0,85.0,0.0,0.0,0.0,134,39
51,39,816,624,832,640,850.0,930.0,-1487.0,-1407.0,1,431,110336.0,234.0,10.1175,0.0196,496.9767,33.0,31.0,2.0,0.0,0.0,0.0,0.0,4,2
52,39,832,624,848,640,930.0,1010.0,-1487.0,-1407.0,1,449,114944.0,254.0,10.5796,0.0192,962.3108,193.0,20.0,173.0,91.0,0.0,0.0,0.0,306,107
53,39,848,624,864,640,1010.0,1090.0,-1487.0,-1407.0,1,444,113664.0,270.0,10.843,0.0187,1881.2376,470.0,35.0,435.0,240.0,0.0,0.0,0.0,512,150
54,39,864,624,880,640,1090.0,1170.0,-1487.0,-1407.0,1,335,85760.0,275.0,9.8253,0.0182,1945.3133,556.0,126.0,430.0,223.0,0.0,0.0,0.0,514,149
55,39,880,624,896,640,1170.0,1250.0,-1487.0,-1407.0,1,268,68608.0,303.0,9.6768,0.0177,2768.7598,643.0,184.0,459.0,232.0,0.0,0.0,0.0,507,149
56,39,896,624,912,640,1250.0,1330.0,-1487.0,-1407.0,1,256,65536.0,315.0,9.5747,0.0172,2949.1941,249.0,23.0,226.0,117.0,0.0,0.0,0.0,347,111
57,39,912,624,928,640,1330.0,1410.0,-1487.0,-1407.0,1,224,57344.0,261.0,8.9896,0.0167,1512.4629,41.0,10.0,31.0,4.0,0.0,0.0,0.0,23,11
19,40,304,640,320,656,-1710.0,-1630.0,-1567.0,-1487.0,1,345,88320.0,302.0,9.8164,0.0205,707.0927,706.0,700.0,6.0,586.0,0.0,0.0,0.0,1050,239
20,40,320,640,336,656,-1630.0,-1550.0,-1567.0,-1487.0,1,375,96000.0,313.0,10.0893,0.021,886.5162,563.0,559.0,4.0,413.0,0.0,0.0,0.0,934,229
21,40,336,640,352,656,-1550.0,-1470.0,-1567.0,-1487.0,1,399,102144.0,320.0,10.3091,0.0214,1068.4837,105.0,104.0,1.0,11.0,0.0,0.0,0.0,133,58
22,40,352,640,368,656,-1470.0,-1390.0,-1567.0,-1487.0,1,413,105728.0,322.0,10.4576,0.0219,1184.5657,0.0,0.0,0.0,0.0,0.0,0.0,0.0,0,0
23,40,368,640,384,656,-1390.0,-1310.0,-1567.0,-1487.0,1,405,103680.0,316.0,10.4376,0.0224,1187.9878,0.0,0.0,0.0,0.0,0.0,0.0,0.0,0,0
24,40,384,640,400,656,-1310.0,-1230.0,-1567.0,-1487.0,1,402,102912.0,335.0,10.6939,0.0228,1154.9991,565.0,511.0,54.0,0.0,0.0,0.0,0.0,282,36
25,40,400,640,416,656,-1230.0,-1150.0,-1567.0,-1487.0,1,408,104448.0,347.0,10.7573,0.0232,1254.9247,678.0,524.0,154.0,0.0,2.0,2.0,0.0,194,27
26,40,416,640,432,656,-1150.0,-1070.0,-1567.0,-1487.0,1,426,109056.0,349.0,10.9521,0.0236,1713.0537,618.0,483.0,135.0,110.0,1.0,1.0,0.0,319,80
27,40,432,640,448,656,-1070.0,-990.0,-1567.0,-1487.0,1,402,102912.0,317.0,10.715,0.0239,1573.5803,961.0,789.0,172.0,51.0,4.0,2.0,2.0,468,112
28,40,448,640,464,656,-990.0,-910.0,-1567.0,-1487.0,1,456,116736.0,297.0,11.293,0.0242,1612.59,763.0,647.0,116.0,107.0,3.0,2.0,1.0,402,99
29,40,464,640,480,656,-910.0,-830.0,-1567.0,-1487.0,1,529,135424.0,285.0,12.1908,0.0245,1265.1505,413.0,309.0,104.0,19.0,4.0,3.0,1.0,338,98
30,40,480,640,496,656,-830.0,-750.0,-1567.0,-1487.0,1,568,145408.0,320.0,12.5419,0.0247,1112.1793,528.0,390.0,138.0,61.0,3.0,2.0,1.0,481,137
31,40,496,640,512,656,-750.0,-670.0,-1567.0,-1487.0,1,542,138752.0,308.0,12.1772,0.0248,747.6725,298.0,276.0,22.0,112.0,3.0,3.0,0.0,347,116
32,40,512,640,528,656,-670.0,-590.0,-1567.0,-1487.0,1,539,137984.0,285.0,12.15,0.0248,691.3046,219.0,197.0,22.0,38.0,0.0,0.0,0.0,194,70
33,40,528,640,544,656,-590.0,-510.0,-1567.0,-1487.0,1,556,142336.0,277.0,12.385,0.0248,789.7056,622.0,560.0,62.0,90.0,12.0,11.0,1.0,497,129
34,40,544,640,560,656,-510.0,-430.0,-1567.0,-1487.0,1,550,140800.0,273.0,12.301,0.0247,803.054,648.0,500.0,148.0,122.0,7.0,4.0,3.0,413,98
35,40,560,640,576,656,-430.0,-350.0,-1567.0,-1487.0,1,457,116992.0,267.0,11.1199,0.0245,467.5617,703.0,179.0,524.0,9.0,3.0,3.0,0.0,219,64
36,40,576,640,592,656,-350.0,-270.0,-1567.0,-1487.0,1,398,101888.0,181.0,9.6085,0.024,107.0477,1268.0,928.0,340.0,31.0,6.0,5.0,1.0,356,71
37,40,592,640,608,656,-270.0,-190.0,-1567.0,-1487.0,1,381,97536.0,177.0,9.45,0.0235,90.2051,1242.0,1089.0,153.0,42.0,5.0,3.0,2.0,201,58
38,40,608,640,624,656,-190.0,-110.0,-1567.0,-1487.0,1,371,94976.0,175.0,9.3687,0.023,78.8209,280.0,12.0,268.0,4.0,3.0,1.0,2.0,188,46
39,40,624,640,640,656,-110.0,-30.0,-1567.0,-1487.0,1,367,93952.0,175.0,9.3365,0.0226,72.908,458.0,85.0,373.0,8.0,1.0,0.0,1.0,389,99
40,40,640,640,656,656,-30.0,50.0,-1567.0,-1487.0,1,366,93696.0,177.0,9.3526,0.0223,69.1788,589.0,255.0,334.0,50.0,0.0,0.0,0.0,495,125
41,40,656,640,672,656,50.0,130.0,-1567.0,-1487.0,1,368,94208.0,175.0,9.3687,0.0221,67.6226,358.0,143.0,215.0,33.0,2.0,1.0,1.0,370,108
42,40,672,640,688,656,130.0,210.0,-1567.0,-1487.0,1,372,95232.0,177.0,9.4747,0.0218,71.1624,436.0,136.0,300.0,32.0,4.0,2.0,2.0,455,116
43,40,688,640,704,656,210.0,290.0,-1567.0,-1487.0,1,378,96768.0,180.0,9.5579,0.0215,76.631,836.0,92.0,744.0,16.0,4.0,0.0,4.0,739,148
44,40,704,640,720,656,290.0,370.0,-1567.0,-1487.0,1,394,100864.0,186.0,9.7461,0.0213,93.8737,860.0,103.0,757.0,42.0,7.0,0.0,7.0,613,136
45,40,720,640,736,656,370.0,450.0,-1567.0,-1487.0,1,401,102656.0,187.0,9.8698,0.021,101.4955,787.0,138.0,649.0,44.0,3.0,1.0,2.0,512,117
46,40,736,640,752,656,450.0,530.0,-1567.0,-1487.0,1,407,104192.0,191.0,9.9329,0.0209,113.861,446.0,186.0,260.0,13.0,1.0,0.0,1.0,231,62
47,40,752,640,768,656,530.0,610.0,-1567.0,-1487.0,1,415,106240.0,205.0,10.4778,0.0207,524.6719,2586.0,86.0,2500.0,782.0,3.0,0.0,3.0,806,142
48,40,768,640,784,656,610.0,690.0,-1567.0,-1487.0,1,421,107776.0,225.0,10.5081,0.0204,453.215,629.0,16.0,613.0,182.0,0.0,0.0,0.0,426,107
49,40,784,640,800,656,690.0,770.0,-1567.0,-1487.0,1,423,108288.0,232.0,10.3878,0.0201,356.5392,635.0,8.0,627.0,170.0,0.0,0.0,0.0,170,56
50,40,800,640,816,656,770.0,850.0,-1567.0,-1487.0,1,432,110592.0,247.0,10.5284,0.0197,463.5742,1086.0,0.0,1086.0,277.0,0.0,0.0,0.0,109,37
51,40,816,640,832,656,850.0,930.0,-1567.0,-1487.0,1,435,111360.0,252.0,10.6002,0.0193,509.3532,42.0,19.0,23.0,0.0,0.0,0.0,0.0,30,14
52,40,832,640,848,656,930.0,1010.0,-1567.0,-1487.0,1,450,115200.0,265.0,10.9521,0.0189,978.7561,460.0,24.0,436.0,264.0,0.0,0.0,0.0,476,150
19,41,304,656,320,672,-1710.0,-1630.0,-1647.0,-1567.0,1,312,79872.0,243.0,8.525,0.0201,196.3565,877.0,873.0,4.0,746.0,0.0,0.0,0.0,1257,243
20,41,320,656,336,672,-1630.0,-1550.0,-1647.0,-1567.0,1,326,83456.0,243.0,8.5923,0.0206,192.7544,454.0,450.0,4.0,328.0,0.0,0.0,0.0,767,210
21,41,336,656,352,672,-1550.0,-1470.0,-1647.0,-1567.0,1,342,87552.0,246.0,8.6883,0.021,225.6832,166.0,134.0,32.0,6.0,0.0,0.0,0.0,176,64
22,41,352,656,368,672,-1470.0,-1390.0,-1647.0,-1567.0,1,341,87296.0,252.0,9.0494,0.0215,238.6439,267.0,124.0,143.0,0.0,0.0,0.0,0.0,23,8
30,41,480,656,496,672,-830.0,-750.0,-1647.0,-1567.0,1,563,144128.0,318.0,12.4701,0.0242,1240.3807,503.0,361.0,142.0,84.0,1.0,0.0,1.0,433,125
31,41,496,656,512,672,-750.0,-670.0,-1647.0,-1567.0,1,580,148480.0,328.0,12.7326,0.0243,1117.2919,261.0,212.0,49.0,102.0,1.0,0.0,1.0,301,113
32,41,512,656,528,672,-670.0,-590.0,-1647.0,-1567.0,1,561,143616.0,309.0,12.4558,0.0244,827.2333,163.0,144.0,19.0,35.0,0.0,0.0,0.0,187,73
33,41,528,656,544,672,-590.0,-510.0,-1647.0,-1567.0,1,561,143616.0,304.0,12.4558,0.0243,840.9355,498.0,456.0,42.0,106.0,6.0,6.0,0.0,245,88
34,41,544,656,560,672,-510.0,-430.0,-1647.0,-1567.0,1,561,143616.0,276.0,12.4558,0.0242,855.4136,479.0,416.0,63.0,98.0,7.0,3.0,4.0,148,54
35,41,560,656,576,672,-430.0,-350.0,-1647.0,-1567.0,1,536,137216.0,276.0,12.1095,0.0241,843.1723,250.0,41.0,209.0,6.0,4.0,2.0,2.0,181,62
36,41,576,656,592,672,-350.0,-270.0,-1647.0,-1567.0,1,416,106496.0,193.0,9.8967,0.0238,128.9516,305.0,86.0,219.0,28.0,2.0,0.0,2.0,284,83
37,41,592,656,608,672,-270.0,-190.0,-1647.0,-1567.0,1,412,105472.0,185.0,9.7548,0.0234,120.8182,318.0,55.0,263.0,9.0,2.0,0.0,2.0,251,81
38,41,608,656,624,672,-190.0,-110.0,-1647.0,-1567.0,1,411,105216.0,184.0,9.7461,0.023,121.2065,329.0,58.0,271.0,15.0,1.0,0.0,1.0,299,90
39,41,624,656,640,672,-110.0,-30.0,-1647.0,-1567.0,1,411,105216.0,187.0,9.8164,0.0226,126.812,615.0,219.0,396.0,48.0,5.0,3.0,2.0,517,125
40,41,640,656,656,672,-30.0,50.0,-1647.0,-1567.0,1,407,104192.0,187.0,9.8076,0.0224,121.9673,650.0,441.0,209.0,54.0,1.0,0.0,1.0,603,109
41,41,656,656,672,672,50.0,130.0,-1647.0,-1567.0,1,403,103168.0,184.0,9.7724,0.0221,113.4339,545.0,374.0,171.0,20.0,4.0,3.0,1.0,308,99
42,41,672,656,688,672,130.0,210.0,-1647.0,-1567.0,1,408,104448.0,187.0,9.8609,0.0218,120.7583,729.0,304.0,425.0,23.0,3.0,0.0,3.0,479,122
43,41,688,656,704,672,210.0,290.0,-1647.0,-1567.0,1,414,105984.0,189.0,9.9329,0.0215,129.9214,863.0,66.0,797.0,47.0,1.0,0.0,1.0,518,112
44,41,704,656,720,672,290.0,370.0,-1647.0,-1567.0,1,416,106496.0,190.0,10.0059,0.0212,130.7727,1913.0,167.0,1746.0,51.0,4.0,0.0,4.0,920,142
45,41,720,656,736,672,370.0,450.0,-1647.0,-1567.0,1,419,107264.0,193.0,10.0428,0.0209,134.5755,1385.0,132.0,1253.0,32.0,3.0,0.0,3.0,825,140
46,41,736,656,752,672,450.0,530.0,-1647.0,-1567.0,1,422,108032.0,194.0,10.0707,0.0207,144.4362,927.0,99.0,828.0,80.0,3.0,3.0,0.0,723,148
47,41,752,656,768,672,530.0,610.0,-1647.0,-1567.0,1,426,109056.0,205.0,10.1269,0.0204,260.978,792.0,40.0,752.0,136.0,3.0,3.0,0.0,757,140
48,41,768,656,784,672,610.0,690.0,-1647.0,-1567.0,1,436,111616.0,242.0,11.041,0.0201,823.0943,307.0,6.0,301.0,101.0,0.0,0.0,0.0,235,74
49,41,784,656,800,672,690.0,770.0,-1647.0,-1567.0,1,436,111616.0,243.0,10.6209,0.0198,549.017,394.0,2.0,392.0,74.0,0.0,0.0,0.0,123,41
50,41,800,656,816,672,770.0,850.0,-1647.0,-1567.0,1,437,111872.0,243.0,10.5899,0.0194,383.9194,231.0,0.0,231.0,17.0,0.0,0.0,0.0,70,23
51,41,816,656,832,672,850.0,930.0,-1647.0,-1567.0,1,447,114432.0,259.0,10.7467,0.019,671.3047,46.0,16.0,30.0,1.0,0.0,0.0,0.0,38,16
52,41,832,656,848,672,930.0,1010.0,-1647.0,-1567.0,1,452,115712.0,272.0,11.0075,0.0186,1182.9884,418.0,11.0,407.0,256.0,0.0,0.0,0.0,452,145
18,42,288,672,304,688,-1790.0,-1710.0,-1727.0,-1647.0,1,172,44032.0,159.0,7.4108,0.0192,64.9349,47.0,40.0,7.0,21.0,0.0,0.0,0.0,72,34
19,42,304,672,320,688,-1710.0,-1630.0,-1727.0,-1647.0,1,299,76544.0,238.0,8.426,0.0197,180.8765,1088.0,1081.0,7.0,972.0,0.0,0.0,0.0,1544,246
20,42,320,672,336,688,-1630.0,-1550.0,-1727.0,-1647.0,1,310,79360.0,243.0,8.7511,0.0201,205.2095,362.0,356.0,6.0,230.0,0.0,0.0,0.0,526,164
21,42,336,672,352,688,-1550.0,-1470.0,-1727.0,-1647.0,1,315,80640.0,222.0,8.4325,0.0205,186.153,176.0,149.0,27.0,9.0,0.0,0.0,0.0,208,74
22,42,352,672,368,688,-1470.0,-1390.0,-1727.0,-1647.0,1,311,79616.0,222.0,8.413,0.0207,194.4233,0.0,0.0,0.0,0.0,0.0,0.0,0.0,0,0
30,42,480,672,496,688,-830.0,-750.0,-1727.0,-1647.0,1,434,111104.0,219.0,10.6625,0.0236,377.9727,672.0,457.0,215.0,100.0,3.0,2.0,1.0,401,117
31,42,496,672,512,688,-750.0,-670.0,-1727.0,-1647.0,1,569,145664.0,327.0,12.5709,0.0238,1274.82,243.0,199.0,44.0,93.0,1.0,1.0,0.0,258,97
32,42,512,672,528,688,-670.0,-590.0,-1727.0,-1647.0,1,580,148480.0,327.0,12.7326,0.0238,1112.6782,130.0,98.0,32.0,24.0,1.0,0.0,1.0,130,54
33,42,528,672,544,688,-590.0,-510.0,-1727.0,-1647.0,1,566,144896.0,312.0,12.5275,0.0238,894.8025,216.0,164.0,52.0,20.0,2.0,1.0,1.0,222,85
34,42,544,672,560,688,-510.0,-430.0,-1727.0,-1647.0,1,570,145920.0,309.0,12.5854,0.0238,950.6965,239.0,109.0,130.0,12.0,2.0,1.0,1.0,200,67
35,42,560,672,576,688,-430.0,-350.0,-1727.0,-1647.0,1,550,140800.0,290.0,12.301,0.0236,893.3416,320.0,82.0,238.0,19.0,2.0,0.0,2.0,230,68
36,42,576,672,592,688,-350.0,-270.0,-1727.0,-1647.0,1,470,120320.0,276.0,11.2813,0.0234,476.9634,226.0,61.0,165.0,12.0,0.0,0.0,0.0,214,67
37,42,592,672,608,688,-270.0,-190.0,-1727.0,-1647.0,1,422,108032.0,192.0,9.951,0.0232,122.2695,227.0,50.0,177.0,1.0,2.0,0.0,2.0,222,73
38,42,608,672,624,688,-190.0,-110.0,-1727.0,-1647.0,1,418,107008.0,189.0,9.9057,0.0228,110.9253,233.0,78.0,155.0,23.0,0.0,0.0,0.0,243,86
39,42,624,672,640,688,-110.0,-30.0,-1727.0,-1647.0,1,418,107008.0,189.0,9.9148,0.0225,113.8396,523.0,258.0,265.0,72.0,7.0,3.0,4.0,520,126
40,42,640,672,656,688,-30.0,50.0,-1727.0,-1647.0,1,425,108800.0,190.0,10.0151,0.0222,124.3111,667.0,394.0,273.0,94.0,2.0,0.0,2.0,689,116
41,42,656,672,672,688,50.0,130.0,-1727.0,-1647.0,1,430,110080.0,194.0,10.08,0.022,138.2718,785.0,275.0,510.0,56.0,4.0,0.0,4.0,401,110
42,42,672,672,688,688,130.0,210.0,-1727.0,-1647.0,1,431,110336.0,194.0,10.0987,0.0217,140.2247,2021.0,841.0,1180.0,41.0,9.0,0.0,9.0,332,92
43,42,688,672,704,688,210.0,290.0,-1727.0,-1647.0,1,430,110080.0,194.0,10.1269,0.0214,134.774,775.0,158.0,617.0,21.0,2.0,2.0,0.0,37,15
44,42,704,672,720,688,290.0,370.0,-1727.0,-1647.0,1,430,110080.0,195.0,10.1458,0.0211,138.5757,2063.0,116.0,1947.0,249.0,2.0,0.0,2.0,355,90
45,42,720,672,736,688,370.0,450.0,-1727.0,-1647.0,1,432,110592.0,199.0,10.1647,0.0208,144.4653,1500.0,177.0,1323.0,228.0,2.0,0.0,2.0,608,118
46,42,736,672,752,688,450.0,530.0,-1727.0,-1647.0,1,432,110592.0,203.0,10.1647,0.0204,155.5307,932.0,116.0,816.0,288.0,4.0,0.0,4.0,525,125
47,42,752,672,768,688,530.0,610.0,-1727.0,-1647.0,1,434,111104.0,208.0,10.2028,0.0201,258.1382,547.0,59.0,488.0,232.0,0.0,0.0,0.0,315,95
48,42,768,672,784,688,610.0,690.0,-1727.0,-1647.0,1,443,113408.0,244.0,10.8755,0.0198,1022.5702,357.0,113.0,244.0,99.0,1.0,1.0,0.0,189,54
49,42,784,672,800,688,690.0,770.0,-1727.0,-1647.0,1,446,114176.0,253.0,10.8,0.0195,673.615,600.0,20.0,580.0,136.0,1.0,0.0,1.0,106,34
50,42,800,672,816,688,770.0,850.0,-1727.0,-1647.0,1,447,114432.0,256.0,10.7044,0.0191,511.0446,324.0,0.0,324.0,12.0,0.0,0.0,0.0,46,20
51,42,816,672,832,688,850.0,930.0,-1727.0,-1647.0,1,454,116224.0,265.0,10.8215,0.0188,766.7083,60.0,15.0,45.0,3.0,0.0,0.0,0.0,46,19
52,42,832,672,848,688,930.0,1010.0,-1727.0,-1647.0,1,432,110592.0,276.0,10.8107,0.0183,1122.0734,438.0,15.0,423.0,283.0,0.0,0.0,0.0,454,145
15,43,240,688,256,704,-2030.0,-1950.0,-1807.0,-1727.0,1,60,15360.0,66.0,5.673,0.0171,12.5207,9.0,0.0,9.0,0.0,0.0,0.0,0.0,6,2
16,43,256,688,272,704,-1950.0,-1870.0,-1807.0,-1727.0,1,80,20480.0,104.0,6.6058,0.0177,29.4105,4.0,2.0,2.0,0.0,0.0,0.0,0.0,8,3
17,43,272,688,288,704,-1870.0,-1790.0,-1807.0,-1727.0,1,126,32256.0,141.0,7.1668,0.0183,54.048,248.0,244.0,4.0,6.0,0.0,0.0,0.0,28,9
18,43,288,688,304,704,-1790.0,-1710.0,-1807.0,-1727.0,1,219,56064.0,182.0,8.1242,0.0189,119.1868,32810.0,32787.0,23.0,670.0,4.0,4.0,0.0,553,259
19,43,304,688,320,704,-1710.0,-1630.0,-1807.0,-1727.0,1,289,73984.0,248.0,8.9014,0.0193,227.7842,32505.0,32500.0,5.0,827.0,5.0,5.0,0.0,981,259
20,43,320,688,336,704,-1630.0,-1550.0,-1807.0,-1727.0,1,295,75520.0,222.0,8.3421,0.0196,170.2037,229.0,223.0,6.0,125.0,0.0,0.0,0.0,341,128
21,43,336,688,352,704,-1550.0,-1470.0,-1807.0,-1727.0,1,307,78592.0,216.0,8.3871,0.0199,173.0973,194.0,176.0,18.0,6.0,0.0,0.0,0.0,254,88
22,43,352,688,368,704,-1470.0,-1390.0,-1807.0,-1727.0,1,250,64000.0,218.0,8.0165,0.02,139.0437,0.0,0.0,0.0,0.0,0.0,0.0,0.0,0,0
30,43,480,688,496,704,-830.0,-750.0,-1807.0,-1727.0,1,434,111104.0,218.0,10.6729,0.0229,362.4754,518.0,303.0,215.0,109.0,9.0,7.0,2.0,323,102
31,43,496,688,512,704,-750.0,-670.0,-1807.0,-1727.0,1,469,120064.0,269.0,11.2463,0.0232,564.3462,235.0,160.0,75.0,99.0,3.0,1.0,2.0,278,104
32,43,512,688,528,704,-670.0,-590.0,-1807.0,-1727.0,1,577,147712.0,329.0,12.7029,0.0233,1285.7001,98.0,69.0,29.0,17.0,0.0,0.0,0.0,106,46
33,43,528,688,544,704,-590.0,-510.0,-1807.0,-1727.0,1,581,148736.0,331.0,12.7625,0.0233,1140.8387,130.0,80.0,50.0,7.0,1.0,0.0,1.0,129,57
34,43,544,688,560,704,-510.0,-430.0,-1807.0,-1727.0,1,581,148736.0,326.0,12.7625,0.0233,1057.9288,163.0,74.0,89.0,10.0,4.0,1.0,3.0,171,59
35,43,560,688,576,704,-430.0,-350.0,-1807.0,-1727.0,1,571,146176.0,314.0,12.6146,0.0231,1010.0391,244.0,69.0,175.0,7.0,3.0,2.0,1.0,237,76
36,43,576,688,592,704,-350.0,-270.0,-1807.0,-1727.0,1,524,134144.0,300.0,11.9631,0.023,857.8452,179.0,67.0,112.0,17.0,0.0,0.0,0.0,183,70
37,43,592,688,608,704,-270.0,-190.0,-1807.0,-1727.0,1,436,111616.0,223.0,10.3189,0.0228,182.6339,183.0,71.0,112.0,29.0,1.0,0.0,1.0,184,63
38,43,608,688,624,704,-190.0,-110.0,-1807.0,-1727.0,1,431,110336.0,198.0,10.08,0.0225,130.1874,246.0,98.0,148.0,38.0,2.0,0.0,2.0,227,77
39,43,624,688,640,704,-110.0,-30.0,-1807.0,-1727.0,1,433,110848.0,194.0,10.0987,0.0223,130.167,689.0,435.0,254.0,138.0,2.0,1.0,1.0,520,127
40,43,640,688,656,704,-30.0,50.0,-1807.0,-1727.0,1,431,110336.0,196.0,10.0893,0.022,125.1061,285.0,160.0,125.0,6.0,1.0,0.0,1.0,121,47
41,43,656,688,672,704,50.0,130.0,-1807.0,-1727.0,1,438,112128.0,197.0,10.1647,0.0217,137.2672,0.0,0.0,0.0,0.0,0.0,0.0,0.0,0,0
42,43,672,688,688,704,130.0,210.0,-1807.0,-1727.0,1,439,112384.0,195.0,10.2124,0.0215,138.9324,0.0,0.0,0.0,0.0,0.0,0.0,0.0,0,0
43,43,688,688,704,704,210.0,290.0,-1807.0,-1727.0,1,441,112896.0,201.0,10.2605,0.0212,147.7019,0.0,0.0,0.0,0.0,0.0,0.0,0.0,0,0
44,43,704,688,720,704,290.0,370.0,-1807.0,-1727.0,1,443,113408.0,201.0,10.2799,0.0209,155.1554,0.0,0.0,0.0,0.0,0.0,0.0,0.0,0,0
45,43,720,688,736,704,370.0,450.0,-1807.0,-1727.0,1,444,113664.0,208.0,10.2896,0.0205,165.1665,0.0,0.0,0.0,0.0,0.0,0.0,0.0,0,0
46,43,736,688,752,704,450.0,530.0,-1807.0,-1727.0,1,444,113664.0,208.0,10.2896,0.0202,180.1914,0.0,0.0,0.0,0.0,0.0,0.0,0.0,0,0
47,43,752,688,768,704,530.0,610.0,-1807.0,-1727.0,1,444,113664.0,221.0,10.3385,0.0198,276.558,0.0,0.0,0.0,0.0,0.0,0.0,0.0,0,0
48,43,768,688,784,704,610.0,690.0,-1807.0,-1727.0,1,450,115200.0,246.0,11.1541,0.0195,859.7527,0.0,0.0,0.0,0.0,0.0,0.0,0.0,0,0
49,43,784,688,800,704,690.0,770.0,-1807.0,-1727.0,1,455,116480.0,261.0,10.8973,0.0192,680.5271,0.0,0.0,0.0,0.0,0.0,0.0,0.0,0,0
50,43,800,688,816,704,770.0,850.0,-1807.0,-1727.0,1,456,116736.0,266.0,10.843,0.0188,667.5104,0.0,0.0,0.0,0.0,0.0,0.0,0.0,0,0
51,43,816,688,832,704,850.0,930.0,-1807.0,-1727.0,1,452,115712.0,264.0,10.8538,0.0184,792.3409,64.0,11.0,53.0,14.0,0.0,0.0,0.0,54,25
52,43,832,688,848,704,930.0,1010.0,-1807.0,-1727.0,1,414,105984.0,242.0,10.5591,0.018,633.4219,468.0,15.0,453.0,300.0,0.0,0.0,0.0,458,145
53,43,848,688,864,704,1010.0,1090.0,-1807.0,-1727.0,1,386,98816.0,208.0,9.6255,0.0176,220.4813,48.0,1.0,47.0,42.0,0.0,0.0,0.0,40,18
15,44,240,704,256,720,-2030.0,-1950.0,-1887.0,-1807.0,1,94,24064.0,112.0,6.6788,0.0171,40.9581,24.0,16.0,8.0,0.0,0.0,0.0,0.0,13,5
16,44,256,704,272,720,-1950.0,-1870.0,-1887.0,-1807.0,1,114,29184.0,133.0,7.106,0.0176,55.5727,37.0,31.0,6.0,19.0,0.0,0.0,0.0,26,8
17,44,272,704,288,720,-1870.0,-1790.0,-1887.0,-1807.0,1,163,41728.0,163.0,7.7539,0.018,111.7411,95.0,87.0,8.0,26.0,0.0,0.0,0.0,72,28
18,44,288,704,304,720,-1790.0,-1710.0,-1887.0,-1807.0,1,215,55040.0,165.0,8.0461,0.0185,104.1134,533.0,527.0,6.0,472.0,0.0,0.0,0.0,736,220
19,44,304,704,320,720,-1710.0,-1630.0,-1887.0,-1807.0,1,283,72448.0,227.0,8.4653,0.0189,207.0956,464.0,456.0,8.0,401.0,0.0,0.0,0.0,732,213
20,44,320,704,336,720,-1630.0,-1550.0,-1887.0,-1807.0,1,289,73984.0,220.0,8.4653,0.0191,171.8682,205.0,205.0,0.0,111.0,0.0,0.0,0.0,340,131
21,44,336,704,352,720,-1550.0,-1470.0,-1887.0,-1807.0,1,297,76032.0,216.0,8.3229,0.0194,161.9962,231.0,207.0,24.0,13.0,3.0,1.0,2.0,294,103
22,44,352,704,368,720,-1470.0,-1390.0,-1887.0,-1807.0,1,212,54272.0,204.0,7.7318,0.0194,102.1349,14.0,14.0,0.0,0.0,0.0,0.0,0.0,4,1
30,44,480,704,496,720,-830.0,-750.0,-1887.0,-1807.0,1,433,110848.0,220.0,10.6729,0.0223,338.6197,295.0,195.0,100.0,75.0,1.0,0.0,1.0,243,85
31,44,496,704,512,720,-750.0,-670.0,-1887.0,-1807.0,1,456,116736.0,230.0,10.9964,0.0226,381.0035,245.0,170.0,75.0,110.0,1.0,1.0,0.0,278,104
32,44,512,704,528,720,-670.0,-590.0,-1887.0,-1807.0,1,514,131584.0,319.0,11.8202,0.0227,931.964,131.0,59.0,72.0,16.0,1.0,1.0,0.0,131,51
33,44,528,704,544,720,-590.0,-510.0,-1887.0,-1807.0,1,591,151296.0,332.0,12.9139,0.0227,1412.3528,125.0,65.0,60.0,4.0,1.0,0.0,1.0,126,51
34,44,544,704,560,720,-510.0,-430.0,-1887.0,-1807.0,1,593,151808.0,329.0,12.9446,0.0227,1283.2835,147.0,38.0,109.0,4.0,0.0,0.0,0.0,152,50
35,44,560,704,576,720,-430.0,-350.0,-1887.0,-1807.0,1,583,149248.0,331.0,12.7925,0.0226,1157.7856,176.0,42.0,134.0,10.0,3.0,1.0,2.0,201,71
36,44,576,704,592,720,-350.0,-270.0,-1887.0,-1807.0,1,552,141312.0,318.0,12.3709,0.0225,955.6817,171.0,53.0,118.0,9.0,4.0,1.0,3.0,169,62
37,44,592,704,608,720,-270.0,-190.0,-1887.0,-1807.0,1,488,124928.0,308.0,11.5322,0.0223,600.3207,151.0,63.0,88.0,20.0,0.0,0.0,0.0,167,63
38,44,608,704,624,720,-190.0,-110.0,-1887.0,-1807.0,1,441,112896.0,216.0,10.7573,0.0221,230.5003,272.0,169.0,103.0,52.0,3.0,1.0,2.0,241,82
39,44,624,704,640,720,-110.0,-30.0,-1887.0,-1807.0,1,442,113152.0,204.0,10.222,0.0219,143.1009,1351.0,1189.0,162.0,155.0,7.0,3.0,4.0,452,118
40,44,640,704,656,720,-30.0,50.0,-1887.0,-1807.0,1,444,113664.0,204.0,10.2799,0.0217,142.2565,149.0,61.0,88.0,8.0,2.0,0.0,2.0,78,33
41,44,656,704,672,720,50.0,130.0,-1887.0,-1807.0,1,443,113408.0,201.0,10.2605,0.0214,142.245,0.0,0.0,0.0,0.0,0.0,0.0,0.0,0,0
42,44,672,704,688,720,130.0,210.0,-1887.0,-1807.0,1,442,113152.0,204.0,10.2702,0.0212,138.1305,0.0,0.0,0.0,0.0,0.0,0.0,0.0,0,0
43,44,688,704,704,720,210.0,290.0,-1887.0,-1807.0,1,446,114176.0,206.0,10.3091,0.0209,150.8996,0.0,0.0,0.0,0.0,0.0,0.0,0.0,0,0
44,44,704,704,720,720,290.0,370.0,-1887.0,-1807.0,1,448,114688.0,212.0,10.3287,0.0206,162.0675,0.0,0.0,0.0,0.0,0.0,0.0,0.0,0,0
45,44,720,704,736,720,370.0,450.0,-1887.0,-1807.0,1,446,114176.0,211.0,10.3091,0.0202,163.137,0.0,0.0,0.0,0.0,0.0,0.0,0.0,0,0
46,44,736,704,752,720,450.0,530.0,-1887.0,-1807.0,1,451,115456.0,217.0,10.3779,0.0199,194.3284,0.0,0.0,0.0,0.0,0.0,0.0,0.0,0,0
47,44,752,704,768,720,530.0,610.0,-1887.0,-1807.0,1,452,115712.0,224.0,10.4176,0.0195,298.067,0.0,0.0,0.0,0.0,0.0,0.0,0.0,0,0
48,44,768,704,784,720,610.0,690.0,-1887.0,-1807.0,1,461,118016.0,253.0,11.293,0.0192,912.9067,0.0,0.0,0.0,0.0,0.0,0.0,0.0,0,0
49,44,784,704,800,720,690.0,770.0,-1887.0,-1807.0,1,458,117248.0,254.0,10.8973,0.0188,610.2473,0.0,0.0,0.0,0.0,0.0,0.0,0.0,0,0
50,44,800,704,816,720,770.0,850.0,-1887.0,-1807.0,1,460,117760.0,267.0,10.9192,0.0185,797.1895,0.0,0.0,0.0,0.0,0.0,0.0,0.0,0,0
51,44,816,704,832,720,850.0,930.0,-1887.0,-1807.0,1,456,116736.0,273.0,10.9742,0.0181,978.7693,118.0,14.0,104.0,62.0,0.0,0.0,0.0,118,48
52,44,832,704,848,720,930.0,1010.0,-1887.0,-1807.0,1,415,106240.0,220.0,9.8609,0.0177,242.8825,456.0,11.0,445.0,276.0,0.0,0.0,0.0,395,133
53,44,848,704,864,720,1010.0,1090.0,-1887.0,-1807.0,1,404,103424.0,215.0,9.7987,0.0173,247.2437,207.0,5.0,202.0,147.0,0.0,0.0,0.0,110,40
15,45,240,720,256,736,-2030.0,-1950.0,-1967.0,-1887.0,1,91,23296.0,115.0,6.9429,0.0168,39.4979,69.0,65.0,4.0,0.0,0.0,0.0,0.0,18,5
16,45,256,720,272,736,-1950.0,-1870.0,-1967.0,-1887.0,1,136,34816.0,160.0,7.6342,0.0173,110.6727,45.0,38.0,7.0,4.0,1.0,1.0,0.0,28,7
17,45,272,720,288,736,-1870.0,-1790.0,-1967.0,-1887.0,1,200,51200.0,168.0,7.9696,0.0177,134.3406,70.0,55.0,15.0,27.0,0.0,0.0,0.0,74,35
18,45,288,720,304,736,-1790.0,-1710.0,-1967.0,-1887.0,1,223,57088.0,168.0,8.1,0.0181,136.7025,32929.0,32921.0,8.0,727.0,4.0,4.0,0.0,681,259
19,45,304,720,320,736,-1710.0,-1630.0,-1967.0,-1887.0,1,282,72192.0,230.0,8.4785,0.0184,216.7914,512.0,504.0,8.0,461.0,1.0,1.0,0.0,608,187
20,45,320,720,336,736,-1630.0,-1550.0,-1967.0,-1887.0,1,291,74496.0,224.0,8.5183,0.0187,205.0255,199.0,195.0,4.0,102.0,0.0,0.0,0.0,288,111
21,45,336,720,352,736,-1550.0,-1470.0,-1967.0,-1887.0,1,283,72448.0,219.0,8.2661,0.0189,169.6721,265.0,243.0,22.0,19.0,0.0,0.0,0.0,348,112
22,45,352,720,368,736,-1470.0,-1390.0,-1967.0,-1887.0,1,191,48896.0,164.0,7.513,0.0189,73.8133,52.0,51.0,1.0,0.0,0.0,0.0,0.0,24,9
30,45,480,720,496,736,-830.0,-750.0,-1967.0,-1887.0,1,436,111616.0,220.0,10.7044,0.0217,345.8215,274.0,165.0,109.0,75.0,4.0,2.0,2.0,241,89
31,45,496,720,512,736,-750.0,-670.0,-1967.0,-1887.0,1,456,116736.0,228.0,10.9631,0.022,376.657,209.0,166.0,43.0,117.0,0.0,0.0,0.0,254,94
32,45,512,720,528,736,-670.0,-590.0,-1967.0,-1887.0,1,478,122368.0,242.0,11.293,0.0221,456.6873,95.0,42.0,53.0,9.0,1.0,1.0,0.0,104,43
33,45,528,720,544,736,-590.0,-510.0,-1967.0,-1887.0,1,538,137728.0,329.0,12.15,0.0222,1071.7218,214.0,61.0,153.0,10.0,2.0,1.0,1.0,195,70
34,45,544,720,560,736,-510.0,-430.0,-1967.0,-1887.0,1,603,154368.0,335.0,13.132,0.0222,1533.6475,252.0,72.0,180.0,0.0,1.0,0.0,1.0,238,76
35,45,560,720,576,736,-430.0,-350.0,-1967.0,-1887.0,1,602,154112.0,338.0,13.1162,0.0221,1434.426,177.0,57.0,120.0,7.0,1.0,0.0,1.0,175,62
36,45,576,720,592,736,-350.0,-270.0,-1967.0,-1887.0,1,581,148736.0,335.0,12.8075,0.022,1233.557,126.0,62.0,64.0,27.0,0.0,0.0,0.0,149,53
37,45,592,720,608,736,-270.0,-190.0,-1967.0,-1887.0,1,532,136192.0,323.0,12.096,0.0219,967.3726,182.0,123.0,59.0,65.0,1.0,0.0,1.0,162,66
38,45,608,720,624,736,-190.0,-110.0,-1967.0,-1887.0,1,471,120576.0,270.0,11.1541,0.0217,361.6118,374.0,259.0,115.0,110.0,1.0,1.0,0.0,349,101
39,45,624,720,640,736,-110.0,-30.0,-1967.0,-1887.0,1,452,115712.0,224.0,10.7467,0.0215,222.4746,1092.0,943.0,149.0,178.0,5.0,3.0,2.0,560,125
40,45,640,720,656,736,-30.0,50.0,-1967.0,-1887.0,1,446,114176.0,207.0,10.3091,0.0213,149.611,897.0,734.0,163.0,172.0,2.0,1.0,1.0,381,96
41,45,656,720,672,736,50.0,130.0,-1967.0,-1887.0,1,450,115200.0,211.0,10.368,0.0211,154.4567,2622.0,2277.0,345.0,133.0,12.0,10.0,2.0,644,100
42,45,672,720,688,736,130.0,210.0,-1967.0,-1887.0,1,448,114688.0,213.0,10.3385,0.0208,150.7139,2320.0,2167.0,153.0,217.0,7.0,5.0,2.0,433,85
43,45,688,720,704,736,210.0,290.0,-1967.0,-1887.0,1,447,114432.0,214.0,10.3189,0.0205,151.3113,156.0,0.0,156.0,0.0,0.0,0.0,0.0,12,2
44,45,704,720,720,736,290.0,370.0,-1967.0,-1887.0,1,450,115200.0,215.0,10.3483,0.0202,165.5145,179.0,131.0,48.0,0.0,0.0,0.0,0.0,14,6
45,45,720,720,736,736,370.0,450.0,-1967.0,-1887.0,1,451,115456.0,214.0,10.3581,0.0199,174.3844,7.0,3.0,4.0,1.0,0.0,0.0,0.0,6,3
46,45,736,720,752,736,450.0,530.0,-1967.0,-1887.0,1,456,116736.0,218.0,10.4276,0.0196,206.9248,218.0,52.0,166.0,0.0,0.0,0.0,0.0,12,4
47,45,752,720,768,736,530.0,610.0,-1967.0,-1887.0,1,454,116224.0,227.0,10.4778,0.0192,333.2031,204.0,9.0,195.0,0.0,0.0,0.0,0.0,16,7
48,45,768,720,784,736,610.0,690.0,-1967.0,-1887.0,1,464,118784.0,250.0,11.086,0.0188,1041.7099,0.0,0.0,0.0,0.0,0.0,0.0,0.0,0,0
49,45,784,720,800,736,690.0,770.0,-1967.0,-1887.0,1,465,119040.0,263.0,11.0075,0.0185,750.8871,0.0,0.0,0.0,0.0,0.0,0.0,0.0,0,0
50,45,800,720,816,736,770.0,850.0,-1967.0,-1887.0,1,468,119808.0,273.0,11.0298,0.0181,940.7473,0.0,0.0,0.0,0.0,0.0,0.0,0.0,0,0
51,45,816,720,832,736,850.0,930.0,-1967.0,-1887.0,1,455,116480.0,280.0,11.0186,0.0178,1050.3106,311.0,22.0,289.0,182.0,0.0,0.0,0.0,250,87
52,45,832,720,848,736,930.0,1010.0,-1967.0,-1887.0,1,417,106752.0,213.0,9.8877,0.0174,174.0022,340.0,8.0,332.0,196.0,0.0,0.0,0.0,306,108
53,45,848,720,864,736,1010.0,1090.0,-1967.0,-1887.0,1,411,105216.0,216.0,9.8698,0.017,243.8039,145.0,3.0,142.0,97.0,0.0,0.0,0.0,116,51
15,46,240,736,256,752,-2030.0,-1950.0,-2047.0,-1967.0,1,96,24576.0,103.0,6.7617,0.0166,14.9617,51.0,51.0,0.0,0.0,0.0,0.0,0.0,11,4
16,46,256,736,272,752,-1950.0,-1870.0,-2047.0,-1967.0,1,130,33280.0,114.0,6.9384,0.017,23.1926,55.0,53.0,2.0,0.0,0.0,0.0,0.0,24,5
17,46,272,736,288,752,-1870.0,-1790.0,-2047.0,-1967.0,1,189,48384.0,166.0,7.9116,0.0174,112.3227,213.0,203.0,10.0,0.0,0.0,0.0,0.0,41,14
18,46,288,736,304,752,-1790.0,-1710.0,-2047.0,-1967.0,1,230,58880.0,189.0,8.1607,0.0177,200.1295,32587.0,32539.0,48.0,438.0,4.0,4.0,0.0,332,259
19,46,304,736,320,752,-1710.0,-1630.0,-2047.0,-1967.0,1,284,72704.0,235.0,8.505,0.018,273.5709,32747.0,32739.0,8.0,639.0,4.0,4.0,0.0,676,259
20,46,320,736,336,752,-1630.0,-1550.0,-2047.0,-1967.0,1,287,73472.0,228.0,8.5117,0.0183,238.822,334.0,323.0,11.0,246.0,0.0,0.0,0.0,560,172
21,46,336,736,352,752,-1550.0,-1470.0,-2047.0,-1967.0,1,259,66304.0,223.0,8.3102,0.0185,178.2347,339.0,315.0,24.0,60.0,1.0,1.0,0.0,454,140
22,46,352,736,368,752,-1470.0,-1390.0,-2047.0,-1967.0,1,187,47872.0,155.0,7.431,0.0186,74.0901,30.0,25.0,5.0,0.0,0.0,0.0,0.0,26,10
30,46,480,736,496,752,-830.0,-750.0,-2047.0,-1967.0,1,436,111616.0,221.0,10.7044,0.0212,330.2454,289.0,224.0,65.0,104.0,1.0,1.0,0.0,278,96
31,46,496,736,512,752,-750.0,-670.0,-2047.0,-1967.0,1,458,117248.0,228.0,10.9853,0.0214,378.2588,256.0,203.0,53.0,140.0,2.0,1.0,1.0,288,108
32,46,512,736,528,752,-670.0,-590.0,-2047.0,-1967.0,1,480,122880.0,240.0,11.34,0.0216,445.3302,114.0,17.0,97.0,6.0,1.0,0.0,1.0,56,22
33,46,528,736,544,752,-590.0,-510.0,-2047.0,-1967.0,1,500,128000.0,259.0,11.6308,0.0216,569.8107,217.0,13.0,204.0,0.0,0.0,0.0,0.0,61,25
34,46,544,736,560,752,-510.0,-430.0,-2047.0,-1967.0,1,568,145408.0,338.0,12.6146,0.0216,1326.0355,548.0,102.0,446.0,8.0,2.0,0.0,2.0,185,72
35,46,560,736,576,752,-430.0,-350.0,-2047.0,-1967.0,1,613,156928.0,345.0,13.3086,0.0216,1714.7906,267.0,120.0,147.0,52.0,1.0,1.0,0.0,211,70
36,46,576,736,592,752,-350.0,-270.0,-2047.0,-1967.0,1,604,154624.0,347.0,13.1637,0.0215,1572.8037,219.0,120.0,99.0,78.0,0.0,0.0,0.0,152,61
37,46,592,736,608,752,-270.0,-190.0,-2047.0,-1967.0,1,564,144384.0,340.0,12.5564,0.0213,1167.8398,354.0,113.0,241.0,45.0,4.0,2.0,2.0,174,63
38,46,608,736,624,752,-190.0,-110.0,-2047.0,-1967.0,1,515,131840.0,333.0,11.8718,0.0212,805.0986,518.0,263.0,255.0,162.0,0.0,0.0,0.0,453,117
39,46,624,736,640,752,-110.0,-30.0,-2047.0,-1967.0,1,470,120320.0,270.0,11.1313,0.0211,357.8897,431.0,257.0,174.0,98.0,3.0,0.0,3.0,374,109
40,46,640,736,656,752,-30.0,50.0,-2047.0,-1967.0,1,458,117248.0,235.0,10.9521,0.0209,230.2009,589.0,445.0,144.0,160.0,3.0,1.0,2.0,445,122
41,46,656,736,672,752,50.0,130.0,-2047.0,-1967.0,1,451,115456.0,217.0,10.8755,0.0207,203.1755,1045.0,880.0,165.0,210.0,8.0,6.0,2.0,736,124
42,46,672,736,688,752,130.0,210.0,-2047.0,-1967.0,1,452,115712.0,215.0,10.3878,0.0204,159.5737,976.0,899.0,77.0,270.0,2.0,1.0,1.0,378,83
43,46,688,736,704,752,210.0,290.0,-2047.0,-1967.0,1,453,115968.0,215.0,10.3878,0.0202,171.7157,83.0,3.0,80.0,4.0,0.0,0.0,0.0,64,3
44,46,704,736,720,752,290.0,370.0,-2047.0,-1967.0,1,454,116224.0,214.0,10.3878,0.0199,176.7983,213.0,10.0,203.0,5.0,0.0,0.0,0.0,98,12
45,46,720,736,736,752,370.0,450.0,-2047.0,-1967.0,1,456,116736.0,218.0,10.4276,0.0196,198.9029,233.0,8.0,225.0,17.0,0.0,0.0,0.0,96,22
46,46,736,736,752,752,450.0,530.0,-2047.0,-1967.0,1,453,115968.0,221.0,10.4077,0.0192,210.1133,274.0,32.0,242.0,44.0,1.0,0.0,1.0,167,45
47,46,752,736,768,752,530.0,610.0,-2047.0,-1967.0,1,460,117760.0,230.0,10.5591,0.0189,345.931,297.0,77.0,220.0,44.0,0.0,0.0,0.0,157,48
48,46,768,736,784,752,610.0,690.0,-2047.0,-1967.0,1,464,118784.0,251.0,11.1655,0.0185,776.8525,165.0,11.0,154.0,67.0,0.0,0.0,0.0,138,56
49,46,784,736,800,752,690.0,770.0,-2047.0,-1967.0,1,467,119552.0,273.0,11.4113,0.0182,1160.2825,232.0,11.0,221.0,112.0,0.0,0.0,0.0,208,83
50,46,800,736,816,752,770.0,850.0,-2047.0,-1967.0,1,463,118528.0,271.0,11.0075,0.0178,1018.0423,339.0,18.0,321.0,163.0,0.0,0.0,0.0,276,102
51,46,816,736,832,752,850.0,930.0,-2047.0,-1967.0,1,454,116224.0,284.0,11.041,0.0175,1114.5655,447.0,43.0,404.0,237.0,0.0,0.0,0.0,350,119
52,46,832,736,848,752,930.0,1010.0,-2047.0,-1967.0,1,425,108800.0,220.0,9.9875,0.0171,223.4666,185.0,10.0,175.0,111.0,0.0,0.0,0.0,168,69
53,46,848,736,864,752,1010.0,1090.0,-2047.0,-1967.0,1,419,107264.0,222.0,9.9057,0.0167,264.3705,86.0,0.0,86.0,62.0,0.0,0.0,0.0,56,24
19,47,304,752,320,768,-1710.0,-1630.0,-2127.0,-2047.0,1,291,74496.0,241.0,8.5585,0.0177,373.0628,203.0,191.0,12.0,116.0,0.0,0.0,0.0,274,109
20,47,320,752,336,768,-1630.0,-1550.0,-2127.0,-2047.0,1,285,72960.0,236.0,8.5183,0.018,299.076,512.0,499.0,13.0,404.0,2.0,1.0,1.0,780,218
21,47,336,752,352,768,-1550.0,-1470.0,-2127.0,-2047.0,1,247,63232.0,228.0,8.2535,0.0182,224.3615,511.0,480.0,31.0,181.0,1.0,1.0,0.0,702,194
22,47,352,752,368,768,-1470.0,-1390.0,-2127.0,-2047.0,1,187,47872.0,157.0,7.5027,0.0183,88.916,111.0,88.0,23.0,2.0,0.0,0.0,0.0,128,46
30,47,480,752,496,768,-830.0,-750.0,-2127.0,-2047.0,1,445,113920.0,225.0,10.8215,0.0206,346.1231,1020.0,912.0,108.0,355.0,8.0,8.0,0.0,516,134
31,47,496,752,512,768,-750.0,-670.0,-2127.0,-2047.0,1,469,120064.0,232.0,11.1313,0.0208,411.701,1400.0,1331.0,69.0,610.0,3.0,3.0,0.0,638,138
32,47,512,752,528,768,-670.0,-590.0,-2127.0,-2047.0,1,484,123904.0,243.0,11.3994,0.021,468.7465,26.0,12.0,14.0,0.0,0.0,0.0,0.0,20,2
33,47,528,752,544,768,-590.0,-510.0,-2127.0,-2047.0,1,498,127488.0,247.0,11.606,0.021,531.2724,144.0,50.0,94.0,38.0,0.0,0.0,0.0,59,23
34,47,544,752,560,768,-510.0,-430.0,-2127.0,-2047.0,1,532,136192.0,296.0,12.1095,0.0211,943.8135,265.0,152.0,113.0,54.0,2.0,1.0,1.0,236,79
35,47,560,752,576,768,-430.0,-350.0,-2127.0,-2047.0,1,588,150528.0,354.0,12.9139,0.021,1568.0937,339.0,260.0,79.0,73.0,2.0,1.0,1.0,211,66
36,47,576,752,592,768,-350.0,-270.0,-2127.0,-2047.0,1,626,160256.0,360.0,13.5235,0.0209,1924.6417,132.0,115.0,17.0,22.0,0.0,0.0,0.0,60,21
37,47,592,752,608,768,-270.0,-190.0,-2127.0,-2047.0,1,600,153600.0,354.0,13.1004,0.0208,1604.38,166.0,85.0,81.0,40.0,0.0,0.0,0.0,187,70
38,47,608,752,624,768,-190.0,-110.0,-2127.0,-2047.0,1,548,140288.0,348.0,12.3289,0.0207,1165.0291,924.0,494.0,430.0,304.0,5.0,0.0,5.0,692,154
39,47,624,752,640,768,-110.0,-30.0,-2127.0,-2047.0,1,489,125184.0,293.0,11.3875,0.0206,498.3832,448.0,345.0,103.0,173.0,0.0,0.0,0.0,451,131
40,47,640,752,656,768,-30.0,50.0,-2127.0,-2047.0,1,472,120832.0,262.0,11.1427,0.0204,365.6278,679.0,547.0,132.0,127.0,6.0,4.0,2.0,445,126
41,47,656,752,672,768,50.0,130.0,-2127.0,-2047.0,1,460,117760.0,242.0,11.0075,0.0202,257.2318,816.0,584.0,232.0,41.0,7.0,2.0,5.0,446,108
42,47,672,752,688,768,130.0,210.0,-2127.0,-2047.0,1,460,117760.0,231.0,10.9742,0.02,283.3418,1027.0,970.0,57.0,57.0,1.0,1.0,0.0,118,36
43,47,688,752,704,768,210.0,290.0,-2127.0,-2047.0,1,456,116736.0,217.0,10.4276,0.0198,192.1325,20.0,3.0,17.0,0.0,0.0,0.0,0.0,10,4
44,47,704,752,720,768,290.0,370.0,-2127.0,-2047.0,1,455,116480.0,220.0,10.4276,0.0195,194.3435,153.0,18.0,135.0,4.0,0.0,0.0,0.0,94,39
45,47,720,752,736,768,370.0,450.0,-2127.0,-2047.0,1,456,116736.0,219.0,10.4376,0.0192,208.0171,276.0,21.0,255.0,22.0,0.0,0.0,0.0,150,57
46,47,736,752,752,768,450.0,530.0,-2127.0,-2047.0,1,457,116992.0,224.0,10.498,0.0189,284.8175,163.0,12.0,151.0,20.0,0.0,0.0,0.0,146,57
47,47,752,752,768,768,530.0,610.0,-2127.0,-2047.0,1,459,117504.0,227.0,10.5488,0.0185,291.5433,276.0,16.0,260.0,68.0,0.0,0.0,0.0,218,79
48,47,768,752,784,768,610.0,690.0,-2127.0,-2047.0,1,464,118784.0,257.0,11.3164,0.0182,1041.831,302.0,18.0,284.0,90.0,0.0,0.0,0.0,212,81
49,47,784,752,800,768,690.0,770.0,-2127.0,-2047.0,1,467,119552.0,272.0,11.4113,0.0178,1089.1866,295.0,18.0,277.0,120.0,0.0,0.0,0.0,268,93
50,47,800,752,816,768,770.0,850.0,-2127.0,-2047.0,1,467,119552.0,278.0,11.0973,0.0175,1145.3855,211.0,10.0,201.0,110.0,0.0,0.0,0.0,166,67
51,47,816,752,832,768,850.0,930.0,-2127.0,-2047.0,1,445,113920.0,271.0,10.9631,0.0171,1056.256,116.0,6.0,110.0,45.0,0.0,0.0,0.0,114,48
52,47,832,752,848,768,930.0,1010.0,-2127.0,-2047.0,1,422,108032.0,218.0,9.9692,0.0168,250.9206,281.0,11.0,270.0,149.0,0.0,0.0,0.0,166,59
53,47,848,752,864,768,1010.0,1090.0,-2127.0,-2047.0,1,417,106752.0,211.0,9.8877,0.0164,182.8605,287.0,0.0,287.0,80.0,0.0,0.0,0.0,23,8
19,48,304,768,320,784,-1710.0,-1630.0,-2207.0,-2127.0,1,295,75520.0,262.0,8.6332,0.0174,452.2311,102.0,92.0,10.0,24.0,4.0,4.0,0.0,68,29
20,48,320,768,336,784,-1630.0,-1550.0,-2207.0,-2127.0,1,292,74752.0,253.0,8.572,0.0177,461.8413,228.0,222.0,6.0,124.0,1.0,1.0,0.0,309,119
21,48,336,768,352,784,-1550.0,-1470.0,-2207.0,-2127.0,1,250,64000.0,244.0,8.2912,0.0179,368.381,719.0,696.0,23.0,487.0,1.0,1.0,0.0,983,238
22,48,352,768,368,784,-1470.0,-1390.0,-2207.0,-2127.0,1,197,50432.0,177.0,7.9231,0.0181,234.5611,826.0,702.0,124.0,158.0,1.0,1.0,0.0,719,176
30,48,480,768,496,784,-830.0,-750.0,-2207.0,-2127.0,1,455,116480.0,232.0,10.9411,0.0201,352.7114,582.0,507.0,75.0,329.0,1.0,0.0,1.0,577,162
31,48,496,768,512,784,-750.0,-670.0,-2207.0,-2127.0,1,479,122624.0,248.0,11.3994,0.0203,441.8825,3154.0,3091.0,63.0,822.0,12.0,10.0,2.0,771,172
32,48,512,768,528,784,-670.0,-590.0,-2207.0,-2127.0,1,495,126720.0,252.0,11.606,0.0204,508.0218,652.0,223.0,429.0,87.0,2.0,1.0,1.0,360,107
33,48,528,768,544,784,-590.0,-510.0,-2207.0,-2127.0,1,510,130560.0,259.0,11.8074,0.0205,581.7435,368.0,197.0,171.0,89.0,2.0,2.0,0.0,347,96
34,48,544,768,560,784,-510.0,-430.0,-2207.0,-2127.0,1,530,135680.0,271.0,12.0826,0.0205,753.9742,308.0,235.0,73.0,120.0,1.0,1.0,0.0,352,113
35,48,560,768,576,784,-430.0,-350.0,-2207.0,-2127.0,1,551,141056.0,318.0,12.3709,0.0205,1225.2846,585.0,498.0,87.0,176.0,1.0,1.0,0.0,520,140
36,48,576,768,592,784,-350.0,-270.0,-2207.0,-2127.0,1,604,154624.0,359.0,13.1637,0.0204,1770.2014,3169.0,2627.0,542.0,402.0,6.0,4.0,2.0,1055,175
37,48,592,768,608,784,-270.0,-190.0,-2207.0,-2127.0,1,617,157952.0,362.0,13.3904,0.0203,1946.4665,2450.0,1335.0,1115.0,383.0,7.0,2.0,5.0,1125,179
38,48,608,768,624,784,-190.0,-110.0,-2207.0,-2127.0,1,580,148480.0,356.0,12.8075,0.0202,1482.5026,784.0,367.0,417.0,138.0,9.0,1.0,8.0,676,150
39,48,624,768,640,784,-110.0,-30.0,-2207.0,-2127.0,1,538,137728.0,350.0,12.1908,0.0201,1047.5592,315.0,218.0,97.0,51.0,0.0,0.0,0.0,277,83
40,48,640,768,656,784,-30.0,50.0,-2207.0,-2127.0,1,490,125440.0,285.0,11.3994,0.0199,504.3132,676.0,416.0,260.0,56.0,2.0,0.0,2.0,366,91
41,48,656,768,672,784,50.0,130.0,-2207.0,-2127.0,1,474,121344.0,258.0,11.1655,0.0198,366.2417,642.0,119.0,523.0,3.0,8.0,1.0,7.0,385,109
42,48,672,768,688,784,130.0,210.0,-2207.0,-2127.0,1,469,120064.0,249.0,11.1086,0.0196,326.7841,0.0,0.0,0.0,0.0,0.0,0.0,0.0,0,0
43,48,688,768,704,784,210.0,290.0,-2207.0,-2127.0,1,463,118528.0,238.0,10.8973,0.0193,301.9738,58.0,3.0,55.0,0.0,0.0,0.0,0.0,26,12
44,48,704,768,720,784,290.0,370.0,-2207.0,-2127.0,1,460,117760.0,221.0,10.4879,0.0191,218.6937,638.0,135.0,503.0,31.0,0.0,0.0,0.0,201,63
45,48,720,768,736,784,370.0,450.0,-2207.0,-2127.0,1,461,118016.0,222.0,10.498,0.0188,242.5141,45.0,3.0,42.0,4.0,0.0,0.0,0.0,20,9
46,48,736,768,752,784,450.0,530.0,-2207.0,-2127.0,1,463,118528.0,233.0,10.6002,0.0185,373.5011,570.0,116.0,454.0,33.0,2.0,0.0,2.0,203,71
47,48,752,768,768,784,530.0,610.0,-2207.0,-2127.0,1,461,118016.0,236.0,10.6105,0.0182,347.4955,331.0,6.0,325.0,19.0,0.0,0.0,0.0,136,47
48,48,768,768,784,784,610.0,690.0,-2207.0,-2127.0,1,464,118784.0,258.0,11.3164,0.0178,827.3838,162.0,1.0,161.0,50.0,0.0,0.0,0.0,112,40
49,48,784,768,800,784,690.0,770.0,-2207.0,-2127.0,1,468,119808.0,274.0,11.177,0.0175,1403.1186,357.0,2.0,355.0,37.0,0.0,0.0,0.0,134,48
50,48,800,768,816,784,770.0,850.0,-2207.0,-2127.0,1,456,116736.0,268.0,10.9853,0.0171,954.0313,161.0,2.0,159.0,18.0,0.0,0.0,0.0,80,20
51,48,816,768,832,784,850.0,930.0,-2207.0,-2127.0,1,444,113664.0,272.0,10.9521,0.0168,1116.014,289.0,109.0,180.0,48.0,0.0,0.0,0.0,115,42
52,48,832,768,848,784,930.0,1010.0,-2207.0,-2127.0,1,426,109056.0,224.0,10.0336,0.0165,295.6039,307.0,2.0,305.0,137.0,1.0,0.0,1.0,146,45
53,48,848,768,864,784,1010.0,1090.0,-2207.0,-2127.0,1,420,107520.0,218.0,9.9419,0.0161,224.61,144.0,76.0,68.0,14.0,0.0,0.0,0.0,34,11
20,49,320,784,336,800,-1630.0,-1550.0,-2287.0,-2207.0,1,351,89856.0,302.0,9.6682,0.0173,856.9065,57.0,45.0,12.0,15.0,0.0,0.0,0.0,70,30
21,49,336,784,352,800,-1550.0,-1470.0,-2287.0,-2207.0,1,326,83456.0,305.0,9.4582,0.0176,869.6719,177.0,160.0,17.0,97.0,2.0,0.0,2.0,253,97
22,49,352,784,368,800,-1470.0,-1390.0,-2287.0,-2207.0,1,301,77056.0,248.0,9.218,0.0178,853.4633,1276.0,1072.0,204.0,518.0,8.0,6.0,2.0,1403,245
23,49,368,784,384,800,-1390.0,-1310.0,-2287.0,-2207.0,1,175,44800.0,145.0,7.1574,0.0179,140.764,695.0,628.0,67.0,375.0,0.0,0.0,0.0,997,234
24,49,384,784,400,800,-1310.0,-1230.0,-2287.0,-2207.0,1,150,38400.0,129.0,6.9919,0.0179,22.6463,345.0,231.0,114.0,78.0,1.0,0.0,1.0,379,123
25,49,400,784,416,800,-1230.0,-1150.0,-2287.0,-2207.0,1,154,39424.0,121.0,7.0099,0.0179,5.8057,395.0,189.0,206.0,7.0,2.0,1.0,1.0,233,73
26,49,416,784,432,800,-1150.0,-1070.0,-2287.0,-2207.0,1,165,42240.0,122.0,7.0829,0.0181,4.8249,457.0,318.0,139.0,1.0,0.0,0.0,0.0,247,63
27,49,432,784,448,800,-1070.0,-990.0,-2287.0,-2207.0,1,188,48128.0,123.0,7.1905,0.0183,4.8468,1015.0,692.0,323.0,0.0,1.0,0.0,1.0,223,51
28,49,448,784,464,800,-990.0,-910.0,-2287.0,-2207.0,1,269,68864.0,150.0,8.2912,0.0187,23.0449,0.0,0.0,0.0,0.0,0.0,0.0,0.0,0,0
29,49,464,784,480,800,-910.0,-830.0,-2287.0,-2207.0,1,371,94976.0,162.0,9.11,0.0193,49.7001,1336.0,582.0,754.0,119.0,2.0,2.0,0.0,720,124
30,49,480,784,496,800,-830.0,-750.0,-2287.0,-2207.0,1,478,122368.0,247.0,11.3637,0.0195,441.9495,2374.0,2070.0,304.0,739.0,6.0,2.0,4.0,1170,226
31,49,496,784,512,800,-750.0,-670.0,-2287.0,-2207.0,1,492,125952.0,250.0,11.5567,0.0197,499.1201,441.0,325.0,116.0,166.0,2.0,0.0,2.0,518,148
32,49,512,784,528,800,-670.0,-590.0,-2287.0,-2207.0,1,503,128768.0,256.0,11.7058,0.0198,550.1641,582.0,455.0,127.0,215.0,3.0,2.0,1.0,611,159
33,49,528,784,544,800,-590.0,-510.0,-2287.0,-2207.0,1,513,131328.0,258.0,11.8459,0.0199,603.61,549.0,407.0,142.0,195.0,2.0,0.0,2.0,576,151
34,49,544,784,560,800,-510.0,-430.0,-2287.0,-2207.0,1,527,134912.0,262.0,12.0425,0.0199,704.2861,799.0,690.0,109.0,210.0,3.0,2.0,1.0,578,143
35,49,560,784,576,800,-430.0,-350.0,-2287.0,-2207.0,1,539,137984.0,278.0,12.2045,0.0199,846.6127,776.0,658.0,118.0,231.0,3.0,2.0,1.0,628,145
36,49,576,784,592,800,-350.0,-270.0,-2287.0,-2207.0,1,569,145664.0,340.0,12.6439,0.0198,1371.4744,376.0,295.0,81.0,66.0,1.0,0.0,1.0,336,95
37,49,592,784,608,800,-270.0,-190.0,-2287.0,-2207.0,1,606,155136.0,364.0,13.2117,0.0198,1857.0099,163.0,37.0,126.0,3.0,0.0,0.0,0.0,104,40
38,49,608,784,624,800,-190.0,-110.0,-2287.0,-2207.0,1,601,153856.0,361.0,13.132,0.0197,1789.1501,404.0,31.0,373.0,2.0,0.0,0.0,0.0,217,49
39,49,624,784,640,800,-110.0,-30.0,-2287.0,-2207.0,1,557,142592.0,357.0,12.4701,0.0196,1397.8705,0.0,0.0,0.0,0.0,0.0,0.0,0.0,0,0
40,49,640,784,656,800,-30.0,50.0,-2287.0,-2207.0,1,507,129792.0,316.0,11.7818,0.0194,785.0728,983.0,148.0,835.0,24.0,2.0,0.0,2.0,490,103
41,49,656,784,672,800,50.0,130.0,-2287.0,-2207.0,1,483,123648.0,280.0,11.293,0.0193,505.1691,1095.0,131.0,964.0,26.0,7.0,1.0,6.0,594,124
42,49,672,784,688,800,130.0,210.0,-2287.0,-2207.0,1,472,120832.0,258.0,11.1427,0.0191,388.5065,221.0,30.0,191.0,6.0,0.0,0.0,0.0,158,45
43,49,688,784,704,800,210.0,290.0,-2287.0,-2207.0,1,468,119808.0,254.0,11.1199,0.0189,361.358,353.0,42.0,311.0,7.0,0.0,0.0,0.0,233,64
44,49,704,784,720,800,290.0,370.0,-2287.0,-2207.0,1,460,117760.0,242.0,10.9964,0.0186,306.6836,471.0,86.0,385.0,21.0,0.0,0.0,0.0,363,91
45,49,720,784,736,800,370.0,450.0,-2287.0,-2207.0,1,459,117504.0,242.0,11.0522,0.0184,418.3184,334.0,25.0,309.0,32.0,0.0,0.0,0.0,258,87
46,49,736,784,752,800,450.0,530.0,-2287.0,-2207.0,1,459,117504.0,230.0,10.5488,0.0181,314.8584,375.0,17.0,358.0,33.0,0.0,0.0,0.0,328,101
47,49,752,784,768,800,530.0,610.0,-2287.0,-2207.0,1,457,116992.0,238.0,10.6105,0.0178,378.2765,843.0,2.0,841.0,38.0,0.0,0.0,0.0,208,67
48,49,768,784,784,800,610.0,690.0,-2287.0,-2207.0,1,463,118528.0,256.0,10.9631,0.0175,817.986,239.0,5.0,234.0,53.0,0.0,0.0,0.0,170,64
49,49,784,784,800,800,690.0,770.0,-2287.0,-2207.0,1,459,117504.0,266.0,11.1885,0.0171,1115.0866,116.0,12.0,104.0,11.0,0.0,0.0,0.0,84,33
50,49,800,784,816,800,770.0,850.0,-2287.0,-2207.0,1,451,115456.0,273.0,10.9742,0.0168,997.7242,127.0,13.0,114.0,25.0,0.0,0.0,0.0,84,30
51,49,816,784,832,800,850.0,930.0,-2287.0,-2207.0,1,435,111360.0,245.0,10.8,0.0165,864.7418,73.0,12.0,61.0,14.0,0.0,0.0,0.0,61,28
52,49,832,784,848,800,930.0,1010.0,-2287.0,-2207.0,1,422,108032.0,222.0,10.0336,0.0162,312.5861,112.0,0.0,112.0,62.0,1.0,0.0,1.0,56,25
53,49,848,784,864,800,1010.0,1090.0,-2287.0,-2207.0,1,421,107776.0,218.0,9.9601,0.0158,249.0008,22.0,0.0,22.0,20.0,0.0,0.0,0.0,8,4
20,50,320,800,336,816,-1630.0,-1550.0,-2367.0,-2287.0,1,364,93184.0,305.0,9.8342,0.0169,935.7189,25.0,18.0,7.0,3.0,0.0,0.0,0.0,28,12
21,50,336,800,352,816,-1550.0,-1470.0,-2367.0,-2287.0,1,351,89856.0,299.0,9.7287,0.0172,995.1233,173.0,55.0,118.0,11.0,0.0,0.0,0.0,80,32
22,50,352,800,368,816,-1470.0,-1390.0,-2367.0,-2287.0,1,338,86528.0,253.0,9.5747,0.0174,1023.2307,204.0,159.0,45.0,45.0,3.0,1.0,2.0,224,82
23,50,368,800,384,816,-1390.0,-1310.0,-2367.0,-2287.0,1,237,60672.0,173.0,7.7263,0.0175,240.2723,543.0,479.0,64.0,221.0,2.0,1.0,1.0,723,176
24,50,384,800,400,816,-1310.0,-1230.0,-2367.0,-2287.0,1,230,58880.0,150.0,7.5286,0.0177,155.7965,800.0,724.0,76.0,447.0,1.0,0.0,1.0,1015,235
25,50,400,800,416,816,-1230.0,-1150.0,-2367.0,-2287.0,1,240,61440.0,152.0,7.6235,0.0178,117.1013,798.0,729.0,69.0,409.0,1.0,1.0,0.0,939,231
26,50,416,800,432,816,-1150.0,-1070.0,-2367.0,-2287.0,1,275,70400.0,164.0,8.4195,0.018,81.1534,770.0,722.0,48.0,285.0,1.0,1.0,0.0,773,194
27,50,432,800,448,816,-1070.0,-990.0,-2367.0,-2287.0,1,333,85248.0,160.0,8.8724,0.0182,61.0847,1093.0,860.0,233.0,187.0,6.0,5.0,1.0,825,172
28,50,448,800,464,816,-990.0,-910.0,-2367.0,-2287.0,1,364,93184.0,162.0,9.11,0.0185,71.1386,1119.0,948.0,171.0,320.0,3.0,2.0,1.0,1181,210
29,50,464,800,480,816,-910.0,-830.0,-2367.0,-2287.0,1,401,102656.0,204.0,9.6596,0.0188,194.0163,1786.0,1335.0,451.0,668.0,6.0,2.0,4.0,1645,243
30,50,480,800,496,816,-830.0,-750.0,-2367.0,-2287.0,1,482,123392.0,253.0,11.4113,0.019,464.9883,576.0,514.0,62.0,357.0,1.0,0.0,1.0,727,209
31,50,496,800,512,816,-750.0,-670.0,-2367.0,-2287.0,1,497,127232.0,254.0,11.6184,0.0191,526.6543,322.0,274.0,48.0,154.0,3.0,2.0,1.0,392,125
32,50,512,800,528,816,-670.0,-590.0,-2367.0,-2287.0,1,505,129280.0,259.0,11.731,0.0193,569.5841,404.0,298.0,106.0,120.0,2.0,2.0,0.0,420,120
33,50,528,800,544,816,-590.0,-510.0,-2367.0,-2287.0,1,513,131328.0,261.0,11.8459,0.0193,601.5066,401.0,327.0,74.0,107.0,2.0,2.0,0.0,395,104
34,50,544,800,560,816,-510.0,-430.0,-2367.0,-2287.0,1,529,135424.0,263.0,12.0692,0.0193,713.0224,554.0,527.0,27.0,78.0,1.0,1.0,0.0,312,86
35,50,560,800,576,816,-430.0,-350.0,-2367.0,-2287.0,1,533,136448.0,266.0,12.1365,0.0193,805.5708,144.0,140.0,4.0,22.0,1.0,1.0,0.0,123,45
36,50,576,800,592,816,-350.0,-270.0,-2367.0,-2287.0,1,544,139264.0,287.0,12.2871,0.0193,928.7904,17.0,3.0,14.0,0.0,0.0,0.0,0.0,11,3
37,50,592,800,608,816,-270.0,-190.0,-2367.0,-2287.0,1,574,146944.0,355.0,12.7178,0.0192,1539.1304,78.0,26.0,52.0,0.0,1.0,0.0,1.0,64,19
38,50,608,800,624,816,-190.0,-110.0,-2367.0,-2287.0,1,590,151040.0,362.0,12.96,0.0192,1798.6008,412.0,34.0,378.0,3.0,0.0,0.0,0.0,152,28
39,50,624,800,640,816,-110.0,-30.0,-2367.0,-2287.0,1,571,146176.0,360.0,12.6733,0.0191,1612.3568,0.0,0.0,0.0,0.0,0.0,0.0,0.0,0,0
40,50,640,800,656,816,-30.0,50.0,-2367.0,-2287.0,1,540,138240.0,359.0,12.2319,0.0189,1306.4127,1531.0,507.0,1024.0,57.0,3.0,1.0,2.0,388,92
41,50,656,800,672,816,50.0,130.0,-2367.0,-2287.0,1,496,126976.0,301.0,11.6432,0.0188,741.8762,1052.0,154.0,898.0,16.0,3.0,2.0,1.0,808,132
42,50,672,800,688,816,130.0,210.0,-2367.0,-2287.0,1,477,122112.0,271.0,11.2347,0.0186,524.7208,1530.0,272.0,1258.0,40.0,8.0,1.0,7.0,911,143
43,50,688,800,704,816,210.0,290.0,-2367.0,-2287.0,1,469,120064.0,258.0,11.1313,0.0184,441.4,1564.0,367.0,1197.0,26.0,2.0,1.0,1.0,697,142
44,50,704,800,720,816,290.0,370.0,-2367.0,-2287.0,1,466,119296.0,262.0,11.1655,0.0182,507.8688,1022.0,45.0,977.0,15.0,0.0,0.0,0.0,696,126
45,50,720,800,736,816,370.0,450.0,-2367.0,-2287.0,1,462,118272.0,256.0,11.1541,0.0179,503.6003,400.0,16.0,384.0,7.0,0.0,0.0,0.0,272,92
46,50,736,800,752,816,450.0,530.0,-2367.0,-2287.0,1,458,117248.0,249.0,10.9742,0.0177,438.0285,270.0,18.0,252.0,11.0,0.0,0.0,0.0,196,68
47,50,752,800,768,816,530.0,610.0,-2367.0,-2287.0,1,452,115712.0,238.0,10.5488,0.0174,400.26,205.0,16.0,189.0,15.0,0.0,0.0,0.0,128,45
48,50,768,800,784,816,610.0,690.0,-2367.0,-2287.0,1,457,116992.0,255.0,10.9521,0.0171,832.9531,73.0,10.0,63.0,9.0,0.0,0.0,0.0,62,28
49,50,784,800,800,816,690.0,770.0,-2367.0,-2287.0,1,457,116992.0,270.0,11.2579,0.0168,1206.5871,58.0,4.0,54.0,2.0,0.0,0.0,0.0,52,22
50,50,800,800,816,816,770.0,850.0,-2367.0,-2287.0,1,449,114944.0,279.0,10.9742,0.0165,1137.7529,169.0,4.0,165.0,7.0,1.0,0.0,1.0,88,24
51,50,816,800,832,816,850.0,930.0,-2367.0,-2287.0,1,427,109312.0,233.0,10.715,0.0162,681.3182,80.0,2.0,78.0,19.0,1.0,0.0,1.0,55,19
52,50,832,800,848,816,930.0,1010.0,-2367.0,-2287.0,1,418,107008.0,213.0,9.9967,0.0158,236.1691,45.0,0.0,45.0,35.0,0.0,0.0,0.0,26,12
53,50,848,800,864,816,1010.0,1090.0,-2367.0,-2287.0,1,419,107264.0,216.0,9.9419,0.0155,228.1665,2.0,0.0,2.0,2.0,0.0,0.0,0.0,2,1
20,51,320,816,336,832,-1630.0,-1550.0,-2447.0,-2367.0,1,379,97024.0,305.0,9.9784,0.0165,1037.8545,1.0,1.0,0.0,0.0,0.0,0.0,0.0,2,1
21,51,336,816,352,832,-1550.0,-1470.0,-2447.0,-2367.0,1,367,93952.0,278.0,9.8698,0.0168,1113.2035,77.0,35.0,42.0,2.0,0.0,0.0,0.0,42,16
22,51,352,816,368,832,-1470.0,-1390.0,-2447.0,-2367.0,1,368,94208.0,256.0,9.8342,0.0169,1178.0202,176.0,133.0,43.0,9.0,3.0,1.0,2.0,106,36
23,51,368,816,384,832,-1390.0,-1310.0,-2447.0,-2367.0,1,336,86016.0,272.0,9.8609,0.0172,1166.7428,322.0,288.0,34.0,23.0,5.0,5.0,0.0,216,78
24,51,384,816,400,832,-1310.0,-1230.0,-2447.0,-2367.0,1,302,77312.0,179.0,8.6195,0.0174,465.4291,481.0,448.0,33.0,68.0,3.0,3.0,0.0,350,108
25,51,400,816,416,832,-1230.0,-1150.0,-2447.0,-2367.0,1,341,87296.0,180.0,8.9896,0.0176,437.5988,471.0,417.0,54.0,139.0,2.0,1.0,1.0,531,147
26,51,416,816,432,832,-1150.0,-1070.0,-2447.0,-2367.0,1,355,90880.0,179.0,9.0872,0.0177,321.6508,692.0,605.0,87.0,274.0,2.0,2.0,0.0,799,205
27,51,432,816,448,832,-1070.0,-990.0,-2447.0,-2367.0,1,371,94976.0,178.0,9.2258,0.0179,244.4845,1472.0,1391.0,81.0,546.0,1.0,1.0,0.0,1217,228
28,51,448,816,464,832,-990.0,-910.0,-2447.0,-2367.0,1,382,97792.0,178.0,9.3046,0.0181,156.3631,1097.0,1034.0,63.0,564.0,2.0,0.0,2.0,1134,225
29,51,464,816,480,832,-910.0,-830.0,-2447.0,-2367.0,1,427,109312.0,215.0,9.9148,0.0183,294.8343,366.0,312.0,54.0,139.0,0.0,0.0,0.0,407,132
30,51,480,816,496,832,-830.0,-750.0,-2447.0,-2367.0,1,482,123392.0,253.0,11.4113,0.0185,465.4568,226.0,193.0,33.0,47.0,5.0,4.0,1.0,229,86
31,51,496,816,512,832,-750.0,-670.0,-2447.0,-2367.0,1,493,126208.0,254.0,11.5444,0.0186,518.4836,189.0,157.0,32.0,41.0,1.0,1.0,0.0,188,72
32,51,512,816,528,832,-670.0,-590.0,-2447.0,-2367.0,1,508,130048.0,260.0,11.7564,0.0187,597.7358,386.0,344.0,42.0,56.0,3.0,3.0,0.0,246,73
33,51,528,816,544,832,-590.0,-510.0,-2447.0,-2367.0,1,513,131328.0,262.0,11.8588,0.0188,617.6131,635.0,588.0,47.0,28.0,0.0,0.0,0.0,170,60
34,51,544,816,560,832,-510.0,-430.0,-2447.0,-2367.0,1,525,134400.0,266.0,12.0159,0.0188,711.1253,28.0,28.0,0.0,2.0,0.0,0.0,0.0,28,14
35,51,560,816,576,832,-430.0,-350.0,-2447.0,-2367.0,1,527,134912.0,265.0,12.0558,0.0188,754.381,29.0,26.0,3.0,0.0,0.0,0.0,0.0,14,7
36,51,576,816,592,832,-350.0,-270.0,-2447.0,-2367.0,1,531,135936.0,278.0,12.1095,0.0187,849.6636,275.0,181.0,94.0,16.0,0.0,0.0,0.0,30,12
37,51,592,816,608,832,-270.0,-190.0,-2447.0,-2367.0,1,549,140544.0,312.0,12.3569,0.0187,1304.1277,151.0,27.0,124.0,3.0,1.0,0.0,1.0,67,17
38,51,608,816,624,832,-190.0,-110.0,-2447.0,-2367.0,1,559,143104.0,359.0,12.4987,0.0186,1550.3211,85.0,43.0,42.0,0.0,1.0,1.0,0.0,24,11
39,51,624,816,640,832,-110.0,-30.0,-2447.0,-2367.0,1,570,145920.0,366.0,12.6586,0.0185,1778.0105,0.0,0.0,0.0,0.0,0.0,0.0,0.0,0,0
40,51,640,816,656,832,-30.0,50.0,-2447.0,-2367.0,1,549,140544.0,363.0,12.3569,0.0184,1669.8132,166.0,5.0,161.0,1.0,1.0,0.0,1.0,103,32
41,51,656,816,672,832,50.0,130.0,-2447.0,-2367.0,1,509,130304.0,332.0,11.8459,0.0183,1119.4271,390.0,3.0,387.0,2.0,1.0,0.0,1.0,245,64
42,51,672,816,688,832,130.0,210.0,-2447.0,-2367.0,1,490,125440.0,301.0,11.5936,0.0181,793.2025,246.0,65.0,181.0,31.0,3.0,1.0,2.0,163,56
43,51,688,816,704,832,210.0,290.0,-2447.0,-2367.0,1,470,120320.0,269.0,11.1655,0.0179,584.5735,431.0,12.0,419.0,0.0,1.0,0.0,1.0,104,31
44,51,704,816,720,832,290.0,370.0,-2447.0,-2367.0,1,463,118528.0,265.0,11.1313,0.0177,577.0479,525.0,9.0,516.0,0.0,0.0,0.0,0.0,292,54
45,51,720,816,736,832,370.0,450.0,-2447.0,-2367.0,1,459,117504.0,264.0,11.1199,0.0175,550.92,0.0,0.0,0.0,0.0,0.0,0.0,0.0,0,0
46,51,736,816,752,832,450.0,530.0,-2447.0,-2367.0,1,457,116992.0,263.0,11.1313,0.0173,557.7147,182.0,0.0,182.0,1.0,0.0,0.0,0.0,42,10
47,51,752,816,768,832,530.0,610.0,-2447.0,-2367.0,1,455,116480.0,260.0,11.1885,0.017,588.1054,125.0,1.0,124.0,0.0,0.0,0.0,0.0,26,10
48,51,768,816,784,832,610.0,690.0,-2447.0,-2367.0,1,452,115712.0,267.0,11.4233,0.0167,985.3811,30.0,0.0,30.0,0.0,0.0,0.0,0.0,8,4
49,51,784,816,800,832,690.0,770.0,-2447.0,-2367.0,1,447,114432.0,265.0,11.1427,0.0164,1117.5437,13.0,0.0,13.0,0.0,0.0,0.0,0.0,6,3
50,51,800,816,816,832,770.0,850.0,-2447.0,-2367.0,1,441,112896.0,275.0,11.1086,0.0161,1274.7399,423.0,104.0,319.0,28.0,0.0,0.0,0.0,59,11
51,51,816,816,832,832,850.0,930.0,-2447.0,-2367.0,1,422,108032.0,224.0,10.0521,0.0158,353.0368,28.0,0.0,28.0,4.0,0.0,0.0,0.0,26,7
52,51,832,816,848,832,930.0,1010.0,-2447.0,-2367.0,1,417,106752.0,222.0,10.0521,0.0155,334.7561,0.0,0.0,0.0,0.0,0.0,0.0,0.0,0,0
53,51,848,816,864,832,1010.0,1090.0,-2447.0,-2367.0,1,417,106752.0,218.0,9.951,0.0152,272.2168,0.0,0.0,0.0,0.0,0.0,0.0,0.0,0,0
25,52,400,832,416,848,-1230.0,-1150.0,-2527.0,-2447.0,1,353,90368.0,179.0,9.0645,0.0172,597.4543,552.0,537.0,15.0,86.0,2.0,2.0,0.0,200,72
26,52,416,832,432,848,-1150.0,-1070.0,-2527.0,-2447.0,1,366,93696.0,179.0,9.1946,0.0174,474.2919,1398.0,1374.0,24.0,141.0,9.0,9.0,0.0,464,109
27,52,432,832,448,848,-1070.0,-990.0,-2527.0,-2447.0,1,373,95488.0,182.0,9.2414,0.0175,378.1684,2426.0,2379.0,47.0,329.0,10.0,8.0,2.0,1071,138
28,52,448,832,464,848,-990.0,-910.0,-2527.0,-2447.0,1,377,96512.0,189.0,9.2729,0.0177,276.1185,2524.0,2485.0,39.0,534.0,11.0,11.0,0.0,1014,110
29,52,464,832,480,848,-910.0,-830.0,-2527.0,-2447.0,1,424,108544.0,228.0,9.9238,0.0178,437.7129,459.0,406.0,53.0,6.0,2.0,1.0,1.0,236,41
30,52,480,832,496,848,-830.0,-750.0,-2527.0,-2447.0,1,461,118016.0,259.0,11.1655,0.0179,524.4843,88.0,51.0,37.0,1.0,1.0,1.0,0.0,63,20
31,52,496,832,512,848,-750.0,-670.0,-2527.0,-2447.0,1,464,118784.0,255.0,11.2,0.0181,532.6325,57.0,38.0,19.0,2.0,1.0,1.0,0.0,48,21
32,52,512,832,528,848,-670.0,-590.0,-2527.0,-2447.0,1,458,117248.0,258.0,11.1655,0.0181,558.2149,176.0,132.0,44.0,1.0,3.0,2.0,1.0,67,25
33,52,528,832,544,848,-590.0,-510.0,-2527.0,-2447.0,1,412,105472.0,250.0,10.6729,0.0182,492.9327,5.0,3.0,2.0,0.0,0.0,0.0,0.0,8,3
26,53,416,848,432,864,-1150.0,-1070.0,-2607.0,-2527.0,1,346,88576.0,179.0,9.0194,0.017,590.7932,207.0,204.0,3.0,19.0,2.0,2.0,0.0,68,28
27,53,432,848,448,864,-1070.0,-990.0,-2607.0,-2527.0,1,353,90368.0,182.0,9.072,0.0171,475.4123,754.0,718.0,36.0,48.0,5.0,5.0,0.0,486,84
28,53,448,848,464,864,-990.0,-910.0,-2607.0,-2527.0,1,354,90624.0,187.0,9.1023,0.0172,407.3104,3265.0,3195.0,70.0,175.0,4.0,4.0,0.0,1161,88
29,53,464,848,480,864,-910.0,-830.0,-2607.0,-2527.0,1,394,100864.0,227.0,9.6596,0.0173,531.3256,1124.0,1087.0,37.0,55.0,6.0,5.0,1.0,520,57
30,53,480,848,496,864,-830.0,-750.0,-2607.0,-2527.0,1,417,106752.0,258.0,10.6834,0.0174,547.8872,215.0,189.0,26.0,0.0,2.0,1.0,1.0,122,29
31,53,496,848,512,864,-750.0,-670.0,-2607.0,-2527.0,1,403,103168.0,256.0,10.5386,0.0175,604.1286,0.0,0.0,0.0,0.0,0.0,0.0,0.0,0,0
